0.000000e+00	6.675079e+00
5.859375e+00	6.260513e-01
1.171875e+01	7.351656e-01
1.757812e+01	9.801550e-01
2.343750e+01	8.370993e-01
2.929688e+01	1.052947e+00
3.515625e+01	1.005143e+00
4.101562e+01	1.230868e+00
4.687500e+01	6.570839e+00
5.273438e+01	7.781291e-01
5.859375e+01	2.488362e-01
6.445312e+01	7.219327e-01
7.031250e+01	6.505089e-01
7.617188e+01	9.125892e-01
8.203125e+01	1.018114e+00
8.789062e+01	1.443164e+00
9.375000e+01	5.815172e+00
9.960938e+01	2.259347e+00
1.054688e+02	4.253107e-01
1.113281e+02	4.174801e-01
1.171875e+02	4.200759e-01
1.230469e+02	5.976968e-01
1.289062e+02	8.105058e-01
1.347656e+02	1.248988e+00
1.406250e+02	4.646769e+00
1.464844e+02	4.127357e+00
1.523438e+02	1.093840e+00
1.582031e+02	5.324060e-01
1.640625e+02	6.087530e-01
1.699219e+02	3.409366e-01
1.757812e+02	5.498525e-01
1.816406e+02	7.411244e-01
1.875000e+02	3.187090e+00
1.933594e+02	6.241784e+00
1.992188e+02	1.634446e+00
2.050781e+02	9.390246e-01
2.109375e+02	1.106564e+00
2.167969e+02	6.752751e-01
2.226562e+02	6.989424e-01
2.285156e+02	3.503321e-01
2.343750e+02	1.619424e+00
2.402344e+02	8.549586e+00
2.460938e+02	1.852095e+00
2.519531e+02	1.250941e+00
2.578125e+02	1.614192e+00
2.636719e+02	1.204407e+00
2.695312e+02	1.227813e+00
2.753906e+02	1.118227e+00
2.812500e+02	9.128869e-01
2.871094e+02	1.114244e+01
2.929688e+02	1.557781e+00
2.988281e+02	1.288876e+00
3.046875e+02	2.027757e+00
3.105469e+02	1.710428e+00
3.164062e+02	1.843814e+00
3.222656e+02	2.179970e+00
3.281250e+02	2.444550e+00
3.339844e+02	1.455347e+01
3.398438e+02	1.630956e+00
3.457031e+02	8.617865e-01
3.515625e+02	2.327887e+00
3.574219e+02	2.270651e+00
3.632812e+02	2.557539e+00
3.691406e+02	3.673292e+00
3.750000e+02	4.948392e+00
3.808594e+02	2.142476e+01
3.867188e+02	7.078354e+00
3.925781e+02	1.302601e+00
3.984375e+02	2.828398e+00
4.042969e+02	4.033551e+00
4.101562e+02	4.415061e+00
4.160156e+02	8.812501e+00
4.218750e+02	1.533723e+01
4.277344e+02	7.591323e+01
4.335938e+02	9.930423e+01
4.394531e+02	3.012860e+02
4.453125e+02	1.274205e+01
4.511719e+02	1.240269e+01
4.570312e+02	4.553059e+00
4.628906e+02	6.243892e+00
4.687500e+02	6.587568e+00
4.746094e+02	1.718601e+01
4.804688e+02	2.099100e+01
4.863281e+02	4.966267e+00
4.921875e+02	1.891531e+00
4.980469e+02	2.901751e+00
5.039062e+02	1.508161e+00
5.097656e+02	1.459427e+00
5.156250e+02	1.644924e+00
5.214844e+02	3.898222e+00
5.273438e+02	1.120726e+01
5.332031e+02	2.559063e+00
5.390625e+02	1.230545e+00
5.449219e+02	1.808725e+00
5.507812e+02	1.251540e+00
5.566406e+02	9.565237e-01
5.625000e+02	1.147261e+00
5.683594e+02	1.393860e+00
5.742188e+02	7.515628e+00
5.800781e+02	1.423973e+00
5.859375e+02	7.486905e-01
5.917969e+02	1.199284e+00
5.976562e+02	1.019738e+00
6.035156e+02	7.755238e-01
6.093750e+02	1.042465e+00
6.152344e+02	1.158317e+00
6.210938e+02	5.213388e+00
6.269531e+02	9.182241e-01
6.328125e+02	3.716793e-01
6.386719e+02	7.370692e-01
6.445312e+02	7.878331e-01
6.503906e+02	5.757072e-01
6.562500e+02	8.541217e-01
6.621094e+02	1.063486e+00
6.679688e+02	3.540836e+00
6.738281e+02	1.026882e+00
6.796875e+02	2.503329e-01
6.855469e+02	3.920536e-01
6.914062e+02	6.004804e-01
6.972656e+02	3.844764e-01
7.031250e+02	6.177858e-01
7.089844e+02	8.501382e-01
7.148438e+02	2.292735e+00
7.207031e+02	1.301350e+00
7.265625e+02	3.605993e-01
7.324219e+02	1.901021e-01
7.382812e+02	4.831066e-01
7.441406e+02	2.650365e-01
7.500000e+02	4.022451e-01
7.558594e+02	6.261879e-01
7.617188e+02	1.403628e+00
7.675781e+02	1.470848e+00
7.734375e+02	4.335114e-01
7.792969e+02	1.588841e-01
7.851562e+02	4.132999e-01
7.910156e+02	2.509896e-01
7.968750e+02	2.556302e-01
8.027344e+02	4.621174e-01
8.085938e+02	8.367089e-01
8.144531e+02	1.494187e+00
8.203125e+02	4.320983e-01
8.261719e+02	1.748521e-01
8.320312e+02	3.518421e-01
8.378906e+02	2.804112e-01
8.437500e+02	1.957437e-01
8.496094e+02	3.750716e-01
8.554688e+02	5.575080e-01
8.613281e+02	1.391578e+00
8.671875e+02	3.874632e-01
8.730469e+02	1.604590e-01
8.789062e+02	2.796735e-01
8.847656e+02	2.966300e-01
8.906250e+02	1.796089e-01
8.964844e+02	3.248613e-01
9.023438e+02	4.700254e-01
9.082031e+02	1.203607e+00
9.140625e+02	3.601821e-01
9.199219e+02	1.366914e-01
9.257812e+02	2.007044e-01
9.316406e+02	2.937572e-01
9.375000e+02	1.651610e-01
9.433594e+02	2.744140e-01
9.492188e+02	4.380632e-01
9.550781e+02	9.795520e-01
9.609375e+02	3.823295e-01
9.667969e+02	1.327211e-01
9.726562e+02	1.295400e-01
9.785156e+02	2.765292e-01
9.843750e+02	1.484067e-01
9.902344e+02	2.190693e-01
9.960938e+02	3.969423e-01
1.001953e+03	7.586986e-01
1.007812e+03	4.365349e-01
1.013672e+03	1.513260e-01
1.019531e+03	8.249858e-02
1.025391e+03	2.456534e-01
1.031250e+03	1.388597e-01
1.037109e+03	1.633668e-01
1.042969e+03	3.457195e-01
1.048828e+03	5.761409e-01
1.054688e+03	4.828564e-01
1.060547e+03	1.714975e-01
1.066406e+03	6.795621e-02
1.072266e+03	2.099605e-01
1.078125e+03	1.434803e-01
1.083984e+03	1.206901e-01
1.089844e+03	2.908841e-01
1.095703e+03	4.502712e-01
1.101562e+03	4.988162e-01
1.107422e+03	1.833165e-01
1.113281e+03	6.940683e-02
1.119141e+03	1.680990e-01
1.125000e+03	1.577490e-01
1.130859e+03	9.495406e-02
1.136719e+03	2.383783e-01
1.142578e+03	3.793864e-01
1.148438e+03	4.842949e-01
1.154297e+03	1.895481e-01
1.160156e+03	7.286169e-02
1.166016e+03	1.239718e-01
1.171875e+03	1.704430e-01
1.177734e+03	8.793893e-02
1.183594e+03	1.894000e-01
1.189453e+03	3.445697e-01
1.195312e+03	4.450816e-01
1.201172e+03	1.958327e-01
1.207031e+03	7.779908e-02
1.212891e+03	8.603967e-02
1.218750e+03	1.769709e-01
1.224609e+03	8.729152e-02
1.230469e+03	1.478449e-01
1.236328e+03	3.225795e-01
1.242188e+03	3.931259e-01
1.248047e+03	2.080249e-01
1.253906e+03	8.452820e-02
1.259766e+03	5.972714e-02
1.265625e+03	1.724529e-01
1.271484e+03	8.977217e-02
1.277344e+03	1.118803e-01
1.283203e+03	2.959252e-01
1.289062e+03	3.428661e-01
1.294922e+03	2.190107e-01
1.300781e+03	9.273169e-02
1.306641e+03	4.629049e-02
1.312500e+03	1.555730e-01
1.318359e+03	9.483690e-02
1.324219e+03	8.650757e-02
1.330078e+03	2.618388e-01
1.335938e+03	3.054613e-01
1.341797e+03	2.248967e-01
1.347656e+03	9.980066e-02
1.353516e+03	4.162620e-02
1.359375e+03	1.302075e-01
1.365234e+03	1.033951e-01
1.371094e+03	6.851888e-02
1.376953e+03	2.174860e-01
1.382812e+03	2.863997e-01
1.388672e+03	2.245264e-01
1.394531e+03	1.069855e-01
1.400391e+03	4.195364e-02
1.406250e+03	9.795437e-02
1.412109e+03	1.145372e-01
1.417969e+03	5.795315e-02
1.423828e+03	1.694149e-01
1.429688e+03	2.821224e-01
1.435547e+03	2.177296e-01
1.441406e+03	1.141549e-01
1.447266e+03	4.625595e-02
1.453125e+03	6.788799e-02
1.458984e+03	1.245072e-01
1.464844e+03	5.767752e-02
1.470703e+03	1.241557e-01
1.476562e+03	2.828957e-01
1.482422e+03	2.056409e-01
1.488281e+03	1.198251e-01
1.494141e+03	5.385680e-02
1.500000e+03	4.735303e-02
1.505859e+03	1.295594e-01
1.511719e+03	6.233121e-02
1.517578e+03	9.088939e-02
1.523438e+03	2.785011e-01
1.529297e+03	1.918148e-01
1.535156e+03	1.229799e-01
1.541016e+03	6.010636e-02
1.546875e+03	3.581679e-02
1.552734e+03	1.257565e-01
1.558594e+03	6.835194e-02
1.564453e+03	6.955915e-02
1.570312e+03	2.608759e-01
1.576172e+03	1.800399e-01
1.582031e+03	1.228346e-01
1.587891e+03	6.199097e-02
1.593750e+03	3.066457e-02
1.599609e+03	1.098091e-01
1.605469e+03	7.506046e-02
1.611328e+03	5.768571e-02
1.617188e+03	2.293766e-01
1.623047e+03	1.791813e-01
1.628906e+03	1.201877e-01
1.634766e+03	6.621129e-02
1.640625e+03	2.804365e-02
1.646484e+03	8.715086e-02
1.652344e+03	8.167464e-02
1.658203e+03	4.908418e-02
1.664062e+03	1.848554e-01
1.669922e+03	1.917078e-01
1.675781e+03	1.207936e-01
1.681641e+03	7.122588e-02
1.687500e+03	2.848751e-02
1.693359e+03	6.133097e-02
1.699219e+03	9.157711e-02
1.705078e+03	4.176407e-02
1.710938e+03	1.348638e-01
1.716797e+03	2.140437e-01
1.722656e+03	1.221502e-01
1.728516e+03	7.730095e-02
1.734375e+03	3.622725e-02
1.740234e+03	4.090052e-02
1.746094e+03	9.949488e-02
1.751953e+03	4.236935e-02
1.757812e+03	8.795288e-02
1.763672e+03	2.336817e-01
1.769531e+03	1.184572e-01
1.775391e+03	8.038181e-02
1.781250e+03	4.407281e-02
1.787109e+03	3.052077e-02
1.792969e+03	1.012567e-01
1.798828e+03	4.988711e-02
1.804688e+03	5.620386e-02
1.810547e+03	2.400960e-01
1.816406e+03	1.107569e-01
1.822266e+03	7.837261e-02
1.828125e+03	4.637679e-02
1.833984e+03	2.796519e-02
1.839844e+03	9.704138e-02
1.845703e+03	5.906867e-02
1.851562e+03	4.635250e-02
1.857422e+03	2.315732e-01
1.863281e+03	1.054446e-01
1.869141e+03	7.391358e-02
1.875000e+03	4.439432e-02
1.880859e+03	2.594066e-02
1.886719e+03	8.343988e-02
1.892578e+03	6.545299e-02
1.898438e+03	4.485374e-02
1.904297e+03	2.026520e-01
1.910156e+03	1.110068e-01
1.916016e+03	6.912825e-02
1.921875e+03	4.406102e-02
1.927734e+03	2.134518e-02
1.933594e+03	6.431415e-02
1.939453e+03	7.166170e-02
1.945312e+03	4.140946e-02
1.951172e+03	1.616653e-01
1.957031e+03	1.322431e-01
1.962891e+03	7.187163e-02
1.968750e+03	4.845434e-02
1.974609e+03	2.180246e-02
1.980469e+03	4.281423e-02
1.986328e+03	7.730791e-02
1.992188e+03	3.506774e-02
1.998047e+03	1.135598e-01
2.003906e+03	1.617918e-01
2.009766e+03	7.825214e-02
2.015625e+03	5.483906e-02
2.021484e+03	2.934132e-02
2.027344e+03	2.569774e-02
2.033203e+03	8.115349e-02
2.039062e+03	3.399104e-02
2.044922e+03	6.836350e-02
2.050781e+03	1.863951e-01
2.056641e+03	7.936054e-02
2.062500e+03	5.795995e-02
2.068359e+03	3.621409e-02
2.074219e+03	2.245887e-02
2.080078e+03	8.215288e-02
2.085938e+03	4.230078e-02
2.091797e+03	3.727105e-02
2.097656e+03	1.997836e-01
2.103516e+03	7.585544e-02
2.109375e+03	5.603056e-02
2.115234e+03	3.817935e-02
2.121094e+03	2.369176e-02
2.126953e+03	7.613478e-02
2.132812e+03	5.348772e-02
2.138672e+03	3.342354e-02
2.144531e+03	1.936676e-01
2.150391e+03	6.906691e-02
2.156250e+03	4.874525e-02
2.162109e+03	3.606859e-02
2.167969e+03	2.353801e-02
2.173828e+03	6.493001e-02
2.179688e+03	6.141496e-02
2.185547e+03	4.047735e-02
2.191406e+03	1.715557e-01
2.197266e+03	7.378581e-02
2.203125e+03	4.364271e-02
2.208984e+03	3.259133e-02
2.214844e+03	1.958867e-02
2.220703e+03	4.812899e-02
2.226562e+03	6.492809e-02
2.232422e+03	3.846595e-02
2.238281e+03	1.347868e-01
2.244141e+03	9.331854e-02
2.250000e+03	4.696167e-02
2.255859e+03	3.289069e-02
2.261719e+03	1.828637e-02
2.267578e+03	3.120288e-02
2.273438e+03	6.803876e-02
2.279297e+03	3.306405e-02
2.285156e+03	9.341254e-02
2.291016e+03	1.212717e-01
2.296875e+03	5.527402e-02
2.302734e+03	3.786922e-02
2.308594e+03	2.348201e-02
2.314453e+03	1.983551e-02
2.320312e+03	6.883636e-02
2.326172e+03	3.157173e-02
2.332031e+03	5.450836e-02
2.337891e+03	1.433666e-01
2.343750e+03	5.823094e-02
2.349609e+03	4.172689e-02
2.355469e+03	2.946158e-02
2.361328e+03	1.922441e-02
2.367188e+03	6.696779e-02
2.373047e+03	3.842625e-02
2.378906e+03	2.826936e-02
2.384766e+03	1.548694e-01
2.390625e+03	5.738506e-02
2.396484e+03	3.941117e-02
2.402344e+03	3.104289e-02
2.408203e+03	2.217669e-02
2.414062e+03	6.077547e-02
2.419922e+03	4.926310e-02
2.425781e+03	2.802789e-02
2.431641e+03	1.526435e-01
2.437500e+03	5.177209e-02
2.443359e+03	3.419335e-02
2.449219e+03	2.883237e-02
2.455078e+03	2.214198e-02
2.460938e+03	5.102823e-02
2.466797e+03	5.633131e-02
2.472656e+03	3.455697e-02
2.478516e+03	1.338061e-01
2.484375e+03	5.454613e-02
2.490234e+03	3.074670e-02
2.496094e+03	2.464975e-02
2.501953e+03	1.900476e-02
2.507812e+03	3.686843e-02
2.513672e+03	6.082883e-02
2.519531e+03	3.565724e-02
2.525391e+03	1.069601e-01
2.531250e+03	6.982509e-02
2.537109e+03	3.358964e-02
2.542969e+03	2.441592e-02
2.548828e+03	1.811427e-02
2.554688e+03	2.592059e-02
2.560547e+03	6.204781e-02
2.566406e+03	3.207510e-02
2.572266e+03	7.539036e-02
2.578125e+03	8.999390e-02
2.583984e+03	4.122312e-02
2.589844e+03	2.638432e-02
2.595703e+03	2.035569e-02
2.601562e+03	1.799139e-02
2.607422e+03	6.022422e-02
2.613281e+03	3.009458e-02
2.619141e+03	4.431472e-02
2.625000e+03	1.072456e-01
2.630859e+03	4.468732e-02
2.636719e+03	2.851519e-02
2.642578e+03	2.337782e-02
2.648438e+03	1.783938e-02
2.654297e+03	5.538362e-02
2.660156e+03	3.616742e-02
2.666016e+03	2.709619e-02
2.671875e+03	1.158406e-01
2.677734e+03	4.305531e-02
2.683594e+03	2.890734e-02
2.689453e+03	2.477305e-02
2.695312e+03	2.024322e-02
2.701172e+03	4.945354e-02
2.707031e+03	4.536338e-02
2.712891e+03	2.582659e-02
2.718750e+03	1.131265e-01
2.724609e+03	4.240857e-02
2.730469e+03	2.740989e-02
2.736328e+03	2.351741e-02
2.742188e+03	2.007500e-02
2.748047e+03	4.073407e-02
2.753906e+03	5.153977e-02
2.759766e+03	3.155058e-02
2.765625e+03	1.001210e-01
2.771484e+03	4.419726e-02
2.777344e+03	2.474312e-02
2.783203e+03	2.051059e-02
2.789062e+03	1.892587e-02
2.794922e+03	3.067411e-02
2.800781e+03	5.546542e-02
2.806641e+03	3.292485e-02
2.812500e+03	7.970591e-02
2.818359e+03	5.420420e-02
2.824219e+03	2.673625e-02
2.830078e+03	1.945644e-02
2.835938e+03	1.748024e-02
2.841797e+03	2.352623e-02
2.847656e+03	5.423423e-02
2.853516e+03	3.086562e-02
2.859375e+03	5.644172e-02
2.865234e+03	6.884847e-02
2.871094e+03	3.076986e-02
2.876953e+03	1.923691e-02
2.882812e+03	1.823456e-02
2.888672e+03	1.878887e-02
2.894531e+03	5.061082e-02
2.900391e+03	3.088704e-02
2.906250e+03	3.692836e-02
2.912109e+03	7.880330e-02
2.917969e+03	3.443314e-02
2.923828e+03	2.192871e-02
2.929688e+03	1.930138e-02
2.935547e+03	1.822874e-02
2.941406e+03	4.588195e-02
2.947266e+03	3.589942e-02
2.953125e+03	2.693082e-02
2.958984e+03	8.597768e-02
2.964844e+03	3.544704e-02
2.970703e+03	2.215246e-02
2.976562e+03	1.969117e-02
2.982422e+03	1.989712e-02
2.988281e+03	3.987727e-02
2.994141e+03	4.142166e-02
3.000000e+03	2.729069e-02
3.005859e+03	8.110084e-02
3.011719e+03	3.544431e-02
3.017578e+03	2.057556e-02
3.023438e+03	1.791489e-02
3.029297e+03	2.115585e-02
3.035156e+03	3.369283e-02
3.041016e+03	4.645907e-02
3.046875e+03	2.960170e-02
3.052734e+03	7.257064e-02
3.058594e+03	3.834864e-02
3.064453e+03	2.187668e-02
3.070312e+03	1.544756e-02
3.076172e+03	1.965784e-02
3.082031e+03	2.756707e-02
3.087891e+03	4.825124e-02
3.093750e+03	3.019394e-02
3.099609e+03	5.762914e-02
3.105469e+03	4.458171e-02
3.111328e+03	2.347969e-02
3.117188e+03	1.391753e-02
3.123047e+03	1.839449e-02
3.128906e+03	2.277665e-02
3.134766e+03	4.720315e-02
3.140625e+03	3.022386e-02
3.146484e+03	4.244113e-02
3.152344e+03	5.308441e-02
3.158203e+03	2.558077e-02
3.164062e+03	1.528634e-02
3.169922e+03	1.733540e-02
3.175781e+03	2.148189e-02
3.181641e+03	4.259659e-02
3.187500e+03	3.265069e-02
3.193359e+03	3.137712e-02
3.199219e+03	5.847683e-02
3.205078e+03	2.795352e-02
3.210938e+03	1.718343e-02
3.216797e+03	1.606799e-02
3.222656e+03	2.183192e-02
3.228516e+03	3.965256e-02
3.234375e+03	3.600738e-02
3.240234e+03	2.779125e-02
3.246094e+03	5.972594e-02
3.251953e+03	2.863566e-02
3.257812e+03	1.696632e-02
3.263672e+03	1.509880e-02
3.269531e+03	2.264006e-02
3.275391e+03	3.284819e-02
3.281250e+03	3.998375e-02
3.287109e+03	2.801655e-02
3.292969e+03	5.935222e-02
3.298828e+03	2.980948e-02
3.304688e+03	1.842879e-02
3.310547e+03	1.338055e-02
3.316406e+03	2.143782e-02
3.322266e+03	2.824612e-02
3.328125e+03	4.224498e-02
3.333984e+03	2.755369e-02
3.339844e+03	5.084036e-02
3.345703e+03	3.289552e-02
3.351562e+03	1.923630e-02
3.357422e+03	1.139663e-02
3.363281e+03	2.015048e-02
3.369141e+03	2.549171e-02
3.375000e+03	4.123180e-02
3.380859e+03	2.832339e-02
3.386719e+03	4.157476e-02
3.392578e+03	3.578988e-02
3.398438e+03	2.050827e-02
3.404297e+03	1.175105e-02
3.410156e+03	1.860662e-02
3.416016e+03	2.441083e-02
3.421875e+03	3.932400e-02
3.427734e+03	2.999394e-02
3.433594e+03	3.448072e-02
3.439453e+03	4.127824e-02
3.445312e+03	2.246110e-02
3.451172e+03	1.273988e-02
3.457031e+03	1.598452e-02
3.462891e+03	2.445648e-02
3.468750e+03	3.633234e-02
3.474609e+03	3.134132e-02
3.480469e+03	2.868419e-02
3.486328e+03	4.490724e-02
3.492188e+03	2.342128e-02
3.498047e+03	1.256367e-02
3.503906e+03	1.437493e-02
3.509766e+03	2.358392e-02
3.515625e+03	3.191535e-02
3.521484e+03	3.474879e-02
3.527344e+03	2.598875e-02
3.533203e+03	4.461671e-02
3.539062e+03	2.487685e-02
3.544922e+03	1.431606e-02
3.550781e+03	1.198112e-02
3.556641e+03	2.452126e-02
3.562500e+03	2.762054e-02
3.568359e+03	3.486054e-02
3.574219e+03	2.646815e-02
3.580078e+03	4.150563e-02
3.585938e+03	2.683279e-02
3.591797e+03	1.546869e-02
3.597656e+03	9.760545e-03
3.603516e+03	2.343180e-02
3.609375e+03	2.546801e-02
3.615234e+03	3.654307e-02
3.621094e+03	2.658317e-02
3.626953e+03	3.756445e-02
3.632812e+03	2.821563e-02
3.638672e+03	1.586460e-02
3.644531e+03	9.769394e-03
3.650391e+03	2.234133e-02
3.656250e+03	2.587489e-02
3.662109e+03	3.513571e-02
3.667969e+03	2.805571e-02
3.673828e+03	3.153622e-02
3.679688e+03	3.098604e-02
3.685547e+03	1.935629e-02
3.691406e+03	1.060394e-02
3.697266e+03	1.914304e-02
3.703125e+03	2.583908e-02
3.708984e+03	3.250535e-02
3.714844e+03	2.888990e-02
3.720703e+03	2.847013e-02
3.726562e+03	3.226164e-02
3.732422e+03	1.919802e-02
3.738281e+03	1.207367e-02
3.744141e+03	1.551192e-02
3.750000e+03	2.624295e-02
3.755859e+03	2.945319e-02
3.761719e+03	3.000174e-02
3.767578e+03	2.561811e-02
3.773438e+03	3.333369e-02
3.779297e+03	2.107267e-02
3.785156e+03	1.038646e-02
3.791016e+03	1.253926e-02
3.796875e+03	2.643380e-02
3.802734e+03	2.754758e-02
3.808594e+03	3.067602e-02
3.814453e+03	2.508532e-02
3.820312e+03	3.261577e-02
3.826172e+03	2.230716e-02
3.832031e+03	1.336148e-02
3.837891e+03	1.056969e-02
3.843750e+03	2.934483e-02
3.849609e+03	2.595960e-02
3.855469e+03	3.142582e-02
3.861328e+03	2.656025e-02
3.867188e+03	3.161827e-02
3.873047e+03	2.224140e-02
3.878906e+03	1.372857e-02
3.884766e+03	8.552636e-03
3.890625e+03	2.860945e-02
3.896484e+03	2.492668e-02
3.902344e+03	3.086018e-02
3.908203e+03	2.647979e-02
3.914062e+03	2.846542e-02
3.919922e+03	2.378906e-02
3.925781e+03	1.525725e-02
3.931641e+03	8.179617e-03
3.937500e+03	2.529030e-02
3.943359e+03	2.580506e-02
3.949219e+03	2.805576e-02
3.955078e+03	2.751108e-02
3.960938e+03	2.560238e-02
3.966797e+03	2.624010e-02
3.972656e+03	1.599897e-02
3.978516e+03	8.714076e-03
3.984375e+03	2.034070e-02
3.990234e+03	2.656857e-02
3.996094e+03	2.578211e-02
4.001953e+03	2.814187e-02
4.007812e+03	2.364562e-02
4.013672e+03	2.595369e-02
4.019531e+03	1.668021e-02
4.025391e+03	1.002152e-02
4.031250e+03	1.604435e-02
4.037109e+03	2.951082e-02
4.042969e+03	2.397396e-02
4.048828e+03	2.900297e-02
4.054688e+03	2.331308e-02
4.060547e+03	2.575190e-02
4.066406e+03	1.813075e-02
4.072266e+03	1.052932e-02
4.078125e+03	9.848807e-03
4.083984e+03	3.162879e-02
4.089844e+03	2.237091e-02
4.095703e+03	2.903931e-02
4.101562e+03	2.397760e-02
4.107422e+03	2.591052e-02
4.113281e+03	1.840321e-02
4.119141e+03	1.138529e-02
4.125000e+03	6.135811e-03
4.130859e+03	3.379521e-02
4.136719e+03	2.344765e-02
4.142578e+03	2.913229e-02
4.148438e+03	2.371626e-02
4.154297e+03	2.434467e-02
4.160156e+03	2.025205e-02
4.166016e+03	1.463248e-02
4.171875e+03	7.558734e-03
4.177734e+03	3.321382e-02
4.183594e+03	2.294257e-02
4.189453e+03	2.580790e-02
4.195312e+03	2.438970e-02
4.201172e+03	2.282973e-02
4.207031e+03	2.123176e-02
4.212891e+03	1.304777e-02
4.218750e+03	7.730832e-03
4.224609e+03	2.947594e-02
4.230469e+03	2.372068e-02
4.236328e+03	2.264760e-02
4.242188e+03	2.551815e-02
4.248047e+03	2.139706e-02
4.253906e+03	2.070286e-02
4.259766e+03	1.394124e-02
4.265625e+03	7.878821e-03
4.271484e+03	2.412373e-02
4.277344e+03	2.689909e-02
4.283203e+03	2.102406e-02
4.289062e+03	2.501359e-02
4.294922e+03	2.142753e-02
4.300781e+03	2.255182e-02
4.306641e+03	1.436301e-02
4.312500e+03	8.625478e-03
4.318359e+03	1.526522e-02
4.324219e+03	3.190441e-02
4.330078e+03	2.108070e-02
4.335938e+03	2.709973e-02
4.341797e+03	2.198075e-02
4.347656e+03	1.946169e-02
4.353516e+03	1.571556e-02
4.359375e+03	9.066383e-03
4.365234e+03	8.611336e-03
4.371094e+03	3.737371e-02
4.376953e+03	2.112797e-02
4.382812e+03	2.496378e-02
4.388672e+03	2.269192e-02
4.394531e+03	2.043233e-02
4.400391e+03	1.820704e-02
4.406250e+03	1.086495e-02
4.412109e+03	4.187857e-03
4.417969e+03	3.995415e-02
4.423828e+03	2.236178e-02
4.429688e+03	2.458059e-02
4.435547e+03	2.377473e-02
4.441406e+03	1.994334e-02
4.447266e+03	1.863655e-02
4.453125e+03	1.257421e-02
4.458984e+03	6.590917e-03
4.464844e+03	3.969850e-02
4.470703e+03	2.123055e-02
4.476562e+03	2.077669e-02
4.482422e+03	2.370374e-02
4.488281e+03	1.918385e-02
4.494141e+03	1.811972e-02
4.500000e+03	1.338158e-02
4.505859e+03	8.525389e-03
4.511719e+03	3.427632e-02
4.517578e+03	2.115798e-02
4.523438e+03	1.850084e-02
4.529297e+03	2.332516e-02
4.535156e+03	1.869143e-02
4.541016e+03	1.738118e-02
4.546875e+03	1.374566e-02
4.552734e+03	7.027666e-03
4.558594e+03	2.803400e-02
4.564453e+03	2.553126e-02
4.570312e+03	1.827535e-02
4.576172e+03	2.281669e-02
4.582031e+03	1.885303e-02
4.587891e+03	1.613881e-02
4.593750e+03	1.291126e-02
4.599609e+03	6.287241e-03
4.605469e+03	1.858357e-02
4.611328e+03	3.283874e-02
4.617188e+03	1.881052e-02
4.623047e+03	2.162633e-02
4.628906e+03	2.039908e-02
4.634766e+03	1.640494e-02
4.640625e+03	1.457929e-02
4.646484e+03	8.538376e-03
4.652344e+03	8.403139e-03
4.658203e+03	3.974384e-02
4.664062e+03	2.105736e-02
4.669922e+03	2.249480e-02
4.675781e+03	2.123204e-02
4.681641e+03	1.757545e-02
4.687500e+03	1.497535e-02
4.693359e+03	9.679349e-03
4.699219e+03	3.658375e-03
4.705078e+03	4.439434e-02
4.710938e+03	1.947720e-02
4.716797e+03	2.064208e-02
4.722656e+03	2.228440e-02
4.728516e+03	1.790369e-02
4.734375e+03	1.608397e-02
4.740234e+03	1.167801e-02
4.746094e+03	6.918798e-03
4.751953e+03	4.437789e-02
4.757812e+03	1.850133e-02
4.763672e+03	1.721244e-02
4.769531e+03	2.199304e-02
4.775391e+03	1.678743e-02
4.781250e+03	1.602954e-02
4.787109e+03	1.288663e-02
4.792969e+03	9.940193e-03
4.798828e+03	3.995340e-02
4.804688e+03	1.801034e-02
4.810547e+03	1.445924e-02
4.816406e+03	2.131667e-02
4.822266e+03	1.708529e-02
4.828125e+03	1.454786e-02
4.833984e+03	1.246687e-02
4.839844e+03	8.073187e-03
4.845703e+03	3.258089e-02
4.851562e+03	2.350431e-02
4.857422e+03	1.490545e-02
4.863281e+03	1.982640e-02
4.869141e+03	1.653153e-02
4.875000e+03	1.332226e-02
4.880859e+03	1.128553e-02
4.886719e+03	7.252641e-03
4.892578e+03	2.229124e-02
4.898438e+03	3.158435e-02
4.904297e+03	1.665816e-02
4.910156e+03	1.995174e-02
4.916016e+03	1.728331e-02
4.921875e+03	1.343159e-02
4.927734e+03	1.158633e-02
4.933594e+03	7.014911e-03
4.939453e+03	1.008208e-02
4.945312e+03	3.942560e-02
4.951172e+03	1.828224e-02
4.957031e+03	1.857176e-02
4.962891e+03	2.094359e-02
4.968750e+03	1.638730e-02
4.974609e+03	1.359698e-02
4.980469e+03	1.041778e-02
4.986328e+03	3.351790e-03
4.992188e+03	4.424368e-02
4.998047e+03	1.880481e-02
5.003906e+03	1.840838e-02
5.009766e+03	2.161441e-02
5.015625e+03	1.625964e-02
5.021484e+03	1.379134e-02
5.027344e+03	1.195030e-02
5.033203e+03	6.068242e-03
5.039062e+03	4.619987e-02
5.044922e+03	1.738987e-02
5.050781e+03	1.621237e-02
5.056641e+03	2.085579e-02
5.062500e+03	1.701630e-02
5.068359e+03	1.449681e-02
5.074219e+03	1.334853e-02
5.080078e+03	1.003882e-02
5.085938e+03	4.265938e-02
5.091797e+03	1.641759e-02
5.097656e+03	1.264299e-02
5.103516e+03	2.046673e-02
5.109375e+03	1.420024e-02
5.115234e+03	1.230250e-02
5.121094e+03	1.154588e-02
5.126953e+03	1.002564e-02
5.132812e+03	3.438253e-02
5.138672e+03	1.957100e-02
5.144531e+03	1.303056e-02
5.150391e+03	1.723636e-02
5.156250e+03	1.514410e-02
5.162109e+03	1.188739e-02
5.167969e+03	9.690547e-03
5.173828e+03	8.613528e-03
5.179688e+03	2.489144e-02
5.185547e+03	2.766601e-02
5.191406e+03	1.470473e-02
5.197266e+03	1.539236e-02
5.203125e+03	1.552898e-02
5.208984e+03	1.118457e-02
5.214844e+03	9.799404e-03
5.220703e+03	5.930052e-03
5.226562e+03	1.350515e-02
5.232422e+03	3.703007e-02
5.238281e+03	1.752176e-02
5.244141e+03	1.570266e-02
5.250000e+03	1.999176e-02
5.255859e+03	1.257999e-02
5.261719e+03	1.015833e-02
5.267578e+03	8.347465e-03
5.273438e+03	4.994659e-03
5.279297e+03	4.095630e-02
5.285156e+03	1.849540e-02
5.291016e+03	1.585035e-02
5.296875e+03	1.961861e-02
5.302734e+03	1.454498e-02
5.308594e+03	1.179502e-02
5.314453e+03	1.102063e-02
5.320312e+03	4.826191e-03
5.326172e+03	4.309046e-02
5.332031e+03	1.637115e-02
5.337891e+03	1.552156e-02
5.343750e+03	1.969706e-02
5.349609e+03	1.403747e-02
5.355469e+03	1.219402e-02
5.361328e+03	1.103610e-02
5.367188e+03	9.290554e-03
5.373047e+03	4.097885e-02
5.378906e+03	1.419715e-02
5.384766e+03	1.152150e-02
5.390625e+03	1.859591e-02
5.396484e+03	1.356967e-02
5.402344e+03	1.039538e-02
5.408203e+03	1.137266e-02
5.414062e+03	1.027737e-02
5.419922e+03	3.418909e-02
5.425781e+03	1.780451e-02
5.431641e+03	1.206592e-02
5.437500e+03	1.565010e-02
5.443359e+03	1.318218e-02
5.449219e+03	1.012816e-02
5.455078e+03	9.782193e-03
5.460938e+03	8.064229e-03
5.466797e+03	2.554776e-02
5.472656e+03	2.343902e-02
5.478516e+03	1.198802e-02
5.484375e+03	1.344400e-02
5.490234e+03	1.518121e-02
5.496094e+03	1.052813e-02
5.501953e+03	8.846513e-03
5.507812e+03	7.568986e-03
5.513672e+03	1.631474e-02
5.519531e+03	3.048430e-02
5.525391e+03	1.601078e-02
5.531250e+03	1.263035e-02
5.537109e+03	1.686626e-02
5.542969e+03	1.185604e-02
5.548828e+03	1.000244e-02
5.554688e+03	8.063332e-03
5.560547e+03	9.619000e-03
5.566406e+03	3.502985e-02
5.572266e+03	1.693487e-02
5.578125e+03	1.375200e-02
5.583984e+03	1.887495e-02
5.589844e+03	1.372220e-02
5.595703e+03	1.082827e-02
5.601562e+03	8.314310e-03
5.607422e+03	7.104025e-03
5.613281e+03	3.667278e-02
5.619141e+03	1.653055e-02
5.625000e+03	1.276533e-02
5.630859e+03	1.815903e-02
5.636719e+03	1.332097e-02
5.642578e+03	1.118292e-02
5.648438e+03	1.018405e-02
5.654297e+03	8.970284e-03
5.660156e+03	3.464591e-02
5.666016e+03	1.472607e-02
5.671875e+03	1.159846e-02
5.677734e+03	1.600557e-02
5.683594e+03	1.420335e-02
5.689453e+03	1.143122e-02
5.695312e+03	9.882649e-03
5.701172e+03	1.043679e-02
5.707031e+03	3.175670e-02
5.712891e+03	1.642875e-02
5.718750e+03	1.182167e-02
5.724609e+03	1.332319e-02
5.730469e+03	1.336297e-02
5.736328e+03	1.054133e-02
5.742188e+03	9.883074e-03
5.748047e+03	1.020203e-02
5.753906e+03	2.434882e-02
5.759766e+03	1.964143e-02
5.765625e+03	1.310629e-02
5.771484e+03	1.105862e-02
5.777344e+03	1.396893e-02
5.783203e+03	1.073447e-02
5.789062e+03	9.788806e-03
5.794922e+03	9.065611e-03
5.800781e+03	1.845024e-02
5.806641e+03	2.330366e-02
5.812500e+03	1.267417e-02
5.818359e+03	1.136473e-02
5.824219e+03	1.561827e-02
5.830078e+03	1.080777e-02
5.835938e+03	7.595595e-03
5.841797e+03	8.719021e-03
5.847656e+03	1.479795e-02
5.853516e+03	2.689215e-02
5.859375e+03	1.551585e-02
5.865234e+03	1.174504e-02
5.871094e+03	1.579239e-02
5.876953e+03	1.142029e-02
5.882812e+03	8.681048e-03
5.888672e+03	7.943986e-03
5.894531e+03	1.139935e-02
5.900391e+03	2.909945e-02
5.906250e+03	1.534232e-02
5.912109e+03	1.235227e-02
5.917969e+03	1.590675e-02
5.923828e+03	1.224012e-02
5.929688e+03	8.199423e-03
5.935547e+03	8.938505e-03
5.941406e+03	1.080923e-02
5.947266e+03	2.907504e-02
5.953125e+03	1.452822e-02
5.958984e+03	1.159001e-02
5.964844e+03	1.392846e-02
5.970703e+03	1.296948e-02
5.976562e+03	8.425416e-03
5.982422e+03	8.191103e-03
5.988281e+03	1.134974e-02
5.994141e+03	2.597872e-02
6.000000e+03	1.606897e-02
6.005859e+03	1.076226e-02
6.011719e+03	1.281568e-02
6.017578e+03	1.398156e-02
6.023438e+03	1.097772e-02
6.029297e+03	7.592081e-03
6.035156e+03	1.254572e-02
6.041016e+03	2.336019e-02
6.046875e+03	1.717226e-02
6.052734e+03	1.132357e-02
6.058594e+03	1.105436e-02
6.064453e+03	1.565350e-02
6.070312e+03	9.633302e-03
6.076172e+03	5.842664e-03
6.082031e+03	1.048816e-02
6.087891e+03	2.005144e-02
6.093750e+03	1.939888e-02
6.099609e+03	1.322071e-02
6.105469e+03	9.802223e-03
6.111328e+03	1.506871e-02
6.117188e+03	1.121575e-02
6.123047e+03	7.618101e-03
6.128906e+03	8.723115e-03
6.134766e+03	1.744513e-02
6.140625e+03	2.155029e-02
6.146484e+03	1.296587e-02
6.152344e+03	1.003730e-02
6.158203e+03	1.393547e-02
6.164062e+03	1.061560e-02
6.169922e+03	8.012341e-03
6.175781e+03	8.033199e-03
6.181641e+03	1.639535e-02
6.187500e+03	2.091239e-02
6.193359e+03	1.225474e-02
6.199219e+03	1.082108e-02
6.205078e+03	1.311934e-02
6.210938e+03	1.065488e-02
6.216797e+03	7.136691e-03
6.222656e+03	7.071831e-03
6.228516e+03	1.612083e-02
6.234375e+03	2.259789e-02
6.240234e+03	1.412261e-02
6.246094e+03	1.051182e-02
6.251953e+03	1.201155e-02
6.257812e+03	1.173815e-02
6.263672e+03	7.895025e-03
6.269531e+03	6.600956e-03
6.275391e+03	1.636571e-02
6.281250e+03	2.076516e-02
6.287109e+03	1.494400e-02
6.292969e+03	1.018974e-02
6.298828e+03	1.039055e-02
6.304688e+03	1.226434e-02
6.310547e+03	9.419034e-03
6.316406e+03	6.085747e-03
6.322266e+03	1.376106e-02
6.328125e+03	2.143232e-02
6.333984e+03	1.696607e-02
6.339844e+03	1.183816e-02
6.345703e+03	9.200482e-03
6.351562e+03	1.286929e-02
6.357422e+03	9.735467e-03
6.363281e+03	7.231817e-03
6.369141e+03	1.288759e-02
6.375000e+03	1.963571e-02
6.380859e+03	1.639058e-02
6.386719e+03	1.121953e-02
6.392578e+03	8.726138e-03
6.398438e+03	1.214083e-02
6.404297e+03	9.897157e-03
6.410156e+03	6.567876e-03
6.416016e+03	9.174313e-03
6.421875e+03	2.045885e-02
6.427734e+03	1.702923e-02
6.433594e+03	1.190481e-02
6.439453e+03	9.256373e-03
6.445312e+03	1.225851e-02
6.451172e+03	1.003294e-02
6.457031e+03	7.413960e-03
6.462891e+03	7.893258e-03
6.468750e+03	2.154332e-02
6.474609e+03	1.705487e-02
6.480469e+03	1.254978e-02
6.486328e+03	1.087566e-02
6.492188e+03	1.212421e-02
6.498047e+03	1.100088e-02
6.503906e+03	7.716074e-03
6.509766e+03	7.019630e-03
6.515625e+03	2.069039e-02
6.521484e+03	1.673162e-02
6.527344e+03	1.280196e-02
6.533203e+03	1.004158e-02
6.539062e+03	1.122051e-02
6.544922e+03	1.109030e-02
6.550781e+03	7.675825e-03
6.556641e+03	5.722182e-03
6.562500e+03	2.203874e-02
6.568359e+03	1.721542e-02
6.574219e+03	1.297754e-02
6.580078e+03	9.964464e-03
6.585938e+03	9.671412e-03
6.591797e+03	1.127383e-02
6.597656e+03	9.165570e-03
6.603516e+03	6.998969e-03
6.609375e+03	1.871754e-02
6.615234e+03	1.653850e-02
6.621094e+03	1.434731e-02
6.626953e+03	1.085343e-02
6.632812e+03	1.045953e-02
6.638672e+03	1.174767e-02
6.644531e+03	9.103934e-03
6.650391e+03	7.011771e-03
6.656250e+03	1.693748e-02
6.662109e+03	1.730930e-02
6.667969e+03	1.337815e-02
6.673828e+03	1.033187e-02
6.679688e+03	9.384033e-03
6.685547e+03	1.234102e-02
6.691406e+03	1.011106e-02
6.697266e+03	6.217704e-03
6.703125e+03	1.391003e-02
6.708984e+03	1.758251e-02
6.714844e+03	1.384639e-02
6.720703e+03	9.887583e-03
6.726562e+03	9.131278e-03
6.732422e+03	1.064972e-02
6.738281e+03	1.080390e-02
6.744141e+03	5.916363e-03
6.750000e+03	8.281754e-03
6.755859e+03	2.149129e-02
6.761719e+03	1.509224e-02
6.767578e+03	1.173135e-02
6.773438e+03	9.889713e-03
6.779297e+03	9.527201e-03
6.785156e+03	1.087308e-02
6.791016e+03	6.708157e-03
6.796875e+03	5.129247e-03
6.802734e+03	2.507876e-02
6.808594e+03	1.470744e-02
6.814453e+03	1.303816e-02
6.820312e+03	1.057476e-02
6.826172e+03	1.025488e-02
6.832031e+03	1.155141e-02
6.837891e+03	8.415188e-03
6.843750e+03	5.380593e-03
6.849609e+03	2.529756e-02
6.855469e+03	1.387980e-02
6.861328e+03	1.155403e-02
6.867188e+03	1.009354e-02
6.873047e+03	9.417668e-03
6.878906e+03	1.180921e-02
6.884766e+03	9.395726e-03
6.890625e+03	7.367480e-03
6.896484e+03	2.692146e-02
6.902344e+03	1.377078e-02
6.908203e+03	1.235834e-02
6.914062e+03	9.861914e-03
6.919922e+03	8.012112e-03
6.925781e+03	1.180827e-02
6.931641e+03	9.626150e-03
6.937500e+03	6.746967e-03
6.943359e+03	2.331410e-02
6.949219e+03	1.317501e-02
6.955078e+03	1.030797e-02
6.960938e+03	9.661320e-03
6.966797e+03	8.348360e-03
6.972656e+03	1.095015e-02
6.978516e+03	9.069838e-03
6.984375e+03	6.545403e-03
6.990234e+03	1.827628e-02
6.996094e+03	1.549465e-02
7.001953e+03	1.025623e-02
7.007812e+03	1.064526e-02
7.013672e+03	8.477900e-03
7.019531e+03	1.034057e-02
7.025391e+03	8.659570e-03
7.031250e+03	5.933374e-03
7.037109e+03	1.136686e-02
7.042969e+03	1.973343e-02
7.048828e+03	1.229355e-02
7.054688e+03	9.791622e-03
7.060547e+03	8.770781e-03
7.066406e+03	8.512297e-03
7.072266e+03	9.710836e-03
7.078125e+03	6.624659e-03
7.083984e+03	4.432299e-03
7.089844e+03	2.483333e-02
7.095703e+03	1.259909e-02
7.101562e+03	1.218709e-02
7.107422e+03	9.309423e-03
7.113281e+03	9.748193e-03
7.119141e+03	1.071841e-02
7.125000e+03	8.341471e-03
7.130859e+03	3.060045e-03
7.136719e+03	2.919663e-02
7.142578e+03	1.230770e-02
7.148438e+03	1.130043e-02
7.154297e+03	9.876853e-03
7.160156e+03	9.698710e-03
7.166016e+03	1.095265e-02
7.171875e+03	1.032560e-02
7.177734e+03	7.145008e-03
7.183594e+03	2.964188e-02
7.189453e+03	1.220295e-02
7.195312e+03	1.038720e-02
7.201172e+03	9.695488e-03
7.207031e+03	9.626874e-03
7.212891e+03	1.029788e-02
7.218750e+03	9.199384e-03
7.224609e+03	8.769304e-03
7.230469e+03	2.776089e-02
7.236328e+03	1.016705e-02
7.242188e+03	9.120944e-03
7.248047e+03	8.286560e-03
7.253906e+03	9.285333e-03
7.259766e+03	9.348693e-03
7.265625e+03	9.074083e-03
7.271484e+03	8.052504e-03
7.277344e+03	2.262829e-02
7.283203e+03	1.256725e-02
7.289062e+03	9.518761e-03
7.294922e+03	9.667454e-03
7.300781e+03	7.661162e-03
7.306641e+03	9.144829e-03
7.312500e+03	9.171659e-03
7.318359e+03	6.720526e-03
7.324219e+03	1.573369e-02
7.330078e+03	1.868658e-02
7.335938e+03	1.054183e-02
7.341797e+03	8.541239e-03
7.347656e+03	7.394241e-03
7.353516e+03	7.889064e-03
7.359375e+03	7.968442e-03
7.365234e+03	5.506690e-03
7.371094e+03	8.141717e-03
7.376953e+03	2.408972e-02
7.382812e+03	1.279254e-02
7.388672e+03	9.399027e-03
7.394531e+03	9.036318e-03
7.400391e+03	8.620699e-03
7.406250e+03	9.183631e-03
7.412109e+03	7.218044e-03
7.417969e+03	1.345283e-03
7.423828e+03	2.834050e-02
7.429688e+03	1.192779e-02
7.435547e+03	1.138329e-02
7.441406e+03	1.077055e-02
7.447266e+03	9.364205e-03
7.453125e+03	1.056990e-02
7.458984e+03	8.655408e-03
7.464844e+03	4.790493e-03
7.470703e+03	2.927160e-02
7.476562e+03	1.225303e-02
7.482422e+03	9.918700e-03
7.488281e+03	9.792923e-03
7.494141e+03	7.927125e-03
7.500000e+03	9.503687e-03
7.505859e+03	1.011132e-02
7.511719e+03	8.022116e-03
7.517578e+03	2.746630e-02
7.523438e+03	9.031222e-03
7.529297e+03	9.034382e-03
7.535156e+03	9.830710e-03
7.541016e+03	8.097787e-03
7.546875e+03	9.224902e-03
7.552734e+03	9.081841e-03
7.558594e+03	8.580829e-03
7.564453e+03	2.436247e-02
7.570312e+03	1.009336e-02
7.576172e+03	8.150102e-03
7.582031e+03	7.911330e-03
7.587891e+03	7.167938e-03
7.593750e+03	8.683768e-03
7.599609e+03	8.324521e-03
7.605469e+03	8.653558e-03
7.611328e+03	1.799733e-02
7.617188e+03	1.364409e-02
7.623047e+03	8.886080e-03
7.628906e+03	7.875489e-03
7.634766e+03	8.400787e-03
7.640625e+03	6.776398e-03
7.646484e+03	6.886166e-03
7.652344e+03	6.537805e-03
7.658203e+03	1.119363e-02
7.664062e+03	1.924434e-02
7.669922e+03	1.076486e-02
7.675781e+03	9.687844e-03
7.681641e+03	7.642495e-03
7.687500e+03	8.408919e-03
7.693359e+03	8.498525e-03
7.699219e+03	6.847564e-03
7.705078e+03	3.951582e-03
7.710938e+03	2.536532e-02
7.716797e+03	1.148966e-02
7.722656e+03	9.652339e-03
7.728516e+03	1.005819e-02
7.734375e+03	8.314981e-03
7.740234e+03	7.755188e-03
7.746094e+03	6.830709e-03
7.751953e+03	4.394098e-03
7.757812e+03	2.752869e-02
7.763672e+03	1.205744e-02
7.769531e+03	9.001737e-03
7.775391e+03	1.024346e-02
7.781250e+03	8.360608e-03
7.787109e+03	8.737758e-03
7.792969e+03	9.533857e-03
7.798828e+03	7.422868e-03
7.804688e+03	2.717800e-02
7.810547e+03	1.017889e-02
7.816406e+03	7.710933e-03
7.822266e+03	9.288206e-03
7.828125e+03	7.852520e-03
7.833984e+03	7.278824e-03
7.839844e+03	9.472494e-03
7.845703e+03	8.875162e-03
7.851562e+03	2.270045e-02
7.857422e+03	9.533763e-03
7.863281e+03	7.661859e-03
7.869141e+03	7.531434e-03
7.875000e+03	8.527234e-03
7.880859e+03	7.671399e-03
7.886719e+03	8.617834e-03
7.892578e+03	8.408086e-03
7.898438e+03	1.761006e-02
7.904297e+03	1.076222e-02
7.910156e+03	6.924435e-03
7.916016e+03	6.921101e-03
7.921875e+03	8.473142e-03
7.927734e+03	7.190493e-03
7.933594e+03	8.146019e-03
7.939453e+03	7.334062e-03
7.945312e+03	1.248948e-02
7.951172e+03	1.586587e-02
7.957031e+03	8.250842e-03
7.962891e+03	7.231439e-03
7.968750e+03	8.445109e-03
7.974609e+03	6.910329e-03
7.980469e+03	7.802061e-03
7.986328e+03	7.270505e-03
7.992188e+03	6.721356e-03
7.998047e+03	2.006294e-02
8.003906e+03	1.031495e-02
8.009766e+03	8.197381e-03
8.015625e+03	8.402773e-03
8.021484e+03	7.573584e-03
8.027344e+03	7.226834e-03
8.033203e+03	7.420323e-03
8.039062e+03	4.736360e-03
8.044922e+03	2.269772e-02
8.050781e+03	1.028333e-02
8.056641e+03	8.875876e-03
8.062500e+03	8.922695e-03
8.068359e+03	7.609301e-03
8.074219e+03	8.294834e-03
8.080078e+03	7.885142e-03
8.085938e+03	6.900499e-03
8.091797e+03	2.254002e-02
8.097656e+03	9.663155e-03
8.103516e+03	7.927192e-03
8.109375e+03	6.652766e-03
8.115234e+03	8.616302e-03
8.121094e+03	8.138729e-03
8.126953e+03	8.477084e-03
8.132812e+03	8.570539e-03
8.138672e+03	2.115782e-02
8.144531e+03	9.951785e-03
8.150391e+03	8.407157e-03
8.156250e+03	7.154835e-03
8.162109e+03	8.842083e-03
8.167969e+03	7.430426e-03
8.173828e+03	7.573805e-03
8.179688e+03	7.736685e-03
8.185547e+03	1.650161e-02
8.191406e+03	1.029235e-02
8.197266e+03	8.162837e-03
8.203125e+03	7.068400e-03
8.208984e+03	7.179347e-03
8.214844e+03	7.150844e-03
8.220703e+03	7.546277e-03
8.226562e+03	7.555263e-03
8.232422e+03	1.217401e-02
8.238281e+03	1.314756e-02
8.244141e+03	8.052555e-03
8.250000e+03	7.419332e-03
8.255859e+03	7.813785e-03
8.261719e+03	6.951157e-03
8.267578e+03	6.550800e-03
8.273438e+03	7.321750e-03
8.279297e+03	9.231929e-03
8.285156e+03	1.550799e-02
8.291016e+03	8.539123e-03
8.296875e+03	7.760638e-03
8.302734e+03	7.909352e-03
8.308594e+03	7.802675e-03
8.314453e+03	8.440270e-03
8.320312e+03	8.162050e-03
8.326172e+03	8.421150e-03
8.332031e+03	1.806658e-02
8.337891e+03	9.732334e-03
8.343750e+03	7.910468e-03
8.349609e+03	8.907269e-03
8.355469e+03	8.660157e-03
8.361328e+03	7.251776e-03
8.367188e+03	7.493341e-03
8.373047e+03	7.703578e-03
8.378906e+03	1.865930e-02
8.384766e+03	8.882975e-03
8.390625e+03	7.029618e-03
8.396484e+03	7.003721e-03
8.402344e+03	9.142347e-03
8.408203e+03	7.521305e-03
8.414062e+03	8.130669e-03
8.419922e+03	8.258774e-03
8.425781e+03	1.648749e-02
8.431641e+03	9.846882e-03
8.437500e+03	8.006773e-03
8.443359e+03	6.899264e-03
8.449219e+03	7.865544e-03
8.455078e+03	7.759062e-03
8.460938e+03	7.117337e-03
8.466797e+03	9.474744e-03
8.472656e+03	1.544600e-02
8.478516e+03	9.944114e-03
8.484375e+03	8.440238e-03
8.490234e+03	6.002679e-03
8.496094e+03	7.610335e-03
8.501953e+03	7.859184e-03
8.507812e+03	8.730059e-03
8.513672e+03	8.975550e-03
8.519531e+03	1.270537e-02
8.525391e+03	1.153238e-02
8.531250e+03	8.647489e-03
8.537109e+03	6.107643e-03
8.542969e+03	8.077078e-03
8.548828e+03	7.596082e-03
8.554688e+03	6.107700e-03
8.560547e+03	9.819945e-03
8.566406e+03	1.104219e-02
8.572266e+03	1.293825e-02
8.578125e+03	8.727577e-03
8.583984e+03	6.893101e-03
8.589844e+03	7.089483e-03
8.595703e+03	8.056201e-03
8.601562e+03	7.100981e-03
8.607422e+03	9.263697e-03
8.613281e+03	9.233723e-03
8.619141e+03	1.413567e-02
8.625000e+03	8.166735e-03
8.630859e+03	6.550779e-03
8.636719e+03	6.794243e-03
8.642578e+03	8.290018e-03
8.648438e+03	7.399443e-03
8.654297e+03	7.072648e-03
8.660156e+03	9.612856e-03
8.666016e+03	1.348037e-02
8.671875e+03	8.083653e-03
8.677734e+03	7.358001e-03
8.683594e+03	7.163794e-03
8.689453e+03	7.913073e-03
8.695312e+03	7.656423e-03
8.701172e+03	7.653643e-03
8.707031e+03	9.928608e-03
8.712891e+03	1.369766e-02
8.718750e+03	9.969260e-03
8.724609e+03	7.721763e-03
8.730469e+03	5.802873e-03
8.736328e+03	8.506502e-03
8.742188e+03	7.180182e-03
8.748047e+03	7.219963e-03
8.753906e+03	9.570148e-03
8.759766e+03	1.135439e-02
8.765625e+03	9.670249e-03
8.771484e+03	7.065657e-03
8.777344e+03	7.183117e-03
8.783203e+03	8.245639e-03
8.789062e+03	7.437411e-03
8.794922e+03	8.117735e-03
8.800781e+03	1.008980e-02
8.806641e+03	1.207604e-02
8.812500e+03	1.073384e-02
8.818359e+03	7.235269e-03
8.824219e+03	5.680787e-03
8.830078e+03	8.832151e-03
8.835938e+03	7.372020e-03
8.841797e+03	7.381240e-03
8.847656e+03	9.313082e-03
8.853516e+03	1.199017e-02
8.859375e+03	1.039888e-02
8.865234e+03	8.306947e-03
8.871094e+03	6.754442e-03
8.876953e+03	7.039880e-03
8.882812e+03	8.410507e-03
8.888672e+03	6.732763e-03
8.894531e+03	9.672384e-03
8.900391e+03	1.090669e-02
8.906250e+03	1.137725e-02
8.912109e+03	8.122192e-03
8.917969e+03	6.680345e-03
8.923828e+03	6.742698e-03
8.929688e+03	9.375260e-03
8.935547e+03	7.370690e-03
8.941406e+03	8.538668e-03
8.947266e+03	1.139497e-02
8.953125e+03	1.081857e-02
8.958984e+03	8.539116e-03
8.964844e+03	7.001979e-03
8.970703e+03	5.397793e-03
8.976562e+03	7.320310e-03
8.982422e+03	7.575262e-03
8.988281e+03	7.527464e-03
8.994141e+03	1.116038e-02
9.000000e+03	1.099342e-02
9.005859e+03	8.713801e-03
9.011719e+03	6.640441e-03
9.017578e+03	4.728625e-03
9.023438e+03	8.514361e-03
9.029297e+03	7.616405e-03
9.035156e+03	8.168046e-03
9.041016e+03	1.156916e-02
9.046875e+03	1.118413e-02
9.052734e+03	9.215739e-03
9.058594e+03	7.117098e-03
9.064453e+03	5.779500e-03
9.070312e+03	7.926570e-03
9.076172e+03	7.607861e-03
9.082031e+03	7.742151e-03
9.087891e+03	1.120953e-02
9.093750e+03	1.098479e-02
9.099609e+03	9.039686e-03
9.105469e+03	7.554465e-03
9.111328e+03	6.154135e-03
9.117188e+03	7.345177e-03
9.123047e+03	8.345085e-03
9.128906e+03	6.969725e-03
9.134766e+03	1.116004e-02
9.140625e+03	1.127782e-02
9.146484e+03	8.617541e-03
9.152344e+03	7.506495e-03
9.158203e+03	5.876806e-03
9.164062e+03	7.795516e-03
9.169922e+03	8.811788e-03
9.175781e+03	6.741744e-03
9.181641e+03	9.252579e-03
9.187500e+03	1.084915e-02
9.193359e+03	9.849960e-03
9.199219e+03	7.323713e-03
9.205078e+03	5.702189e-03
9.210938e+03	6.437359e-03
9.216797e+03	9.323453e-03
9.222656e+03	6.663221e-03
9.228516e+03	8.680249e-03
9.234375e+03	1.104620e-02
9.240234e+03	1.106945e-02
9.246094e+03	7.956793e-03
9.251953e+03	6.236616e-03
9.257812e+03	5.918215e-03
9.263672e+03	8.852954e-03
9.269531e+03	6.839872e-03
9.275391e+03	7.202237e-03
9.281250e+03	1.212916e-02
9.287109e+03	9.011263e-03
9.292969e+03	7.644245e-03
9.298828e+03	6.825476e-03
9.304688e+03	5.911962e-03
9.310547e+03	9.273435e-03
9.316406e+03	7.450316e-03
9.322266e+03	7.357279e-03
9.328125e+03	1.224977e-02
9.333984e+03	9.873719e-03
9.339844e+03	7.854946e-03
9.345703e+03	7.105028e-03
9.351562e+03	5.364243e-03
9.357422e+03	8.076769e-03
9.363281e+03	7.363023e-03
9.369141e+03	6.568384e-03
9.375000e+03	1.097816e-02
9.380859e+03	9.574545e-03
9.386719e+03	8.303216e-03
9.392578e+03	8.274250e-03
9.398438e+03	6.114266e-03
9.404297e+03	7.152654e-03
9.410156e+03	8.994287e-03
9.416016e+03	6.263935e-03
9.421875e+03	1.029528e-02
9.427734e+03	9.810089e-03
9.433594e+03	8.503370e-03
9.439453e+03	6.743334e-03
9.445312e+03	4.497754e-03
9.451172e+03	5.495946e-03
9.457031e+03	8.278922e-03
9.462891e+03	6.612861e-03
9.468750e+03	9.709931e-03
9.474609e+03	9.211125e-03
9.480469e+03	7.827022e-03
9.486328e+03	7.031989e-03
9.492188e+03	5.950504e-03
9.498047e+03	5.636229e-03
9.503906e+03	9.389719e-03
9.509766e+03	7.462199e-03
9.515625e+03	8.249943e-03
9.521484e+03	1.097655e-02
9.527344e+03	8.817232e-03
9.533203e+03	6.862243e-03
9.539062e+03	6.645111e-03
9.544922e+03	4.942168e-03
9.550781e+03	9.682194e-03
9.556641e+03	6.567574e-03
9.562500e+03	6.885930e-03
9.568359e+03	1.235074e-02
9.574219e+03	8.767783e-03
9.580078e+03	6.791198e-03
9.585938e+03	7.090575e-03
9.591797e+03	5.414014e-03
9.597656e+03	8.744056e-03
9.603516e+03	7.119573e-03
9.609375e+03	6.902584e-03
9.615234e+03	1.244309e-02
9.621094e+03	8.642059e-03
9.626953e+03	6.309842e-03
9.632812e+03	6.374516e-03
9.638672e+03	5.507336e-03
9.644531e+03	9.136357e-03
9.650391e+03	7.480818e-03
9.656250e+03	5.909280e-03
9.662109e+03	1.231157e-02
9.667969e+03	9.675321e-03
9.673828e+03	7.267652e-03
9.679688e+03	7.301874e-03
9.685547e+03	5.148255e-03
9.691406e+03	7.478562e-03
9.697266e+03	8.018363e-03
9.703125e+03	7.897903e-03
9.708984e+03	1.130361e-02
9.714844e+03	9.144424e-03
9.720703e+03	6.819374e-03
9.726562e+03	5.875686e-03
9.732422e+03	5.191509e-03
9.738281e+03	6.348030e-03
9.744141e+03	9.002034e-03
9.750000e+03	7.564405e-03
9.755859e+03	9.739815e-03
9.761719e+03	8.882561e-03
9.767578e+03	6.814236e-03
9.773438e+03	7.097116e-03
9.779297e+03	6.365490e-03
9.785156e+03	5.921933e-03
9.791016e+03	9.587449e-03
9.796875e+03	7.148211e-03
9.802734e+03	9.119324e-03
9.808594e+03	1.073618e-02
9.814453e+03	6.824473e-03
9.820312e+03	7.455593e-03
9.826172e+03	4.235787e-03
9.832031e+03	4.594381e-03
9.837891e+03	9.077610e-03
9.843750e+03	6.667526e-03
9.849609e+03	6.447630e-03
9.855469e+03	1.235093e-02
9.861328e+03	8.310203e-03
9.867188e+03	6.432390e-03
9.873047e+03	5.222767e-03
9.878906e+03	5.590959e-03
9.884766e+03	8.741877e-03
9.890625e+03	7.781619e-03
9.896484e+03	6.964614e-03
9.902344e+03	1.266142e-02
9.908203e+03	7.122102e-03
9.914062e+03	7.219451e-03
9.919922e+03	6.844422e-03
9.925781e+03	5.960161e-03
9.931641e+03	8.088712e-03
9.937500e+03	8.602193e-03
9.943359e+03	6.752946e-03
9.949219e+03	1.209524e-02
9.955078e+03	8.751999e-03
9.960938e+03	6.840064e-03
9.966797e+03	6.524309e-03
9.972656e+03	5.507329e-03
9.978516e+03	6.191950e-03
9.984375e+03	9.435602e-03
9.990234e+03	6.356360e-03
9.996094e+03	1.025067e-02
1.000195e+04	8.946351e-03
1.000781e+04	5.924079e-03
1.001367e+04	6.659117e-03
1.001953e+04	5.660550e-03
1.002539e+04	6.159748e-03
1.003125e+04	1.020499e-02
1.003711e+04	6.774565e-03
1.004297e+04	9.591965e-03
1.004883e+04	9.172662e-03
1.005469e+04	6.422734e-03
1.006055e+04	6.139016e-03
1.006641e+04	6.324922e-03
1.007227e+04	4.454443e-03
1.007812e+04	1.025483e-02
1.008398e+04	7.344328e-03
1.008984e+04	8.085110e-03
1.009570e+04	9.360114e-03
1.010156e+04	7.979277e-03
1.010742e+04	6.140734e-03
1.011328e+04	5.697917e-03
1.011914e+04	4.466327e-03
1.012500e+04	9.984569e-03
1.013086e+04	6.937610e-03
1.013672e+04	7.572085e-03
1.014258e+04	1.164026e-02
1.014844e+04	6.977999e-03
1.015430e+04	5.911532e-03
1.016016e+04	5.882346e-03
1.016602e+04	4.999928e-03
1.017188e+04	8.528982e-03
1.017773e+04	8.935770e-03
1.018359e+04	5.410055e-03
1.018945e+04	1.150063e-02
1.019531e+04	7.731678e-03
1.020117e+04	7.246312e-03
1.020703e+04	6.406387e-03
1.021289e+04	4.944765e-03
1.021875e+04	7.277263e-03
1.022461e+04	9.078416e-03
1.023047e+04	6.638896e-03
1.023633e+04	1.183261e-02
1.024219e+04	7.463840e-03
1.024805e+04	5.984864e-03
1.025391e+04	5.773312e-03
1.025977e+04	4.360579e-03
1.026562e+04	7.873317e-03
1.027148e+04	8.089947e-03
1.027734e+04	6.344155e-03
1.028320e+04	1.037355e-02
1.028906e+04	7.760140e-03
1.029492e+04	6.011907e-03
1.030078e+04	5.928766e-03
1.030664e+04	5.844483e-03
1.031250e+04	5.962109e-03
1.031836e+04	9.547468e-03
1.032422e+04	6.833186e-03
1.033008e+04	8.505408e-03
1.033594e+04	8.060360e-03
1.034180e+04	6.418459e-03
1.034766e+04	6.846083e-03
1.035352e+04	5.964935e-03
1.035938e+04	5.874346e-03
1.036523e+04	9.319064e-03
1.037109e+04	6.463973e-03
1.037695e+04	8.164393e-03
1.038281e+04	8.974773e-03
1.038867e+04	6.547476e-03
1.039453e+04	6.144971e-03
1.040039e+04	6.312407e-03
1.040625e+04	4.375770e-03
1.041211e+04	9.914409e-03
1.041797e+04	8.156916e-03
1.042383e+04	7.433348e-03
1.042969e+04	1.009811e-02
1.043555e+04	7.703215e-03
1.044141e+04	6.272509e-03
1.044727e+04	5.680797e-03
1.045312e+04	4.951529e-03
1.045898e+04	9.915931e-03
1.046484e+04	7.225474e-03
1.047070e+04	5.715723e-03
1.047656e+04	1.046968e-02
1.048242e+04	6.877169e-03
1.048828e+04	5.476729e-03
1.049414e+04	5.973721e-03
1.050000e+04	5.261886e-03
1.050586e+04	8.050305e-03
1.051172e+04	7.450060e-03
1.051758e+04	6.991836e-03
1.052344e+04	1.069299e-02
1.052930e+04	7.730251e-03
1.053516e+04	6.067968e-03
1.054102e+04	5.939399e-03
1.054688e+04	5.011159e-03
1.055273e+04	7.976391e-03
1.055859e+04	9.190965e-03
1.056445e+04	7.254979e-03
1.057031e+04	9.263223e-03
1.057617e+04	7.323250e-03
1.058203e+04	6.035950e-03
1.058789e+04	5.664352e-03
1.059375e+04	6.065776e-03
1.059961e+04	5.485523e-03
1.060547e+04	1.039020e-02
1.061133e+04	6.864316e-03
1.061719e+04	8.990128e-03
1.062305e+04	8.547070e-03
1.062891e+04	5.954632e-03
1.063477e+04	5.533416e-03
1.064062e+04	5.468483e-03
1.064648e+04	6.797479e-03
1.065234e+04	9.332092e-03
1.065820e+04	7.223924e-03
1.066406e+04	7.173605e-03
1.066992e+04	8.707764e-03
1.067578e+04	6.323807e-03
1.068164e+04	5.398988e-03
1.068750e+04	5.177808e-03
1.069336e+04	5.174965e-03
1.069922e+04	1.089034e-02
1.070508e+04	7.749801e-03
1.071094e+04	6.727926e-03
1.071680e+04	1.026200e-02
1.072266e+04	7.328358e-03
1.072852e+04	5.338656e-03
1.073438e+04	5.873477e-03
1.074023e+04	5.124480e-03
1.074609e+04	8.493752e-03
1.075195e+04	8.196302e-03
1.075781e+04	7.922607e-03
1.076367e+04	8.063760e-03
1.076953e+04	6.417646e-03
1.077539e+04	5.365011e-03
1.078125e+04	5.718231e-03
1.078711e+04	5.797693e-03
1.079297e+04	8.614689e-03
1.079883e+04	8.450754e-03
1.080469e+04	6.034536e-03
1.081055e+04	9.455109e-03
1.081641e+04	6.251213e-03
1.082227e+04	5.025080e-03
1.082812e+04	5.129827e-03
1.083398e+04	4.795840e-03
1.083984e+04	7.415797e-03
1.084570e+04	9.427002e-03
1.085156e+04	7.045474e-03
1.085742e+04	8.120559e-03
1.086328e+04	6.541347e-03
1.086914e+04	4.853888e-03
1.087500e+04	5.128170e-03
1.088086e+04	5.072716e-03
1.088672e+04	6.515215e-03
1.089258e+04	9.633023e-03
1.089844e+04	7.854481e-03
1.090430e+04	6.836657e-03
1.091016e+04	7.295700e-03
1.091602e+04	5.879607e-03
1.092188e+04	4.493961e-03
1.092773e+04	5.971083e-03
1.093359e+04	7.018703e-03
1.093945e+04	9.500857e-03
1.094531e+04	8.609291e-03
1.095117e+04	6.155874e-03
1.095703e+04	8.693856e-03
1.096289e+04	5.909758e-03
1.096875e+04	5.384144e-03
1.097461e+04	6.282594e-03
1.098047e+04	7.540861e-03
1.098633e+04	8.717249e-03
1.099219e+04	8.942677e-03
1.099805e+04	7.068233e-03
1.100391e+04	8.353024e-03
1.100977e+04	7.386339e-03
1.101562e+04	5.066945e-03
1.102148e+04	5.723646e-03
1.102734e+04	5.782022e-03
1.103320e+04	8.235721e-03
1.103906e+04	8.149746e-03
1.104492e+04	6.320770e-03
1.105078e+04	8.046718e-03
1.105664e+04	6.452154e-03
1.106250e+04	4.984727e-03
1.106836e+04	4.849020e-03
1.107422e+04	6.065179e-03
1.108008e+04	7.776163e-03
1.108594e+04	8.016316e-03
1.109180e+04	7.133976e-03
1.109766e+04	8.357147e-03
1.110352e+04	6.929158e-03
1.110938e+04	6.724423e-03
1.111523e+04	5.107994e-03
1.112109e+04	5.630287e-03
1.112695e+04	6.545338e-03
1.113281e+04	9.281329e-03
1.113867e+04	6.350293e-03
1.114453e+04	6.893956e-03
1.115039e+04	7.102760e-03
1.115625e+04	4.814553e-03
1.116211e+04	5.272762e-03
1.116797e+04	5.377082e-03
1.117383e+04	7.655632e-03
1.117969e+04	9.167694e-03
1.118555e+04	5.939767e-03
1.119141e+04	7.779859e-03
1.119727e+04	8.167687e-03
1.120312e+04	6.245918e-03
1.120898e+04	5.458420e-03
1.121484e+04	5.359839e-03
1.122070e+04	7.292325e-03
1.122656e+04	7.565040e-03
1.123242e+04	6.517424e-03
1.123828e+04	7.289782e-03
1.124414e+04	6.961153e-03
1.125000e+04	6.167430e-03
1.125586e+04	5.233197e-03
1.126172e+04	5.044413e-03
1.126758e+04	8.152308e-03
1.127344e+04	8.971391e-03
1.127930e+04	7.336046e-03
1.128516e+04	7.434044e-03
1.129102e+04	7.615230e-03
1.129688e+04	6.584980e-03
1.130273e+04	5.274957e-03
1.130859e+04	4.496128e-03
1.131445e+04	7.707637e-03
1.132031e+04	8.471805e-03
1.132617e+04	8.192738e-03
1.133203e+04	6.761462e-03
1.133789e+04	7.164628e-03
1.134375e+04	6.509457e-03
1.134961e+04	4.613879e-03
1.135547e+04	4.627092e-03
1.136133e+04	8.001177e-03
1.136719e+04	7.129210e-03
1.137305e+04	7.443139e-03
1.137891e+04	6.934184e-03
1.138477e+04	7.005150e-03
1.139062e+04	5.915497e-03
1.139648e+04	4.795554e-03
1.140234e+04	4.520497e-03
1.140820e+04	6.602403e-03
1.141406e+04	7.642336e-03
1.141992e+04	7.971289e-03
1.142578e+04	6.625456e-03
1.143164e+04	6.860902e-03
1.143750e+04	7.738329e-03
1.144336e+04	5.746091e-03
1.144922e+04	6.097280e-03
1.145508e+04	6.985017e-03
1.146094e+04	7.390134e-03
1.146680e+04	9.205361e-03
1.147266e+04	6.771518e-03
1.147852e+04	6.292668e-03
1.148438e+04	8.015819e-03
1.149023e+04	5.697677e-03
1.149609e+04	4.970127e-03
1.150195e+04	6.511487e-03
1.150781e+04	7.646255e-03
1.151367e+04	8.772054e-03
1.151953e+04	6.586383e-03
1.152539e+04	6.368782e-03
1.153125e+04	7.363218e-03
1.153711e+04	6.299157e-03
1.154297e+04	4.170716e-03
1.154883e+04	4.810463e-03
1.155469e+04	8.919835e-03
1.156055e+04	8.581090e-03
1.156641e+04	6.952566e-03
1.157227e+04	6.078539e-03
1.157812e+04	6.759103e-03
1.158398e+04	5.740421e-03
1.158984e+04	5.040760e-03
1.159570e+04	3.971808e-03
1.160156e+04	9.563672e-03
1.160742e+04	8.353989e-03
1.161328e+04	7.784894e-03
1.161914e+04	6.657122e-03
1.162500e+04	7.036971e-03
1.163086e+04	5.379072e-03
1.163672e+04	5.401867e-03
1.164258e+04	3.879519e-03
1.164844e+04	9.135668e-03
1.165430e+04	8.300590e-03
1.166016e+04	7.099881e-03
1.166602e+04	5.597993e-03
1.167188e+04	6.918333e-03
1.167773e+04	5.966811e-03
1.168359e+04	4.988316e-03
1.168945e+04	3.544309e-03
1.169531e+04	9.069828e-03
1.170117e+04	7.589758e-03
1.170703e+04	7.830887e-03
1.171289e+04	7.161671e-03
1.171875e+04	6.487031e-03
1.172461e+04	6.167439e-03
1.173047e+04	4.838857e-03
1.173633e+04	4.040595e-03
1.174219e+04	7.031523e-03
1.174805e+04	7.218026e-03
1.175391e+04	7.688888e-03
1.175977e+04	6.467260e-03
1.176562e+04	6.844739e-03
1.177148e+04	7.763320e-03
1.177734e+04	4.830460e-03
1.178320e+04	5.261710e-03
1.178906e+04	6.658560e-03
1.179492e+04	6.880298e-03
1.180078e+04	7.540244e-03
1.180664e+04	6.826384e-03
1.181250e+04	6.891024e-03
1.181836e+04	6.155179e-03
1.182422e+04	4.296412e-03
1.183008e+04	4.445552e-03
1.183594e+04	4.970535e-03
1.184180e+04	9.042242e-03
1.184766e+04	6.666569e-03
1.185352e+04	6.277300e-03
1.185938e+04	5.966167e-03
1.186523e+04	6.754561e-03
1.187109e+04	5.245776e-03
1.187695e+04	4.963310e-03
1.188281e+04	4.755745e-03
1.188867e+04	9.980409e-03
1.189453e+04	7.525503e-03
1.190039e+04	7.729366e-03
1.190625e+04	6.771321e-03
1.191211e+04	5.639731e-03
1.191797e+04	6.316619e-03
1.192383e+04	4.782108e-03
1.192969e+04	3.971050e-03
1.193555e+04	1.168865e-02
1.194141e+04	6.352548e-03
1.194727e+04	6.652862e-03
1.195312e+04	6.843081e-03
1.195898e+04	7.667227e-03
1.196484e+04	6.077400e-03
1.197070e+04	5.165819e-03
1.197656e+04	4.323636e-03
1.198242e+04	1.040611e-02
1.198828e+04	6.460363e-03
1.199414e+04	6.427024e-03
1.200000e+04	6.801587e-03
1.200586e+04	5.377589e-03
1.201172e+04	5.362340e-03
1.201758e+04	5.445798e-03
1.202344e+04	3.938360e-03
1.202930e+04	9.308089e-03
1.203516e+04	7.843449e-03
1.204102e+04	6.716427e-03
1.204688e+04	5.905927e-03
1.205273e+04	4.817380e-03
1.205859e+04	5.655548e-03
1.206445e+04	5.151681e-03
1.207031e+04	4.217990e-03
1.207617e+04	6.445525e-03
1.208203e+04	7.503487e-03
1.208789e+04	7.327170e-03
1.209375e+04	7.132412e-03
1.209961e+04	4.710201e-03
1.210547e+04	5.181660e-03
1.211133e+04	4.880256e-03
1.211719e+04	3.998804e-03
1.212305e+04	4.911613e-03
1.212891e+04	9.510774e-03
1.213477e+04	7.776377e-03
1.214062e+04	7.514049e-03
1.214648e+04	6.225495e-03
1.215234e+04	6.488223e-03
1.215820e+04	6.216931e-03
1.216406e+04	3.777382e-03
1.216992e+04	3.250197e-03
1.217578e+04	1.125784e-02
1.218164e+04	7.728772e-03
1.218750e+04	6.887670e-03
1.219336e+04	6.990331e-03
1.219922e+04	6.370170e-03
1.220508e+04	6.280211e-03
1.221094e+04	4.833680e-03
1.221680e+04	4.373579e-03
1.222266e+04	1.109036e-02
1.222852e+04	6.268558e-03
1.223438e+04	6.190812e-03
1.224023e+04	6.540089e-03
1.224609e+04	6.251936e-03
1.225195e+04	6.356730e-03
1.225781e+04	6.947796e-03
1.226367e+04	4.439951e-03
1.226953e+04	1.302327e-02
1.227539e+04	7.391908e-03
1.228125e+04	5.830278e-03
1.228711e+04	6.727648e-03
1.229297e+04	5.658471e-03
1.229883e+04	5.643125e-03
1.230469e+04	5.463100e-03
1.231055e+04	5.235089e-03
1.231641e+04	1.024807e-02
1.232227e+04	5.556415e-03
1.232812e+04	6.170112e-03
1.233398e+04	6.465128e-03
1.233984e+04	5.814871e-03
1.234570e+04	4.894066e-03
1.235156e+04	5.092491e-03
1.235742e+04	4.182624e-03
1.236328e+04	7.600811e-03
1.236914e+04	6.855778e-03
1.237500e+04	5.804550e-03
1.238086e+04	7.200813e-03
1.238672e+04	4.902881e-03
1.239258e+04	5.621962e-03
1.239844e+04	5.134704e-03
1.240430e+04	3.522680e-03
1.241016e+04	5.242722e-03
1.241602e+04	8.646477e-03
1.242188e+04	6.066658e-03
1.242773e+04	6.710070e-03
1.243359e+04	6.003197e-03
1.243945e+04	6.171970e-03
1.244531e+04	4.133605e-03
1.245117e+04	4.396771e-03
1.245703e+04	2.088486e-03
1.246289e+04	1.179288e-02
1.246875e+04	6.323386e-03
1.247461e+04	7.405697e-03
1.248047e+04	6.429503e-03
1.248633e+04	5.555693e-03
1.249219e+04	5.816734e-03
1.249805e+04	3.496651e-03
1.250391e+04	2.387161e-03
1.250977e+04	1.348583e-02
1.251562e+04	6.666503e-03
1.252148e+04	6.507792e-03
1.252734e+04	6.545122e-03
1.253320e+04	5.632977e-03
1.253906e+04	5.733964e-03
1.254492e+04	6.380156e-03
1.255078e+04	5.344263e-03
1.255664e+04	1.288300e-02
1.256250e+04	5.428802e-03
1.256836e+04	4.767112e-03
1.257422e+04	7.093253e-03
1.258008e+04	6.317594e-03
1.258594e+04	5.021747e-03
1.259180e+04	5.353009e-03
1.259766e+04	5.855240e-03
1.260352e+04	1.239296e-02
1.260938e+04	5.740301e-03
1.261523e+04	4.662194e-03
1.262109e+04	5.322577e-03
1.262695e+04	6.310654e-03
1.263281e+04	6.880034e-03
1.263867e+04	6.006100e-03
1.264453e+04	5.286023e-03
1.265039e+04	9.952037e-03
1.265625e+04	5.738785e-03
1.266211e+04	5.557360e-03
1.266797e+04	5.749629e-03
1.267383e+04	4.987299e-03
1.267969e+04	5.754552e-03
1.268555e+04	4.776348e-03
1.269141e+04	4.645973e-03
1.269727e+04	6.403507e-03
1.270312e+04	8.394748e-03
1.270898e+04	5.484778e-03
1.271484e+04	5.838184e-03
1.272070e+04	5.210605e-03
1.272656e+04	5.196068e-03
1.273242e+04	3.735166e-03
1.273828e+04	3.491950e-03
1.274414e+04	4.043824e-03
1.275000e+04	1.066718e-02
1.275586e+04	6.828557e-03
1.276172e+04	5.482625e-03
1.276758e+04	6.072930e-03
1.277344e+04	6.771935e-03
1.277930e+04	4.771322e-03
1.278516e+04	4.307622e-03
1.279102e+04	2.882087e-03
1.279688e+04	1.294060e-02
1.280273e+04	7.491852e-03
1.280859e+04	6.901869e-03
1.281445e+04	6.877122e-03
1.282031e+04	5.907407e-03
1.282617e+04	5.932509e-03
1.283203e+04	4.333108e-03
1.283789e+04	3.920587e-03
1.284375e+04	1.297418e-02
1.284961e+04	6.395519e-03
1.285547e+04	7.471912e-03
1.286133e+04	6.641479e-03
1.286719e+04	5.864027e-03
1.287305e+04	5.514454e-03
1.287891e+04	5.838976e-03
1.288477e+04	4.576052e-03
1.289062e+04	1.183660e-02
1.289648e+04	5.615565e-03
1.290234e+04	4.879325e-03
1.290820e+04	6.516002e-03
1.291406e+04	6.145999e-03
1.291992e+04	6.179807e-03
1.292578e+04	5.345642e-03
1.293164e+04	4.877679e-03
1.293750e+04	1.035981e-02
1.294336e+04	5.961401e-03
1.294922e+04	5.118756e-03
1.295508e+04	5.478310e-03
1.296094e+04	5.538612e-03
1.296680e+04	5.491513e-03
1.297266e+04	4.593614e-03
1.297852e+04	5.746609e-03
1.298438e+04	7.739462e-03
1.299023e+04	7.408202e-03
1.299609e+04	5.317086e-03
1.300195e+04	5.712268e-03
1.300781e+04	5.525804e-03
1.301367e+04	4.605970e-03
1.301953e+04	4.912318e-03
1.302539e+04	3.962213e-03
1.303125e+04	6.377612e-03
1.303711e+04	8.168862e-03
1.304297e+04	6.605943e-03
1.304883e+04	5.563813e-03
1.305469e+04	5.375113e-03
1.306055e+04	4.362347e-03
1.306641e+04	4.587193e-03
1.307227e+04	4.882321e-03
1.307812e+04	3.454197e-03
1.308398e+04	1.063690e-02
1.308984e+04	5.782591e-03
1.309570e+04	5.736818e-03
1.310156e+04	6.072541e-03
1.310742e+04	5.748799e-03
1.311328e+04	4.819123e-03
1.311914e+04	4.378234e-03
1.312500e+04	4.404806e-03
1.313086e+04	1.256149e-02
1.313672e+04	6.080465e-03
1.314258e+04	5.755256e-03
1.314844e+04	7.070624e-03
1.315430e+04	5.513282e-03
1.316016e+04	4.763097e-03
1.316602e+04	4.042978e-03
1.317188e+04	5.274980e-03
1.317773e+04	1.279363e-02
1.318359e+04	6.309612e-03
1.318945e+04	5.237456e-03
1.319531e+04	5.600737e-03
1.320117e+04	5.215124e-03
1.320703e+04	4.505693e-03
1.321289e+04	5.555958e-03
1.321875e+04	5.752759e-03
1.322461e+04	1.032411e-02
1.323047e+04	5.598605e-03
1.323633e+04	5.977767e-03
1.324219e+04	5.361569e-03
1.324805e+04	6.884617e-03
1.325391e+04	4.645599e-03
1.325977e+04	5.418877e-03
1.326562e+04	5.249536e-03
1.327148e+04	8.702458e-03
1.327734e+04	7.625535e-03
1.328320e+04	4.840574e-03
1.328906e+04	5.588861e-03
1.329492e+04	6.281434e-03
1.330078e+04	5.312999e-03
1.330664e+04	3.885925e-03
1.331250e+04	4.086435e-03
1.331836e+04	6.384078e-03
1.332422e+04	7.053312e-03
1.333008e+04	5.399616e-03
1.333594e+04	5.304584e-03
1.334180e+04	6.509298e-03
1.334766e+04	4.136359e-03
1.335352e+04	4.846385e-03
1.335938e+04	5.002751e-03
1.336523e+04	5.891920e-03
1.337109e+04	8.297028e-03
1.337695e+04	6.027691e-03
1.338281e+04	5.092870e-03
1.338867e+04	5.635500e-03
1.339453e+04	5.032553e-03
1.340039e+04	4.577038e-03
1.340625e+04	5.395729e-03
1.341211e+04	4.028512e-03
1.341797e+04	1.033174e-02
1.342383e+04	5.873722e-03
1.342969e+04	5.783013e-03
1.343555e+04	6.169350e-03
1.344141e+04	6.053153e-03
1.344727e+04	5.008074e-03
1.345312e+04	4.353385e-03
1.345898e+04	6.076931e-03
1.346484e+04	9.998773e-03
1.347070e+04	5.616432e-03
1.347656e+04	5.058195e-03
1.348242e+04	6.586828e-03
1.348828e+04	5.739709e-03
1.349414e+04	4.686207e-03
1.350000e+04	4.865784e-03
1.350586e+04	6.025080e-03
1.351172e+04	9.183795e-03
1.351758e+04	5.547227e-03
1.352344e+04	5.062443e-03
1.352930e+04	4.668793e-03
1.353516e+04	5.867832e-03
1.354102e+04	5.877641e-03
1.354688e+04	4.310782e-03
1.355273e+04	6.036742e-03
1.355859e+04	8.920742e-03
1.356445e+04	6.324748e-03
1.357031e+04	4.974208e-03
1.357617e+04	4.266664e-03
1.358203e+04	5.801748e-03
1.358789e+04	4.668436e-03
1.359375e+04	5.359550e-03
1.359961e+04	4.780139e-03
1.360547e+04	7.885789e-03
1.361133e+04	6.758352e-03
1.361719e+04	5.905831e-03
1.362305e+04	5.566531e-03
1.362891e+04	5.159311e-03
1.363477e+04	4.854366e-03
1.364062e+04	4.752283e-03
1.364648e+04	4.859372e-03
1.365234e+04	6.654371e-03
1.365820e+04	7.956029e-03
1.366406e+04	5.501069e-03
1.366992e+04	5.327401e-03
1.367578e+04	6.119993e-03
1.368164e+04	5.054385e-03
1.368750e+04	4.580483e-03
1.369336e+04	5.245643e-03
1.369922e+04	5.988486e-03
1.370508e+04	8.783469e-03
1.371094e+04	6.405220e-03
1.371680e+04	4.706373e-03
1.372266e+04	7.112875e-03
1.372852e+04	5.835968e-03
1.373438e+04	4.490071e-03
1.374023e+04	5.298232e-03
1.374609e+04	5.969272e-03
1.375195e+04	8.788933e-03
1.375781e+04	6.820197e-03
1.376367e+04	5.374218e-03
1.376953e+04	6.264412e-03
1.377539e+04	6.252285e-03
1.378125e+04	4.896203e-03
1.378711e+04	4.452249e-03
1.379297e+04	6.509262e-03
1.379883e+04	9.125968e-03
1.380469e+04	6.773287e-03
1.381055e+04	4.894421e-03
1.381641e+04	5.218793e-03
1.382227e+04	4.844679e-03
1.382812e+04	4.391136e-03
1.383398e+04	3.603038e-03
1.383984e+04	5.902365e-03
1.384570e+04	8.268045e-03
1.385156e+04	6.208832e-03
1.385742e+04	5.935118e-03
1.386328e+04	5.710914e-03
1.386914e+04	5.642701e-03
1.387500e+04	4.715806e-03
1.388086e+04	4.756481e-03
1.388672e+04	5.401321e-03
1.389258e+04	7.557981e-03
1.389844e+04	6.788152e-03
1.390430e+04	4.919322e-03
1.391016e+04	4.354516e-03
1.391602e+04	6.592899e-03
1.392188e+04	4.478355e-03
1.392773e+04	4.831077e-03
1.393359e+04	5.992807e-03
1.393945e+04	7.643965e-03
1.394531e+04	7.130555e-03
1.395117e+04	5.158837e-03
1.395703e+04	4.975433e-03
1.396289e+04	6.178994e-03
1.396875e+04	4.637250e-03
1.397461e+04	4.739351e-03
1.398047e+04	4.806518e-03
1.398633e+04	7.712883e-03
1.399219e+04	7.342368e-03
1.399805e+04	5.501715e-03
1.400391e+04	4.178825e-03
1.400977e+04	4.801337e-03
1.401562e+04	5.266307e-03
1.402148e+04	5.136896e-03
1.402734e+04	4.818792e-03
1.403320e+04	8.161824e-03
1.403906e+04	6.944853e-03
1.404492e+04	4.874874e-03
1.405078e+04	4.962175e-03
1.405664e+04	6.007140e-03
1.406250e+04	5.255701e-03
1.406836e+04	5.059587e-03
1.407422e+04	3.670634e-03
1.408008e+04	8.190423e-03
1.408594e+04	6.964220e-03
1.409180e+04	5.111191e-03
1.409766e+04	4.406478e-03
1.410352e+04	4.752318e-03
1.410938e+04	5.693178e-03
1.411523e+04	4.812058e-03
1.412109e+04	4.284803e-03
1.412695e+04	7.402801e-03
1.413281e+04	6.112701e-03
1.413867e+04	6.417464e-03
1.414453e+04	6.342206e-03
1.415039e+04	4.588816e-03
1.415625e+04	6.384894e-03
1.416211e+04	4.254495e-03
1.416797e+04	5.708523e-03
1.417383e+04	6.773179e-03
1.417969e+04	7.766233e-03
1.418555e+04	5.236131e-03
1.419141e+04	4.867016e-03
1.419727e+04	5.192778e-03
1.420312e+04	5.882439e-03
1.420898e+04	4.179308e-03
1.421484e+04	4.235058e-03
1.422070e+04	5.809262e-03
1.422656e+04	7.229786e-03
1.423242e+04	6.075468e-03
1.423828e+04	5.503211e-03
1.424414e+04	5.731310e-03
1.425000e+04	5.724530e-03
1.425586e+04	5.755403e-03
1.426172e+04	4.684087e-03
1.426758e+04	6.361539e-03
1.427344e+04	8.142930e-03
1.427930e+04	6.261981e-03
1.428516e+04	5.395266e-03
1.429102e+04	4.731813e-03
1.429688e+04	4.887758e-03
1.430273e+04	5.862673e-03
1.430859e+04	5.015411e-03
1.431445e+04	3.144519e-03
1.432031e+04	8.542239e-03
1.432617e+04	6.077875e-03
1.433203e+04	5.132667e-03
1.433789e+04	6.159110e-03
1.434375e+04	4.728304e-03
1.434961e+04	6.674513e-03
1.435547e+04	4.816080e-03
1.436133e+04	4.060636e-03
1.436719e+04	9.461356e-03
1.437305e+04	6.527409e-03
1.437891e+04	5.579812e-03
1.438477e+04	4.674675e-03
1.439062e+04	4.612199e-03
1.439648e+04	5.342398e-03
1.440234e+04	3.978736e-03
1.440820e+04	5.542512e-03
1.441406e+04	8.187870e-03
1.441992e+04	6.047277e-03
1.442578e+04	5.002866e-03
1.443164e+04	3.923322e-03
1.443750e+04	3.627034e-03
1.444336e+04	5.887734e-03
1.444922e+04	5.636791e-03
1.445508e+04	4.672553e-03
1.446094e+04	8.363212e-03
1.446680e+04	7.175704e-03
1.447266e+04	5.383852e-03
1.447852e+04	3.595004e-03
1.448438e+04	5.322929e-03
1.449023e+04	5.664157e-03
1.449609e+04	5.231364e-03
1.450195e+04	4.045863e-03
1.450781e+04	8.031324e-03
1.451367e+04	7.224181e-03
1.451953e+04	7.010944e-03
1.452539e+04	5.358865e-03
1.453125e+04	3.403478e-03
1.453711e+04	5.453652e-03
1.454297e+04	5.450160e-03
1.454883e+04	3.530653e-03
1.455469e+04	5.518863e-03
1.456055e+04	8.388742e-03
1.456641e+04	4.744743e-03
1.457227e+04	5.405097e-03
1.457812e+04	4.442593e-03
1.458398e+04	3.674939e-03
1.458984e+04	4.964824e-03
1.459570e+04	5.023797e-03
1.460156e+04	3.547850e-03
1.460742e+04	9.858641e-03
1.461328e+04	5.076978e-03
1.461914e+04	5.569125e-03
1.462500e+04	5.254163e-03
1.463086e+04	3.738882e-03
1.463672e+04	5.451533e-03
1.464258e+04	4.505649e-03
1.464844e+04	3.961443e-03
1.465430e+04	9.096258e-03
1.466016e+04	6.362874e-03
1.466602e+04	4.841664e-03
1.467188e+04	4.553809e-03
1.467773e+04	4.257950e-03
1.468359e+04	5.465146e-03
1.468945e+04	4.514297e-03
1.469531e+04	4.304217e-03
1.470117e+04	1.080608e-02
1.470703e+04	5.651402e-03
1.471289e+04	4.133429e-03
1.471875e+04	4.320101e-03
1.472461e+04	3.837261e-03
1.473047e+04	5.718799e-03
1.473633e+04	4.503390e-03
1.474219e+04	4.544340e-03
1.474805e+04	1.007395e-02
1.475391e+04	5.762304e-03
1.475977e+04	4.491966e-03
1.476562e+04	4.795493e-03
1.477148e+04	4.863487e-03
1.477734e+04	4.623920e-03
1.478320e+04	4.532213e-03
1.478906e+04	5.164736e-03
1.479492e+04	9.482283e-03
1.480078e+04	5.680157e-03
1.480664e+04	4.805443e-03
1.481250e+04	4.121395e-03
1.481836e+04	4.262506e-03
1.482422e+04	3.868361e-03
1.483008e+04	5.255953e-03
1.483594e+04	3.580916e-03
1.484180e+04	7.225605e-03
1.484766e+04	7.014156e-03
1.485352e+04	5.445103e-03
1.485938e+04	5.229173e-03
1.486523e+04	5.124116e-03
1.487109e+04	4.794796e-03
1.487695e+04	5.705486e-03
1.488281e+04	4.634460e-03
1.488867e+04	4.603280e-03
1.489453e+04	8.098116e-03
1.490039e+04	5.736670e-03
1.490625e+04	4.754456e-03
1.491211e+04	4.914075e-03
1.491797e+04	4.329868e-03
1.492383e+04	5.072666e-03
1.492969e+04	5.556993e-03
1.493555e+04	4.373568e-03
1.494141e+04	9.922630e-03
1.494727e+04	5.675391e-03
1.495312e+04	4.272402e-03
1.495898e+04	5.468284e-03
1.496484e+04	4.284567e-03
1.497070e+04	5.477614e-03
1.497656e+04	4.851810e-03
1.498242e+04	4.213993e-03
1.498828e+04	1.108023e-02
1.499414e+04	5.100436e-03
1.500000e+04	4.938218e-03
1.500586e+04	3.707269e-03
1.501172e+04	4.644022e-03
1.501758e+04	6.280257e-03
1.502344e+04	4.481323e-03
1.502930e+04	6.229931e-03
1.503516e+04	1.102080e-02
1.504102e+04	4.663061e-03
1.504688e+04	5.037261e-03
1.505273e+04	4.792745e-03
1.505859e+04	5.121230e-03
1.506445e+04	4.866857e-03
1.507031e+04	5.409334e-03
1.507617e+04	4.484826e-03
1.508203e+04	9.583405e-03
1.508789e+04	4.946038e-03
1.509375e+04	4.113893e-03
1.509961e+04	5.440702e-03
1.510547e+04	4.104724e-03
1.511133e+04	4.692430e-03
1.511719e+04	5.746418e-03
1.512305e+04	5.571069e-03
1.512891e+04	7.194761e-03
1.513477e+04	6.285953e-03
1.514062e+04	4.130033e-03
1.514648e+04	5.041458e-03
1.515234e+04	4.662850e-03
1.515820e+04	5.191479e-03
1.516406e+04	4.939757e-03
1.516992e+04	4.319026e-03
1.517578e+04	5.201242e-03
1.518164e+04	7.547871e-03
1.518750e+04	5.638579e-03
1.519336e+04	5.548194e-03
1.519922e+04	4.173730e-03
1.520508e+04	5.393366e-03
1.521094e+04	4.944345e-03
1.521680e+04	5.239012e-03
1.522266e+04	3.533650e-03
1.522852e+04	1.073085e-02
1.523438e+04	5.919306e-03
1.524023e+04	4.632801e-03
1.524609e+04	5.234959e-03
1.525195e+04	4.591645e-03
1.525781e+04	5.518124e-03
1.526367e+04	5.016931e-03
1.526953e+04	3.321816e-03
1.527539e+04	1.135022e-02
1.528125e+04	5.681348e-03
1.528711e+04	5.792835e-03
1.529297e+04	5.843301e-03
1.529883e+04	4.696320e-03
1.530469e+04	6.082349e-03
1.531055e+04	4.795313e-03
1.531641e+04	4.321800e-03
1.532227e+04	1.061721e-02
1.532812e+04	4.807089e-03
1.533398e+04	4.933175e-03
1.533984e+04	4.364342e-03
1.534570e+04	4.551550e-03
1.535156e+04	5.531045e-03
1.535742e+04	5.278168e-03
1.536328e+04	5.473288e-03
1.536914e+04	9.057250e-03
1.537500e+04	3.809560e-03
1.538086e+04	4.868769e-03
1.538672e+04	4.158581e-03
1.539258e+04	5.363016e-03
1.539844e+04	3.868995e-03
1.540430e+04	5.631237e-03
1.541016e+04	5.133365e-03
1.541602e+04	8.122177e-03
1.542188e+04	4.900302e-03
1.542773e+04	4.828913e-03
1.543359e+04	4.529693e-03
1.543945e+04	4.239002e-03
1.544531e+04	4.579314e-03
1.545117e+04	5.523398e-03
1.545703e+04	4.737083e-03
1.546289e+04	5.249322e-03
1.546875e+04	6.624079e-03
1.547461e+04	4.236663e-03
1.548047e+04	5.825193e-03
1.548633e+04	4.255353e-03
1.549219e+04	4.957562e-03
1.549805e+04	5.617555e-03
1.550391e+04	4.771320e-03
1.550977e+04	4.696025e-03
1.551562e+04	7.107694e-03
1.552148e+04	4.599783e-03
1.552734e+04	4.188260e-03
1.553320e+04	5.409757e-03
1.553906e+04	5.981506e-03
1.554492e+04	5.082148e-03
1.555078e+04	5.306120e-03
1.555664e+04	5.439554e-03
1.556250e+04	9.792519e-03
1.556836e+04	4.720864e-03
1.557422e+04	4.670203e-03
1.558008e+04	4.394174e-03
1.558594e+04	5.049457e-03
1.559180e+04	4.923926e-03
1.559766e+04	6.013032e-03
1.560352e+04	4.576134e-03
1.560938e+04	9.417719e-03
1.561523e+04	4.208880e-03
1.562109e+04	4.945019e-03
1.562695e+04	4.960121e-03
1.563281e+04	4.064175e-03
1.563867e+04	3.972377e-03
1.564453e+04	5.723250e-03
1.565039e+04	4.328100e-03
1.565625e+04	7.908636e-03
1.566211e+04	5.143420e-03
1.566797e+04	4.326472e-03
1.567383e+04	4.215205e-03
1.567969e+04	5.378793e-03
1.568555e+04	4.067524e-03
1.569141e+04	5.143376e-03
1.569727e+04	4.566782e-03
1.570312e+04	7.209899e-03
1.570898e+04	4.936390e-03
1.571484e+04	3.734806e-03
1.572070e+04	4.266477e-03
1.572656e+04	4.910390e-03
1.573242e+04	4.702848e-03
1.573828e+04	5.043139e-03
1.574414e+04	5.135099e-03
1.575000e+04	6.541851e-03
1.575586e+04	6.355298e-03
1.576172e+04	4.886355e-03
1.576758e+04	3.619609e-03
1.577344e+04	4.426259e-03
1.577930e+04	5.575514e-03
1.578516e+04	4.158287e-03
1.579102e+04	4.873698e-03
1.579688e+04	6.194192e-03
1.580273e+04	7.237556e-03
1.580859e+04	4.667478e-03
1.581445e+04	4.641731e-03
1.582031e+04	4.930959e-03
1.582617e+04	5.052008e-03
1.583203e+04	5.047656e-03
1.583789e+04	5.132986e-03
1.584375e+04	4.163106e-03
1.584961e+04	7.409682e-03
1.585547e+04	4.084946e-03
1.586133e+04	4.618528e-03
1.586719e+04	4.907883e-03
1.587305e+04	4.877950e-03
1.587891e+04	4.139603e-03
1.588477e+04	4.733648e-03
1.589062e+04	4.282787e-03
1.589648e+04	8.046635e-03
1.590234e+04	4.592558e-03
1.590820e+04	3.476016e-03
1.591406e+04	4.106259e-03
1.591992e+04	4.916461e-03
1.592578e+04	4.586438e-03
1.593164e+04	5.209335e-03
1.593750e+04	4.927751e-03
1.594336e+04	8.038718e-03
1.594922e+04	5.608055e-03
1.595508e+04	4.653193e-03
1.596094e+04	3.439195e-03
1.596680e+04	5.123308e-03
1.597266e+04	4.430388e-03
1.597852e+04	5.475669e-03
1.598438e+04	4.678454e-03
1.599023e+04	7.568996e-03
1.599609e+04	5.934416e-03
1.600195e+04	3.867574e-03
1.600781e+04	4.322806e-03
1.601367e+04	4.251537e-03
1.601953e+04	3.888277e-03
1.602539e+04	4.847778e-03
1.603125e+04	5.413175e-03
1.603711e+04	5.064804e-03
1.604297e+04	5.918038e-03
1.604883e+04	5.433173e-03
1.605469e+04	3.994285e-03
1.606055e+04	4.677666e-03
1.606641e+04	4.401587e-03
1.607227e+04	6.308860e-03
1.607812e+04	4.894785e-03
1.608398e+04	6.889244e-03
1.608984e+04	5.515367e-03
1.609570e+04	4.096164e-03
1.610156e+04	3.750694e-03
1.610742e+04	4.532622e-03
1.611328e+04	4.961897e-03
1.611914e+04	4.448170e-03
1.612500e+04	5.656384e-03
1.613086e+04	5.252326e-03
1.613672e+04	6.993753e-03
1.614258e+04	4.258114e-03
1.614844e+04	4.273109e-03
1.615430e+04	4.517299e-03
1.616016e+04	4.383479e-03
1.616602e+04	4.628703e-03
1.617188e+04	4.943192e-03
1.617773e+04	7.241754e-03
1.618359e+04	7.186105e-03
1.618945e+04	4.782134e-03
1.619531e+04	3.875974e-03
1.620117e+04	3.857811e-03
1.620703e+04	5.684899e-03
1.621289e+04	4.791727e-03
1.621875e+04	5.491885e-03
1.622461e+04	4.761472e-03
1.623047e+04	6.770487e-03
1.623633e+04	4.887454e-03
1.624219e+04	4.645709e-03
1.624805e+04	5.289479e-03
1.625391e+04	5.041971e-03
1.625977e+04	4.604358e-03
1.626562e+04	5.066982e-03
1.627148e+04	5.924763e-03
1.627734e+04	5.570711e-03
1.628320e+04	4.949738e-03
1.628906e+04	4.019640e-03
1.629492e+04	3.981418e-03
1.630078e+04	4.883924e-03
1.630664e+04	4.846048e-03
1.631250e+04	5.484036e-03
1.631836e+04	5.987298e-03
1.632422e+04	4.736082e-03
1.633008e+04	5.612934e-03
1.633594e+04	4.184202e-03
1.634180e+04	4.420390e-03
1.634766e+04	4.517469e-03
1.635352e+04	4.779555e-03
1.635938e+04	5.177323e-03
1.636523e+04	5.896557e-03
1.637109e+04	5.011613e-03
1.637695e+04	5.925590e-03
1.638281e+04	4.895353e-03
1.638867e+04	4.947139e-03
1.639453e+04	4.175105e-03
1.640039e+04	5.764450e-03
1.640625e+04	4.634235e-03
1.641211e+04	5.659927e-03
1.641797e+04	6.471101e-03
1.642383e+04	6.136123e-03
1.642969e+04	4.178969e-03
1.643555e+04	3.320073e-03
1.644141e+04	4.592742e-03
1.644727e+04	5.305433e-03
1.645312e+04	5.344096e-03
1.645898e+04	5.350805e-03
1.646484e+04	5.702365e-03
1.647070e+04	4.761248e-03
1.647656e+04	4.808453e-03
1.648242e+04	4.341641e-03
1.648828e+04	4.406096e-03
1.649414e+04	4.578113e-03
1.650000e+04	4.097994e-03
1.650586e+04	4.943177e-03
1.651172e+04	5.210902e-03
1.651758e+04	6.042795e-03
1.652344e+04	3.892214e-03
1.652930e+04	3.919250e-03
1.653516e+04	4.622991e-03
1.654102e+04	6.531979e-03
1.654688e+04	4.913672e-03
1.655273e+04	5.053692e-03
1.655859e+04	7.209656e-03
1.656445e+04	5.780611e-03
1.657031e+04	4.896663e-03
1.657617e+04	4.973551e-03
1.658203e+04	4.378995e-03
1.658789e+04	5.274831e-03
1.659375e+04	5.451845e-03
1.659961e+04	5.424534e-03
1.660547e+04	5.795558e-03
1.661133e+04	5.074593e-03
1.661719e+04	5.573654e-03
1.662305e+04	4.155408e-03
1.662891e+04	3.318062e-03
1.663477e+04	4.887708e-03
1.664062e+04	5.381412e-03
1.664648e+04	4.346078e-03
1.665234e+04	6.011766e-03
1.665820e+04	5.331314e-03
1.666406e+04	4.873084e-03
1.666992e+04	4.359142e-03
1.667578e+04	4.501953e-03
1.668164e+04	3.861239e-03
1.668750e+04	5.229487e-03
1.669336e+04	4.612119e-03
1.669922e+04	6.054173e-03
1.670508e+04	5.657848e-03
1.671094e+04	5.591485e-03
1.671680e+04	4.332686e-03
1.672266e+04	4.883617e-03
1.672852e+04	3.592262e-03
1.673438e+04	5.624090e-03
1.674023e+04	4.440235e-03
1.674609e+04	5.458829e-03
1.675195e+04	5.643306e-03
1.675781e+04	5.519159e-03
1.676367e+04	2.945689e-03
1.676953e+04	4.469226e-03
1.677539e+04	3.313675e-03
1.678125e+04	6.850151e-03
1.678711e+04	4.543839e-03
1.679297e+04	4.927251e-03
1.679883e+04	5.966774e-03
1.680469e+04	4.937418e-03
1.681055e+04	4.535857e-03
1.681641e+04	3.594759e-03
1.682227e+04	2.516664e-03
1.682812e+04	5.982660e-03
1.683398e+04	4.268286e-03
1.683984e+04	4.812810e-03
1.684570e+04	5.204295e-03
1.685156e+04	5.879457e-03
1.685742e+04	5.572585e-03
1.686328e+04	3.755941e-03
1.686914e+04	3.957071e-03
1.687500e+04	6.444205e-03
1.688086e+04	5.589301e-03
1.688672e+04	4.519336e-03
1.689258e+04	5.002461e-03
1.689844e+04	5.379276e-03
1.690430e+04	4.649580e-03
1.691016e+04	4.402633e-03
1.691602e+04	3.981272e-03
1.692188e+04	4.867692e-03
1.692773e+04	5.081272e-03
1.693359e+04	5.513527e-03
1.693945e+04	6.373961e-03
1.694531e+04	7.097931e-03
1.695117e+04	5.911672e-03
1.695703e+04	4.412901e-03
1.696289e+04	3.502177e-03
1.696875e+04	4.567168e-03
1.697461e+04	5.976722e-03
1.698047e+04	5.413124e-03
1.698633e+04	6.229974e-03
1.699219e+04	4.770357e-03
1.699805e+04	5.619297e-03
1.700391e+04	5.271477e-03
1.700977e+04	3.417829e-03
1.701562e+04	3.947203e-03
1.702148e+04	5.968070e-03
1.702734e+04	4.183102e-03
1.703320e+04	5.136906e-03
1.703906e+04	5.698622e-03
1.704492e+04	4.683333e-03
1.705078e+04	5.543515e-03
1.705664e+04	3.341520e-03
1.706250e+04	3.907988e-03
1.706836e+04	6.434585e-03
1.707422e+04	4.784724e-03
1.708008e+04	4.664670e-03
1.708594e+04	6.861908e-03
1.709180e+04	5.796647e-03
1.709766e+04	3.949707e-03
1.710352e+04	3.424056e-03
1.710938e+04	4.228344e-03
1.711523e+04	5.195371e-03
1.712109e+04	5.755345e-03
1.712695e+04	5.107637e-03
1.713281e+04	6.127435e-03
1.713867e+04	4.652981e-03
1.714453e+04	4.538090e-03
1.715039e+04	4.468021e-03
1.715625e+04	3.959395e-03
1.716211e+04	5.971241e-03
1.716797e+04	5.179941e-03
1.717383e+04	5.416336e-03
1.717969e+04	6.077281e-03
1.718555e+04	5.165549e-03
1.719141e+04	4.753317e-03
1.719727e+04	4.012295e-03
1.720312e+04	3.979572e-03
1.720898e+04	4.686674e-03
1.721484e+04	4.470621e-03
1.722070e+04	4.918679e-03
1.722656e+04	6.040829e-03
1.723242e+04	6.237316e-03
1.723828e+04	4.763220e-03
1.724414e+04	4.195278e-03
1.725000e+04	4.024896e-03
1.725586e+04	3.599952e-03
1.726172e+04	5.870729e-03
1.726758e+04	5.101922e-03
1.727344e+04	6.284689e-03
1.727930e+04	4.906336e-03
1.728516e+04	4.782065e-03
1.729102e+04	4.460051e-03
1.729688e+04	3.147201e-03
1.730273e+04	2.866490e-03
1.730859e+04	6.249266e-03
1.731445e+04	3.617728e-03
1.732031e+04	5.750243e-03
1.732617e+04	6.440351e-03
1.733203e+04	4.651442e-03
1.733789e+04	3.682342e-03
1.734375e+04	3.239165e-03
1.734961e+04	4.112081e-03
1.735547e+04	6.900685e-03
1.736133e+04	4.767416e-03
1.736719e+04	5.228785e-03
1.737305e+04	5.398926e-03
1.737891e+04	4.217261e-03
1.738477e+04	4.530455e-03
1.739062e+04	4.571304e-03
1.739648e+04	4.246694e-03
1.740234e+04	6.429085e-03
1.740820e+04	5.126042e-03
1.741406e+04	3.956602e-03
1.741992e+04	5.642354e-03
1.742578e+04	5.133296e-03
1.743164e+04	4.417942e-03
1.743750e+04	4.932319e-03
1.744336e+04	4.291583e-03
1.744922e+04	5.314923e-03
1.745508e+04	5.077253e-03
1.746094e+04	4.426902e-03
1.746680e+04	4.583576e-03
1.747266e+04	5.457672e-03
1.747852e+04	4.796547e-03
1.748438e+04	4.818734e-03
1.749023e+04	3.585209e-03
1.749609e+04	4.988432e-03
1.750195e+04	6.124582e-03
1.750781e+04	5.549563e-03
1.751367e+04	5.895087e-03
1.751953e+04	6.051265e-03
1.752539e+04	4.729994e-03
1.753125e+04	5.231556e-03
1.753711e+04	3.424872e-03
1.754297e+04	4.048176e-03
1.754883e+04	6.678249e-03
1.755469e+04	5.722142e-03
1.756055e+04	5.482132e-03
1.756641e+04	5.830748e-03
1.757227e+04	4.668871e-03
1.757812e+04	3.738116e-03
1.758398e+04	4.053897e-03
1.758984e+04	4.548799e-03
1.759570e+04	6.619862e-03
1.760156e+04	4.441670e-03
1.760742e+04	5.272866e-03
1.761328e+04	6.385517e-03
1.761914e+04	4.281236e-03
1.762500e+04	4.501972e-03
1.763086e+04	4.284534e-03
1.763672e+04	4.050922e-03
1.764258e+04	7.194562e-03
1.764844e+04	4.443248e-03
1.765430e+04	5.393350e-03
1.766016e+04	5.761785e-03
1.766602e+04	3.944357e-03
1.767188e+04	3.620945e-03
1.767773e+04	3.809905e-03
1.768359e+04	4.566179e-03
1.768945e+04	7.175033e-03
1.769531e+04	3.525769e-03
1.770117e+04	4.997070e-03
1.770703e+04	6.440851e-03
1.771289e+04	4.815047e-03
1.771875e+04	4.074575e-03
1.772461e+04	3.920139e-03
1.773047e+04	3.610792e-03
1.773633e+04	5.288593e-03
1.774219e+04	5.570702e-03
1.774805e+04	4.914087e-03
1.775391e+04	6.624959e-03
1.775977e+04	4.669873e-03
1.776562e+04	4.125628e-03
1.777148e+04	4.305763e-03
1.777734e+04	3.818627e-03
1.778320e+04	5.238447e-03
1.778906e+04	4.897147e-03
1.779492e+04	4.454988e-03
1.780078e+04	5.030799e-03
1.780664e+04	4.518415e-03
1.781250e+04	4.431518e-03
1.781836e+04	4.347891e-03
1.782422e+04	3.735077e-03
1.783008e+04	4.213789e-03
1.783594e+04	6.746277e-03
1.784180e+04	4.484775e-03
1.784766e+04	4.938434e-03
1.785352e+04	5.244001e-03
1.785938e+04	3.772553e-03
1.786523e+04	3.582303e-03
1.787109e+04	3.920631e-03
1.787695e+04	3.992962e-03
1.788281e+04	6.580846e-03
1.788867e+04	4.683635e-03
1.789453e+04	5.401365e-03
1.790039e+04	5.624577e-03
1.790625e+04	4.518406e-03
1.791211e+04	3.699499e-03
1.791797e+04	5.710851e-03
1.792383e+04	4.443130e-03
1.792969e+04	6.310369e-03
1.793555e+04	4.889800e-03
1.794141e+04	4.568517e-03
1.794727e+04	5.716670e-03
1.795312e+04	4.340238e-03
1.795898e+04	3.783532e-03
1.796484e+04	4.669567e-03
1.797070e+04	4.094197e-03
1.797656e+04	6.428895e-03
1.798242e+04	4.738446e-03
1.798828e+04	4.937541e-03
1.799414e+04	7.069168e-03
1.800000e+04	4.015018e-03
1.800586e+04	4.195938e-03
1.801172e+04	4.935580e-03
1.801758e+04	4.075529e-03
1.802344e+04	5.960136e-03
1.802930e+04	4.101978e-03
1.803516e+04	3.790264e-03
1.804102e+04	6.513271e-03
1.804688e+04	4.736088e-03
1.805273e+04	3.710976e-03
1.805859e+04	3.816616e-03
1.806445e+04	4.561710e-03
1.807031e+04	6.146664e-03
1.807617e+04	5.492078e-03
1.808203e+04	4.657428e-03
1.808789e+04	5.841250e-03
1.809375e+04	5.390787e-03
1.809961e+04	5.397205e-03
1.810547e+04	4.722852e-03
1.811133e+04	3.997089e-03
1.811719e+04	3.898412e-03
1.812305e+04	6.986001e-03
1.812891e+04	4.875857e-03
1.813477e+04	5.512863e-03
1.814062e+04	5.119723e-03
1.814648e+04	4.087869e-03
1.815234e+04	3.841156e-03
1.815820e+04	4.125231e-03
1.816406e+04	4.742914e-03
1.816992e+04	7.285158e-03
1.817578e+04	5.374488e-03
1.818164e+04	5.091865e-03
1.818750e+04	4.798030e-03
1.819336e+04	4.097068e-03
1.819922e+04	3.657692e-03
1.820508e+04	4.605730e-03
1.821094e+04	4.764994e-03
1.821680e+04	6.236321e-03
1.822266e+04	4.856300e-03
1.822852e+04	4.493313e-03
1.823438e+04	4.915626e-03
1.824023e+04	3.591855e-03
1.824609e+04	3.001229e-03
1.825195e+04	5.098017e-03
1.825781e+04	4.214384e-03
1.826367e+04	6.365821e-03
1.826953e+04	4.362448e-03
1.827539e+04	4.116218e-03
1.828125e+04	5.697920e-03
1.828711e+04	3.137416e-03
1.829297e+04	3.599368e-03
1.829883e+04	5.760456e-03
1.830469e+04	4.626959e-03
1.831055e+04	7.466490e-03
1.831641e+04	5.103737e-03
1.832227e+04	4.868612e-03
1.832812e+04	5.037814e-03
1.833398e+04	3.820293e-03
1.833984e+04	3.904897e-03
1.834570e+04	4.503964e-03
1.835156e+04	3.965862e-03
1.835742e+04	6.339589e-03
1.836328e+04	4.226743e-03
1.836914e+04	4.077877e-03
1.837500e+04	5.113714e-03
1.838086e+04	5.079379e-03
1.838672e+04	5.167433e-03
1.839258e+04	3.239265e-03
1.839844e+04	4.035018e-03
1.840430e+04	4.867302e-03
1.841016e+04	4.083650e-03
1.841602e+04	4.119057e-03
1.842188e+04	4.126529e-03
1.842773e+04	4.670926e-03
1.843359e+04	3.332290e-03
1.843945e+04	3.625026e-03
1.844531e+04	4.866442e-03
1.845117e+04	5.683393e-03
1.845703e+04	6.221776e-03
1.846289e+04	5.035913e-03
1.846875e+04	4.301868e-03
1.847461e+04	5.376139e-03
1.848047e+04	4.575211e-03
1.848633e+04	4.757189e-03
1.849219e+04	3.076247e-03
1.849805e+04	4.751245e-03
1.850391e+04	6.015132e-03
1.850977e+04	4.363437e-03
1.851562e+04	5.071272e-03
1.852148e+04	5.190174e-03
1.852734e+04	4.314868e-03
1.853320e+04	4.095710e-03
1.853906e+04	3.533658e-03
1.854492e+04	5.076547e-03
1.855078e+04	6.758424e-03
1.855664e+04	5.047135e-03
1.856250e+04	4.099331e-03
1.856836e+04	5.207702e-03
1.857422e+04	4.494196e-03
1.858008e+04	3.981053e-03
1.858594e+04	2.420503e-03
1.859180e+04	5.502601e-03
1.859766e+04	5.366466e-03
1.860352e+04	5.584156e-03
1.860938e+04	4.014199e-03
1.861523e+04	4.898748e-03
1.862109e+04	4.074694e-03
1.862695e+04	3.577368e-03
1.863281e+04	3.674206e-03
1.863867e+04	4.814326e-03
1.864453e+04	5.720224e-03
1.865039e+04	4.906439e-03
1.865625e+04	4.812426e-03
1.866211e+04	4.043233e-03
1.866797e+04	5.156538e-03
1.867383e+04	2.797174e-03
1.867969e+04	4.115848e-03
1.868555e+04	4.295078e-03
1.869141e+04	4.900572e-03
1.869727e+04	7.163126e-03
1.870312e+04	4.279638e-03
1.870898e+04	4.166457e-03
1.871484e+04	5.354925e-03
1.872070e+04	3.557930e-03
1.872656e+04	4.416595e-03
1.873242e+04	4.744727e-03
1.873828e+04	4.635969e-03
1.874414e+04	5.448607e-03
1.875000e+04	4.265487e-03
1.875586e+04	4.423095e-03
1.876172e+04	5.235171e-03
1.876758e+04	5.150228e-03
1.877344e+04	3.854174e-03
1.877930e+04	4.409761e-03
1.878516e+04	6.172987e-03
1.879102e+04	5.578327e-03
1.879688e+04	4.933449e-03
1.880273e+04	4.503837e-03
1.880859e+04	4.084452e-03
1.881445e+04	5.363080e-03
1.882031e+04	4.334595e-03
1.882617e+04	3.198850e-03
1.883203e+04	6.128087e-03
1.883789e+04	7.354110e-03
1.884375e+04	5.282395e-03
1.884961e+04	4.541746e-03
1.885547e+04	5.185845e-03
1.886133e+04	3.613253e-03
1.886719e+04	3.948951e-03
1.887305e+04	3.708079e-03
1.887891e+04	4.904125e-03
1.888477e+04	6.500236e-03
1.889062e+04	4.915031e-03
1.889648e+04	4.691578e-03
1.890234e+04	4.615567e-03
1.890820e+04	5.009056e-03
1.891406e+04	2.733976e-03
1.891992e+04	2.600598e-03
1.892578e+04	5.962413e-03
1.893164e+04	5.448231e-03
1.893750e+04	5.393931e-03
1.894336e+04	4.515685e-03
1.894922e+04	4.433487e-03
1.895508e+04	3.756622e-03
1.896094e+04	3.214378e-03
1.896680e+04	4.206060e-03
1.897266e+04	5.093921e-03
1.897852e+04	6.121998e-03
1.898438e+04	4.952175e-03
1.899023e+04	4.113269e-03
1.899609e+04	4.417048e-03
1.900195e+04	3.879508e-03
1.900781e+04	4.003289e-03
1.901367e+04	3.208288e-03
1.901953e+04	4.028916e-03
1.902539e+04	5.332523e-03
1.903125e+04	4.948177e-03
1.903711e+04	4.572605e-03
1.904297e+04	5.972677e-03
1.904883e+04	5.442378e-03
1.905469e+04	4.188221e-03
1.906055e+04	3.386726e-03
1.906641e+04	4.413118e-03
1.907227e+04	5.832900e-03
1.907812e+04	4.912157e-03
1.908398e+04	4.931658e-03
1.908984e+04	4.703533e-03
1.909570e+04	5.299841e-03
1.910156e+04	3.873094e-03
1.910742e+04	4.270520e-03
1.911328e+04	4.371274e-03
1.911914e+04	5.434873e-03
1.912500e+04	6.216160e-03
1.913086e+04	5.159048e-03
1.913672e+04	5.284402e-03
1.914258e+04	4.487246e-03
1.914844e+04	4.812122e-03
1.915430e+04	4.203319e-03
1.916016e+04	4.051905e-03
1.916602e+04	6.202015e-03
1.917188e+04	6.131899e-03
1.917773e+04	5.367332e-03
1.918359e+04	4.672925e-03
1.918945e+04	4.298336e-03
1.919531e+04	3.782193e-03
1.920117e+04	3.615028e-03
1.920703e+04	3.449309e-03
1.921289e+04	6.017153e-03
1.921875e+04	5.744540e-03
1.922461e+04	5.255116e-03
1.923047e+04	3.656437e-03
1.923633e+04	4.578708e-03
1.924219e+04	3.850057e-03
1.924805e+04	4.815836e-03
1.925391e+04	4.295393e-03
1.925977e+04	4.546909e-03
1.926562e+04	5.495012e-03
1.927148e+04	5.459173e-03
1.927734e+04	4.180666e-03
1.928320e+04	3.958156e-03
1.928906e+04	4.177490e-03
1.929492e+04	3.799935e-03
1.930078e+04	3.858902e-03
1.930664e+04	5.012289e-03
1.931250e+04	5.239198e-03
1.931836e+04	3.818238e-03
1.932422e+04	4.286773e-03
1.933008e+04	4.233129e-03
1.933594e+04	5.460824e-03
1.934180e+04	4.706309e-03
1.934766e+04	4.092699e-03
1.935352e+04	4.164071e-03
1.935938e+04	5.392937e-03
1.936523e+04	4.888111e-03
1.937109e+04	3.621521e-03
1.937695e+04	4.716249e-03
1.938281e+04	4.522963e-03
1.938867e+04	3.769814e-03
1.939453e+04	3.574791e-03
1.940039e+04	3.217704e-03
1.940625e+04	6.955403e-03
1.941211e+04	5.452917e-03
1.941797e+04	5.469680e-03
1.942383e+04	4.061482e-03
1.942969e+04	4.757450e-03
1.943555e+04	5.330999e-03
1.944141e+04	4.654254e-03
1.944727e+04	4.832368e-03
1.945312e+04	7.865364e-03
1.945898e+04	5.399741e-03
1.946484e+04	4.824721e-03
1.947070e+04	3.972619e-03
1.947656e+04	4.305922e-03
1.948242e+04	5.458733e-03
1.948828e+04	3.652697e-03
1.949414e+04	3.829438e-03
1.950000e+04	5.750161e-03
1.950586e+04	5.239555e-03
1.951172e+04	4.410447e-03
1.951758e+04	4.436903e-03
1.952344e+04	4.246129e-03
1.952930e+04	5.009611e-03
1.953516e+04	4.711311e-03
1.954102e+04	3.282825e-03
1.954688e+04	6.880564e-03
1.955273e+04	4.129879e-03
1.955859e+04	3.597081e-03
1.956445e+04	4.738979e-03
1.957031e+04	4.514303e-03
1.957617e+04	4.814251e-03
1.958203e+04	3.749233e-03
1.958789e+04	4.199927e-03
1.959375e+04	6.307698e-03
1.959961e+04	5.028165e-03
1.960547e+04	3.927071e-03
1.961133e+04	3.858338e-03
1.961719e+04	3.758652e-03
1.962305e+04	3.962440e-03
1.962891e+04	3.295488e-03
1.963477e+04	3.037037e-03
1.964062e+04	4.051062e-03
1.964648e+04	6.180872e-03
1.965234e+04	4.093091e-03
1.965820e+04	4.617288e-03
1.966406e+04	5.170331e-03
1.966992e+04	5.027402e-03
1.967578e+04	4.968444e-03
1.968164e+04	4.218209e-03
1.968750e+04	3.212526e-03
1.969336e+04	8.414829e-03
1.969922e+04	4.795535e-03
1.970508e+04	4.481598e-03
1.971094e+04	3.592486e-03
1.971680e+04	3.564084e-03
1.972266e+04	4.952534e-03
1.972852e+04	3.247354e-03
1.973438e+04	4.289935e-03
1.974023e+04	8.989522e-03
1.974609e+04	4.185547e-03
1.975195e+04	5.437100e-03
1.975781e+04	3.672079e-03
1.976367e+04	4.435541e-03
1.976953e+04	4.790876e-03
1.977539e+04	4.606305e-03
1.978125e+04	4.013216e-03
1.978711e+04	9.248862e-03
1.979297e+04	4.532732e-03
1.979883e+04	5.244392e-03
1.980469e+04	5.174237e-03
1.981055e+04	4.539430e-03
1.981641e+04	4.088127e-03
1.982227e+04	3.755012e-03
1.982812e+04	4.863653e-03
1.983398e+04	8.262092e-03
1.983984e+04	5.431850e-03
1.984570e+04	3.341030e-03
1.985156e+04	4.375805e-03
1.985742e+04	3.660447e-03
1.986328e+04	4.559394e-03
1.986914e+04	4.365212e-03
1.987500e+04	4.005204e-03
1.988086e+04	5.933758e-03
1.988672e+04	4.094351e-03
1.989258e+04	3.973245e-03
1.989844e+04	3.983697e-03
1.990430e+04	4.906490e-03
1.991016e+04	4.649887e-03
1.991602e+04	3.876620e-03
1.992188e+04	3.318780e-03
1.992773e+04	5.473028e-03
1.993359e+04	5.793958e-03
1.993945e+04	4.864067e-03
1.994531e+04	3.710767e-03
1.995117e+04	3.515043e-03
1.995703e+04	3.852338e-03
1.996289e+04	4.301172e-03
1.996875e+04	2.940952e-03
1.997461e+04	3.185746e-03
1.998047e+04	8.334188e-03
1.998633e+04	4.570222e-03
1.999219e+04	4.697506e-03
1.999805e+04	4.059626e-03
2.000391e+04	4.991093e-03
2.000977e+04	4.200337e-03
2.001562e+04	4.471042e-03
2.002148e+04	2.438407e-03
2.002734e+04	9.083568e-03
2.003320e+04	4.943464e-03
2.003906e+04	5.113637e-03
2.004492e+04	4.988289e-03
2.005078e+04	4.265334e-03
2.005664e+04	4.933763e-03
2.006250e+04	5.025325e-03
2.006836e+04	4.483064e-03
2.007422e+04	9.974350e-03
2.008008e+04	4.480474e-03
2.008594e+04	4.759227e-03
2.009180e+04	5.004576e-03
2.009766e+04	4.105558e-03
2.010352e+04	5.233736e-03
2.010938e+04	4.060276e-03
2.011523e+04	4.008840e-03
2.012109e+04	1.007997e-02
2.012695e+04	3.801469e-03
2.013281e+04	3.647176e-03
2.013867e+04	4.553650e-03
2.014453e+04	3.684912e-03
2.015039e+04	4.963829e-03
2.015625e+04	4.466895e-03
2.016211e+04	5.206725e-03
2.016797e+04	7.297731e-03
2.017383e+04	4.200954e-03
2.017969e+04	3.916137e-03
2.018555e+04	4.072548e-03
2.019141e+04	4.606523e-03
2.019727e+04	4.376621e-03
2.020312e+04	3.701096e-03
2.020898e+04	3.899241e-03
2.021484e+04	7.240262e-03
2.022070e+04	5.746544e-03
2.022656e+04	4.826212e-03
2.023242e+04	3.970034e-03
2.023828e+04	3.526976e-03
2.024414e+04	5.164688e-03
2.025000e+04	3.231119e-03
2.025586e+04	4.610229e-03
2.026172e+04	3.390797e-03
2.026758e+04	7.472525e-03
2.027344e+04	5.021595e-03
2.027930e+04	5.570485e-03
2.028516e+04	3.679363e-03
2.029102e+04	4.095917e-03
2.029688e+04	4.259669e-03
2.030273e+04	3.813794e-03
2.030859e+04	2.451942e-03
2.031445e+04	8.411696e-03
2.032031e+04	4.959158e-03
2.032617e+04	4.640114e-03
2.033203e+04	4.727054e-03
2.033789e+04	4.357523e-03
2.034375e+04	4.628375e-03
2.034961e+04	4.172223e-03
2.035547e+04	3.542396e-03
2.036133e+04	9.558517e-03
2.036719e+04	4.527565e-03
2.037305e+04	5.266408e-03
2.037891e+04	4.383422e-03
2.038477e+04	4.153545e-03
2.039062e+04	4.224747e-03
2.039648e+04	3.990641e-03
2.040234e+04	3.585033e-03
2.040820e+04	8.561500e-03
2.041406e+04	3.353124e-03
2.041992e+04	4.011127e-03
2.042578e+04	4.084084e-03
2.043164e+04	3.855024e-03
2.043750e+04	3.715412e-03
2.044336e+04	4.520011e-03
2.044922e+04	4.761678e-03
2.045508e+04	8.973640e-03
2.046094e+04	4.455322e-03
2.046680e+04	3.449102e-03
2.047266e+04	3.515044e-03
2.047852e+04	3.885725e-03
2.048438e+04	3.856660e-03
2.049023e+04	6.080932e-03
2.049609e+04	4.510338e-03
2.050195e+04	7.128569e-03
2.050781e+04	3.215177e-03
2.051367e+04	3.944164e-03
2.051953e+04	4.125297e-03
2.052539e+04	4.199994e-03
2.053125e+04	4.045094e-03
2.053711e+04	4.775355e-03
2.054297e+04	3.752821e-03
2.054883e+04	5.020671e-03
2.055469e+04	5.618282e-03
2.056055e+04	4.113471e-03
2.056641e+04	3.891234e-03
2.057227e+04	4.689635e-03
2.057812e+04	3.627747e-03
2.058398e+04	4.438822e-03
2.058984e+04	3.726268e-03
2.059570e+04	4.165510e-03
2.060156e+04	8.157040e-03
2.060742e+04	5.486742e-03
2.061328e+04	4.077404e-03
2.061914e+04	3.720746e-03
2.062500e+04	3.113266e-03
2.063086e+04	4.490096e-03
2.063672e+04	4.304384e-03
2.064258e+04	3.141517e-03
2.064844e+04	9.301713e-03
2.065430e+04	3.439292e-03
2.066016e+04	4.660861e-03
2.066602e+04	3.662864e-03
2.067188e+04	4.878279e-03
2.067773e+04	4.980044e-03
2.068359e+04	4.913572e-03
2.068945e+04	3.474931e-03
2.069531e+04	8.500279e-03
2.070117e+04	4.122328e-03
2.070703e+04	3.908041e-03
2.071289e+04	4.267887e-03
2.071875e+04	4.838293e-03
2.072461e+04	3.849826e-03
2.073047e+04	3.822658e-03
2.073633e+04	4.850924e-03
2.074219e+04	8.587753e-03
2.074805e+04	4.017886e-03
2.075391e+04	3.926255e-03
2.075977e+04	5.647362e-03
2.076562e+04	3.976421e-03
2.077148e+04	4.100339e-03
2.077734e+04	3.283266e-03
2.078320e+04	4.488608e-03
2.078906e+04	7.741083e-03
2.079492e+04	4.256791e-03
2.080078e+04	3.228961e-03
2.080664e+04	4.039730e-03
2.081250e+04	3.722690e-03
2.081836e+04	3.122623e-03
2.082422e+04	3.292451e-03
2.083008e+04	4.278563e-03
2.083594e+04	6.101214e-03
2.084180e+04	4.957190e-03
2.084766e+04	4.179554e-03
2.085352e+04	4.454894e-03
2.085938e+04	4.684143e-03
2.086523e+04	4.662767e-03
2.087109e+04	4.155589e-03
2.087695e+04	3.990572e-03
2.088281e+04	5.438875e-03
2.088867e+04	6.252343e-03
2.089453e+04	4.077561e-03
2.090039e+04	3.740867e-03
2.090625e+04	4.590208e-03
2.091211e+04	3.069546e-03
2.091797e+04	3.743549e-03
2.092383e+04	4.417999e-03
2.092969e+04	5.455117e-03
2.093555e+04	6.992155e-03
2.094141e+04	3.987753e-03
2.094727e+04	5.169321e-03
2.095312e+04	4.244594e-03
2.095898e+04	4.563943e-03
2.096484e+04	3.401027e-03
2.097070e+04	5.212069e-03
2.097656e+04	5.425094e-03
2.098242e+04	7.940855e-03
2.098828e+04	4.266819e-03
2.099414e+04	4.042632e-03
2.100000e+04	4.043703e-03
2.100586e+04	4.553169e-03
2.101172e+04	4.349361e-03
2.101758e+04	5.162869e-03
2.102344e+04	4.352070e-03
2.102930e+04	8.325687e-03
2.103516e+04	3.395291e-03
2.104102e+04	3.898255e-03
2.104688e+04	3.990708e-03
2.105273e+04	4.690878e-03
2.105859e+04	3.649185e-03
2.106445e+04	3.983140e-03
2.107031e+04	4.851025e-03
2.107617e+04	5.862057e-03
2.108203e+04	3.572130e-03
2.108789e+04	4.845061e-03
2.109375e+04	3.460577e-03
2.109961e+04	4.215276e-03
2.110547e+04	3.495679e-03
2.111133e+04	4.290978e-03
2.111719e+04	5.246669e-03
2.112305e+04	6.017216e-03
2.112891e+04	5.623854e-03
2.113477e+04	4.389764e-03
2.114062e+04	3.813794e-03
2.114648e+04	3.717057e-03
2.115234e+04	4.727532e-03
2.115820e+04	3.928966e-03
2.116406e+04	4.667349e-03
2.116992e+04	5.395734e-03
2.117578e+04	3.379014e-03
2.118164e+04	5.044468e-03
2.118750e+04	3.800195e-03
2.119336e+04	3.961831e-03
2.119922e+04	4.564754e-03
2.120508e+04	4.793186e-03
2.121094e+04	3.978262e-03
2.121680e+04	5.706950e-03
2.122266e+04	5.420145e-03
2.122852e+04	3.506117e-03
2.123438e+04	3.962401e-03
2.124023e+04	5.115592e-03
2.124609e+04	2.587228e-03
2.125195e+04	3.851590e-03
2.125781e+04	4.076762e-03
2.126367e+04	4.835567e-03
2.126953e+04	6.425245e-03
2.127539e+04	3.897419e-03
2.128125e+04	2.941837e-03
2.128711e+04	4.056048e-03
2.129297e+04	5.693937e-03
2.129883e+04	4.261915e-03
2.130469e+04	4.691431e-03
2.131055e+04	4.491949e-03
2.131641e+04	5.433155e-03
2.132227e+04	4.166232e-03
2.132812e+04	3.786996e-03
2.133398e+04	4.057771e-03
2.133984e+04	4.654939e-03
2.134570e+04	3.375310e-03
2.135156e+04	3.355725e-03
2.135742e+04	4.765804e-03
2.136328e+04	6.073831e-03
2.136914e+04	5.278847e-03
2.137500e+04	4.678314e-03
2.138086e+04	4.166069e-03
2.138672e+04	4.885566e-03
2.139258e+04	4.835170e-03
2.139844e+04	4.086635e-03
2.140430e+04	4.543015e-03
2.141016e+04	6.513394e-03
2.141602e+04	4.563422e-03
2.142188e+04	3.835267e-03
2.142773e+04	4.223759e-03
2.143359e+04	5.582812e-03
2.143945e+04	3.788149e-03
2.144531e+04	3.048928e-03
2.145117e+04	5.107062e-03
2.145703e+04	5.733368e-03
2.146289e+04	5.178245e-03
2.146875e+04	3.902972e-03
2.147461e+04	3.832238e-03
2.148047e+04	4.059449e-03
2.148633e+04	4.463676e-03
2.149219e+04	4.024928e-03
2.149805e+04	4.724313e-03
2.150391e+04	5.537573e-03
2.150977e+04	5.427910e-03
2.151562e+04	3.895072e-03
2.152148e+04	3.189845e-03
2.152734e+04	5.090847e-03
2.153320e+04	4.815473e-03
2.153906e+04	2.391625e-03
2.154492e+04	3.938929e-03
2.155078e+04	6.077505e-03
2.155664e+04	5.088344e-03
2.156250e+04	3.235049e-03
2.156836e+04	3.247364e-03
2.157422e+04	4.733506e-03
2.158008e+04	4.006776e-03
2.158594e+04	4.184446e-03
2.159180e+04	3.443234e-03
2.159766e+04	4.990399e-03
2.160352e+04	5.173638e-03
2.160938e+04	3.850267e-03
2.161523e+04	4.578252e-03
2.162109e+04	3.544779e-03
2.162695e+04	4.099052e-03
2.163281e+04	3.009646e-03
2.163867e+04	4.403896e-03
2.164453e+04	5.363836e-03
2.165039e+04	5.702836e-03
2.165625e+04	4.511379e-03
2.166211e+04	4.343900e-03
2.166797e+04	5.178778e-03
2.167383e+04	4.547718e-03
2.167969e+04	4.597164e-03
2.168555e+04	4.323141e-03
2.169141e+04	5.040681e-03
2.169727e+04	5.380646e-03
2.170312e+04	4.720152e-03
2.170898e+04	3.052369e-03
2.171484e+04	3.701689e-03
2.172070e+04	4.693933e-03
2.172656e+04	4.733871e-03
2.173242e+04	4.312547e-03
2.173828e+04	5.386215e-03
2.174414e+04	5.886691e-03
2.175000e+04	5.987382e-03
2.175586e+04	3.695131e-03
2.176172e+04	3.959416e-03
2.176758e+04	4.589458e-03
2.177344e+04	4.294614e-03
2.177930e+04	3.465282e-03
2.178516e+04	5.683959e-03
2.179102e+04	5.492192e-03
2.179688e+04	4.146774e-03
2.180273e+04	4.599436e-03
2.180859e+04	4.429752e-03
2.181445e+04	3.676798e-03
2.182031e+04	4.439132e-03
2.182617e+04	4.177816e-03
2.183203e+04	4.071311e-03
2.183789e+04	6.875946e-03
2.184375e+04	4.608765e-03
2.184961e+04	4.825448e-03
2.185547e+04	4.066974e-03
2.186133e+04	4.213818e-03
2.186719e+04	5.171732e-03
2.187305e+04	3.777635e-03
2.187891e+04	3.715030e-03
2.188477e+04	6.376555e-03
2.189062e+04	5.001816e-03
2.189648e+04	4.241769e-03
2.190234e+04	4.286246e-03
2.190820e+04	4.097637e-03
2.191406e+04	4.250559e-03
2.191992e+04	4.340390e-03
2.192578e+04	3.830407e-03
2.193164e+04	6.051695e-03
2.193750e+04	4.561404e-03
2.194336e+04	4.065038e-03
2.194922e+04	2.872327e-03
2.195508e+04	3.087143e-03
2.196094e+04	5.027105e-03
2.196680e+04	2.916280e-03
2.197266e+04	5.011964e-03
2.197852e+04	8.403027e-03
2.198438e+04	4.583705e-03
2.199023e+04	4.012153e-03
2.199609e+04	2.833339e-03
2.200195e+04	3.276295e-03
2.200781e+04	5.064535e-03
2.201367e+04	3.896911e-03
2.201953e+04	4.340448e-03
2.202539e+04	5.766309e-03
2.203125e+04	5.244475e-03
2.203711e+04	4.708496e-03
2.204297e+04	2.940090e-03
2.204883e+04	3.895513e-03
2.205469e+04	4.074422e-03
2.206055e+04	4.354401e-03
2.206641e+04	5.157721e-03
2.207227e+04	5.768471e-03
2.207812e+04	5.112700e-03
2.208398e+04	4.263604e-03
2.208984e+04	3.415733e-03
2.209570e+04	3.154563e-03
2.210156e+04	3.530366e-03
2.210742e+04	5.090343e-03
2.211328e+04	2.996393e-03
2.211914e+04	4.765934e-03
2.212500e+04	6.163308e-03
2.213086e+04	5.502613e-03
2.213672e+04	4.560986e-03
2.214258e+04	4.541113e-03
2.214844e+04	5.148546e-03
2.215430e+04	4.858321e-03
2.216016e+04	4.720647e-03
2.216602e+04	3.880838e-03
2.217188e+04	6.568982e-03
2.217773e+04	5.268930e-03
2.218359e+04	5.328193e-03
2.218945e+04	2.919283e-03
2.219531e+04	4.433752e-03
2.220117e+04	5.245147e-03
2.220703e+04	4.908608e-03
2.221289e+04	3.326769e-03
2.221875e+04	7.341754e-03
2.222461e+04	4.859240e-03
2.223047e+04	3.384270e-03
2.223633e+04	3.487962e-03
2.224219e+04	3.861730e-03
2.224805e+04	3.793564e-03
2.225391e+04	4.879779e-03
2.225977e+04	3.989716e-03
2.226562e+04	8.028646e-03
2.227148e+04	4.057798e-03
2.227734e+04	4.954852e-03
2.228320e+04	3.636741e-03
2.228906e+04	4.803210e-03
2.229492e+04	4.939750e-03
2.230078e+04	4.339627e-03
2.230664e+04	4.083664e-03
2.231250e+04	5.364407e-03
2.231836e+04	3.298787e-03
2.232422e+04	4.875695e-03
2.233008e+04	3.370944e-03
2.233594e+04	3.762764e-03
2.234180e+04	4.535746e-03
2.234766e+04	4.615183e-03
2.235352e+04	3.037027e-03
2.235938e+04	6.457584e-03
2.236523e+04	4.537381e-03
2.237109e+04	3.975672e-03
2.237695e+04	4.321082e-03
2.238281e+04	4.082284e-03
2.238867e+04	3.706708e-03
2.239453e+04	4.631383e-03
2.240039e+04	3.462132e-03
2.240625e+04	4.569570e-03
2.241211e+04	6.243527e-03
2.241797e+04	4.407105e-03
2.242383e+04	4.077058e-03
2.242969e+04	2.819982e-03
2.243555e+04	4.045673e-03
2.244141e+04	6.327500e-03
2.244727e+04	4.146776e-03
2.245312e+04	3.839443e-03
2.245898e+04	7.408169e-03
2.246484e+04	4.035411e-03
2.247070e+04	4.192108e-03
2.247656e+04	3.783309e-03
2.248242e+04	3.700344e-03
2.248828e+04	4.773003e-03
2.249414e+04	4.472557e-03
2.250000e+04	5.137984e-03
2.250586e+04	7.458793e-03
2.251172e+04	3.102229e-03
2.251758e+04	3.788754e-03
2.252344e+04	4.585108e-03
2.252930e+04	5.568653e-03
2.253516e+04	4.988333e-03
2.254102e+04	4.535830e-03
2.254688e+04	5.155488e-03
2.255273e+04	8.193754e-03
2.255859e+04	4.271378e-03
2.256445e+04	3.643958e-03
2.257031e+04	4.252123e-03
2.257617e+04	4.186425e-03
2.258203e+04	4.653756e-03
2.258789e+04	5.120815e-03
2.259375e+04	4.721472e-03
2.259961e+04	7.104729e-03
2.260547e+04	3.205764e-03
2.261133e+04	3.431468e-03
2.261719e+04	4.219289e-03
2.262305e+04	4.376412e-03
2.262891e+04	3.722156e-03
2.263477e+04	5.698206e-03
2.264062e+04	4.194443e-03
2.264648e+04	7.079724e-03
2.265234e+04	4.727969e-03
2.265820e+04	3.757901e-03
2.266406e+04	3.817358e-03
2.266992e+04	3.455906e-03
2.267578e+04	4.629317e-03
2.268164e+04	5.387613e-03
2.268750e+04	4.549460e-03
2.269336e+04	5.065660e-03
2.269922e+04	6.018064e-03
2.270508e+04	3.884383e-03
2.271094e+04	3.389209e-03
2.271680e+04	4.402263e-03
2.272266e+04	3.265162e-03
2.272852e+04	4.485277e-03
2.273438e+04	4.854399e-03
2.274023e+04	4.609722e-03
2.274609e+04	4.892770e-03
2.275195e+04	4.397349e-03
2.275781e+04	3.847527e-03
2.276367e+04	4.274348e-03
2.276953e+04	3.864725e-03
2.277539e+04	5.362181e-03
2.278125e+04	4.705871e-03
2.278711e+04	3.873732e-03
2.279297e+04	6.785950e-03
2.279883e+04	4.220557e-03
2.280469e+04	3.736063e-03
2.281055e+04	4.320558e-03
2.281641e+04	3.675967e-03
2.282227e+04	4.784183e-03
2.282812e+04	6.076194e-03
2.283398e+04	4.718937e-03
2.283984e+04	6.964188e-03
2.284570e+04	3.157156e-03
2.285156e+04	3.188124e-03
2.285742e+04	4.290652e-03
2.286328e+04	3.730134e-03
2.286914e+04	5.019918e-03
2.287500e+04	5.334267e-03
2.288086e+04	4.522567e-03
2.288672e+04	8.173113e-03
2.289258e+04	3.251923e-03
2.289844e+04	3.514964e-03
2.290430e+04	4.438682e-03
2.291016e+04	4.109091e-03
2.291602e+04	3.543103e-03
2.292188e+04	4.214851e-03
2.292773e+04	4.290606e-03
2.293359e+04	6.313002e-03
2.293945e+04	4.390400e-03
2.294531e+04	3.737402e-03
2.295117e+04	3.722623e-03
2.295703e+04	3.107390e-03
2.296289e+04	3.163339e-03
2.296875e+04	5.771023e-03
2.297461e+04	3.431856e-03
2.298047e+04	5.779437e-03
2.298633e+04	5.675240e-03
2.299219e+04	4.279070e-03
2.299805e+04	3.138688e-03
2.300391e+04	3.594064e-03
2.300977e+04	3.701871e-03
2.301562e+04	4.505713e-03
2.302148e+04	4.511311e-03
2.302734e+04	5.297730e-03
2.303320e+04	5.375082e-03
2.303906e+04	2.960152e-03
2.304492e+04	4.033534e-03
2.305078e+04	4.245543e-03
2.305664e+04	4.026736e-03
2.306250e+04	5.741986e-03
2.306836e+04	3.952017e-03
2.307422e+04	3.969008e-03
2.308008e+04	6.623235e-03
2.308594e+04	4.078044e-03
2.309180e+04	4.219141e-03
2.309766e+04	4.281935e-03
2.310352e+04	3.508524e-03
2.310938e+04	4.281444e-03
2.311523e+04	4.739312e-03
2.312109e+04	3.851701e-03
2.312695e+04	5.945209e-03
2.313281e+04	3.579626e-03
2.313867e+04	4.728393e-03
2.314453e+04	3.755572e-03
2.315039e+04	5.017959e-03
2.315625e+04	4.045774e-03
2.316211e+04	5.127871e-03
2.316797e+04	3.768721e-03
2.317383e+04	6.417795e-03
2.317969e+04	3.767379e-03
2.318555e+04	4.593846e-03
2.319141e+04	3.839882e-03
2.319727e+04	3.876181e-03
2.320312e+04	4.456492e-03
2.320898e+04	5.300142e-03
2.321484e+04	4.950632e-03
2.322070e+04	5.639222e-03
2.322656e+04	3.960036e-03
2.323242e+04	3.512849e-03
2.323828e+04	4.204998e-03
2.324414e+04	3.809223e-03
2.325000e+04	4.119728e-03
2.325586e+04	4.928832e-03
2.326172e+04	4.155678e-03
2.326758e+04	4.310847e-03
2.327344e+04	4.534298e-03
2.327930e+04	4.262412e-03
2.328516e+04	3.429267e-03
2.329102e+04	4.394615e-03
2.329688e+04	3.120961e-03
2.330273e+04	5.460048e-03
2.330859e+04	5.171216e-03
2.331445e+04	5.156864e-03
2.332031e+04	4.951011e-03
2.332617e+04	4.420906e-03
2.333203e+04	3.633822e-03
2.333789e+04	3.846548e-03
2.334375e+04	4.983253e-03
2.334961e+04	4.099378e-03
2.335547e+04	4.657638e-03
2.336133e+04	4.434959e-03
2.336719e+04	6.875481e-03
2.337305e+04	3.149401e-03
2.337891e+04	2.221374e-03
2.338477e+04	4.474576e-03
2.339062e+04	4.802029e-03
2.339648e+04	4.621201e-03
2.340234e+04	5.043722e-03
2.340820e+04	4.995578e-03
2.341406e+04	6.434831e-03
2.341992e+04	4.058536e-03
2.342578e+04	3.552112e-03
2.343164e+04	4.452628e-03
2.343750e+04	3.630337e-03
2.344336e+04	5.004497e-03
2.344922e+04	5.301668e-03
2.345508e+04	4.846804e-03
2.346094e+04	6.089204e-03
2.346680e+04	4.039268e-03
2.347266e+04	3.534272e-03
2.347852e+04	4.386111e-03
2.348438e+04	4.440250e-03
2.349023e+04	4.438591e-03
2.349609e+04	4.496897e-03
2.350195e+04	4.478011e-03
2.350781e+04	5.108614e-03
2.351367e+04	4.908781e-03
2.351953e+04	3.173010e-03
2.352539e+04	3.858580e-03
2.353125e+04	4.681395e-03
2.353711e+04	5.014500e-03
2.354297e+04	5.041672e-03
2.354883e+04	5.325131e-03
2.355469e+04	4.908403e-03
2.356055e+04	5.653287e-03
2.356641e+04	3.300885e-03
2.357227e+04	4.386288e-03
2.357812e+04	2.879338e-03
2.358398e+04	4.053999e-03
2.358984e+04	5.527776e-03
2.359570e+04	5.540528e-03
2.360156e+04	6.137319e-03
2.360742e+04	5.934928e-03
2.361328e+04	3.434968e-03
2.361914e+04	3.837933e-03
2.362500e+04	3.575234e-03
2.363086e+04	3.690495e-03
2.363672e+04	5.497683e-03
2.364258e+04	4.448119e-03
2.364844e+04	5.085881e-03
2.365430e+04	5.507053e-03
2.366016e+04	3.671724e-03
2.366602e+04	3.324717e-03
2.367188e+04	3.918112e-03
2.367773e+04	4.898927e-03
2.368359e+04	4.934833e-03
2.368945e+04	4.892161e-03
2.369531e+04	5.136758e-03
2.370117e+04	5.855001e-03
2.370703e+04	3.914353e-03
2.371289e+04	3.600853e-03
2.371875e+04	4.101624e-03
2.372461e+04	3.636890e-03
2.373047e+04	4.639914e-03
2.373633e+04	4.627949e-03
2.374219e+04	4.279646e-03
2.374805e+04	5.041722e-03
2.375391e+04	3.446513e-03
2.375977e+04	3.299830e-03
2.376562e+04	3.041407e-03
2.377148e+04	5.279169e-03
2.377734e+04	3.561204e-03
2.378320e+04	5.369801e-03
2.378906e+04	4.896167e-03
2.379492e+04	4.947770e-03
2.380078e+04	3.143630e-03
2.380664e+04	3.493012e-03
2.381250e+04	3.796393e-03
2.381836e+04	4.764301e-03
2.382422e+04	4.325616e-03
2.383008e+04	4.809748e-03
2.383594e+04	4.518273e-03
2.384180e+04	5.262890e-03
2.384766e+04	4.268911e-03
2.385352e+04	3.838565e-03
2.385938e+04	3.861251e-03
2.386523e+04	4.500491e-03
2.387109e+04	4.480361e-03
2.387695e+04	4.746946e-03
2.388281e+04	4.755092e-03
2.388867e+04	4.384410e-03
2.389453e+04	4.811590e-03
2.390039e+04	3.395599e-03
2.390625e+04	4.140026e-03
2.391211e+04	3.770467e-03
2.391797e+04	5.608282e-03
2.392383e+04	4.276086e-03
2.392969e+04	4.346271e-03
2.393555e+04	5.509147e-03
2.394141e+04	3.715085e-03
2.394727e+04	3.185495e-03
2.395312e+04	3.311976e-03
2.395898e+04	4.465102e-03
2.396484e+04	4.479448e-03
2.397070e+04	5.808641e-03
2.397656e+04	4.694840e-03
2.398242e+04	4.166683e-03
2.398828e+04	5.100014e-03
2.399414e+04	3.957703e-03
2.400000e+04	4.608154e-03
2.400586e+04	3.957703e-03
2.401172e+04	5.100014e-03
2.401758e+04	4.166683e-03
2.402344e+04	4.694840e-03
2.402930e+04	5.808641e-03
2.403516e+04	4.479448e-03
2.404102e+04	4.465102e-03
2.404688e+04	3.311976e-03
2.405273e+04	3.185495e-03
2.405859e+04	3.715085e-03
2.406445e+04	5.509147e-03
2.407031e+04	4.346271e-03
2.407617e+04	4.276086e-03
2.408203e+04	5.608282e-03
2.408789e+04	3.770467e-03
2.409375e+04	4.140026e-03
2.409961e+04	3.395599e-03
2.410547e+04	4.811590e-03
2.411133e+04	4.384410e-03
2.411719e+04	4.755092e-03
2.412305e+04	4.746946e-03
2.412891e+04	4.480361e-03
2.413477e+04	4.500491e-03
2.414062e+04	3.861251e-03
2.414648e+04	3.838565e-03
2.415234e+04	4.268911e-03
2.415820e+04	5.262890e-03
2.416406e+04	4.518273e-03
2.416992e+04	4.809748e-03
2.417578e+04	4.325616e-03
2.418164e+04	4.764301e-03
2.418750e+04	3.796393e-03
2.419336e+04	3.493012e-03
2.419922e+04	3.143630e-03
2.420508e+04	4.947770e-03
2.421094e+04	4.896167e-03
2.421680e+04	5.369801e-03
2.422266e+04	3.561204e-03
2.422852e+04	5.279169e-03
2.423438e+04	3.041407e-03
2.424023e+04	3.299830e-03
2.424609e+04	3.446513e-03
2.425195e+04	5.041722e-03
2.425781e+04	4.279646e-03
2.426367e+04	4.627949e-03
2.426953e+04	4.639914e-03
2.427539e+04	3.636890e-03
2.428125e+04	4.101624e-03
2.428711e+04	3.600853e-03
2.429297e+04	3.914353e-03
2.429883e+04	5.855001e-03
2.430469e+04	5.136758e-03
2.431055e+04	4.892161e-03
2.431641e+04	4.934833e-03
2.432227e+04	4.898927e-03
2.432812e+04	3.918112e-03
2.433398e+04	3.324717e-03
2.433984e+04	3.671724e-03
2.434570e+04	5.507053e-03
2.435156e+04	5.085881e-03
2.435742e+04	4.448119e-03
2.436328e+04	5.497683e-03
2.436914e+04	3.690495e-03
2.437500e+04	3.575234e-03
2.438086e+04	3.837933e-03
2.438672e+04	3.434968e-03
2.439258e+04	5.934928e-03
2.439844e+04	6.137319e-03
2.440430e+04	5.540528e-03
2.441016e+04	5.527776e-03
2.441602e+04	4.053999e-03
2.442188e+04	2.879338e-03
2.442773e+04	4.386288e-03
2.443359e+04	3.300885e-03
2.443945e+04	5.653287e-03
2.444531e+04	4.908403e-03
2.445117e+04	5.325131e-03
2.445703e+04	5.041672e-03
2.446289e+04	5.014500e-03
2.446875e+04	4.681395e-03
2.447461e+04	3.858580e-03
2.448047e+04	3.173010e-03
2.448633e+04	4.908781e-03
2.449219e+04	5.108614e-03
2.449805e+04	4.478011e-03
2.450391e+04	4.496897e-03
2.450977e+04	4.438591e-03
2.451562e+04	4.440250e-03
2.452148e+04	4.386111e-03
2.452734e+04	3.534272e-03
2.453320e+04	4.039268e-03
2.453906e+04	6.089204e-03
2.454492e+04	4.846804e-03
2.455078e+04	5.301668e-03
2.455664e+04	5.004497e-03
2.456250e+04	3.630337e-03
2.456836e+04	4.452628e-03
2.457422e+04	3.552112e-03
2.458008e+04	4.058536e-03
2.458594e+04	6.434831e-03
2.459180e+04	4.995578e-03
2.459766e+04	5.043722e-03
2.460352e+04	4.621201e-03
2.460938e+04	4.802029e-03
2.461523e+04	4.474576e-03
2.462109e+04	2.221374e-03
2.462695e+04	3.149401e-03
2.463281e+04	6.875481e-03
2.463867e+04	4.434959e-03
2.464453e+04	4.657638e-03
2.465039e+04	4.099378e-03
2.465625e+04	4.983253e-03
2.466211e+04	3.846548e-03
2.466797e+04	3.633822e-03
2.467383e+04	4.420906e-03
2.467969e+04	4.951011e-03
2.468555e+04	5.156864e-03
2.469141e+04	5.171216e-03
2.469727e+04	5.460048e-03
2.470312e+04	3.120961e-03
2.470898e+04	4.394615e-03
2.471484e+04	3.429267e-03
2.472070e+04	4.262412e-03
2.472656e+04	4.534298e-03
2.473242e+04	4.310847e-03
2.473828e+04	4.155678e-03
2.474414e+04	4.928832e-03
2.475000e+04	4.119728e-03
2.475586e+04	3.809223e-03
2.476172e+04	4.204998e-03
2.476758e+04	3.512849e-03
2.477344e+04	3.960036e-03
2.477930e+04	5.639222e-03
2.478516e+04	4.950632e-03
2.479102e+04	5.300142e-03
2.479688e+04	4.456492e-03
2.480273e+04	3.876181e-03
2.480859e+04	3.839882e-03
2.481445e+04	4.593846e-03
2.482031e+04	3.767379e-03
2.482617e+04	6.417795e-03
2.483203e+04	3.768721e-03
2.483789e+04	5.127871e-03
2.484375e+04	4.045774e-03
2.484961e+04	5.017959e-03
2.485547e+04	3.755572e-03
2.486133e+04	4.728393e-03
2.486719e+04	3.579626e-03
2.487305e+04	5.945209e-03
2.487891e+04	3.851701e-03
2.488477e+04	4.739312e-03
2.489062e+04	4.281444e-03
2.489648e+04	3.508524e-03
2.490234e+04	4.281935e-03
2.490820e+04	4.219141e-03
2.491406e+04	4.078044e-03
2.491992e+04	6.623235e-03
2.492578e+04	3.969008e-03
2.493164e+04	3.952017e-03
2.493750e+04	5.741986e-03
2.494336e+04	4.026736e-03
2.494922e+04	4.245543e-03
2.495508e+04	4.033534e-03
2.496094e+04	2.960152e-03
2.496680e+04	5.375082e-03
2.497266e+04	5.297730e-03
2.497852e+04	4.511311e-03
2.498438e+04	4.505713e-03
2.499023e+04	3.701871e-03
2.499609e+04	3.594064e-03
2.500195e+04	3.138688e-03
2.500781e+04	4.279070e-03
2.501367e+04	5.675240e-03
2.501953e+04	5.779437e-03
2.502539e+04	3.431856e-03
2.503125e+04	5.771023e-03
2.503711e+04	3.163339e-03
2.504297e+04	3.107390e-03
2.504883e+04	3.722623e-03
2.505469e+04	3.737402e-03
2.506055e+04	4.390400e-03
2.506641e+04	6.313002e-03
2.507227e+04	4.290606e-03
2.507812e+04	4.214851e-03
2.508398e+04	3.543103e-03
2.508984e+04	4.109091e-03
2.509570e+04	4.438682e-03
2.510156e+04	3.514964e-03
2.510742e+04	3.251923e-03
2.511328e+04	8.173113e-03
2.511914e+04	4.522567e-03
2.512500e+04	5.334267e-03
2.513086e+04	5.019918e-03
2.513672e+04	3.730134e-03
2.514258e+04	4.290652e-03
2.514844e+04	3.188124e-03
2.515430e+04	3.157156e-03
2.516016e+04	6.964188e-03
2.516602e+04	4.718937e-03
2.517188e+04	6.076194e-03
2.517773e+04	4.784183e-03
2.518359e+04	3.675967e-03
2.518945e+04	4.320558e-03
2.519531e+04	3.736063e-03
2.520117e+04	4.220557e-03
2.520703e+04	6.785950e-03
2.521289e+04	3.873732e-03
2.521875e+04	4.705871e-03
2.522461e+04	5.362181e-03
2.523047e+04	3.864725e-03
2.523633e+04	4.274348e-03
2.524219e+04	3.847527e-03
2.524805e+04	4.397349e-03
2.525391e+04	4.892770e-03
2.525977e+04	4.609722e-03
2.526562e+04	4.854399e-03
2.527148e+04	4.485277e-03
2.527734e+04	3.265162e-03
2.528320e+04	4.402263e-03
2.528906e+04	3.389209e-03
2.529492e+04	3.884383e-03
2.530078e+04	6.018064e-03
2.530664e+04	5.065660e-03
2.531250e+04	4.549460e-03
2.531836e+04	5.387613e-03
2.532422e+04	4.629317e-03
2.533008e+04	3.455906e-03
2.533594e+04	3.817358e-03
2.534180e+04	3.757901e-03
2.534766e+04	4.727969e-03
2.535352e+04	7.079724e-03
2.535938e+04	4.194443e-03
2.536523e+04	5.698206e-03
2.537109e+04	3.722156e-03
2.537695e+04	4.376412e-03
2.538281e+04	4.219289e-03
2.538867e+04	3.431468e-03
2.539453e+04	3.205764e-03
2.540039e+04	7.104729e-03
2.540625e+04	4.721472e-03
2.541211e+04	5.120815e-03
2.541797e+04	4.653756e-03
2.542383e+04	4.186425e-03
2.542969e+04	4.252123e-03
2.543555e+04	3.643958e-03
2.544141e+04	4.271378e-03
2.544727e+04	8.193754e-03
2.545312e+04	5.155488e-03
2.545898e+04	4.535830e-03
2.546484e+04	4.988333e-03
2.547070e+04	5.568653e-03
2.547656e+04	4.585108e-03
2.548242e+04	3.788754e-03
2.548828e+04	3.102229e-03
2.549414e+04	7.458793e-03
2.550000e+04	5.137984e-03
2.550586e+04	4.472557e-03
2.551172e+04	4.773003e-03
2.551758e+04	3.700344e-03
2.552344e+04	3.783309e-03
2.552930e+04	4.192108e-03
2.553516e+04	4.035411e-03
2.554102e+04	7.408169e-03
2.554688e+04	3.839443e-03
2.555273e+04	4.146776e-03
2.555859e+04	6.327500e-03
2.556445e+04	4.045673e-03
2.557031e+04	2.819982e-03
2.557617e+04	4.077058e-03
2.558203e+04	4.407105e-03
2.558789e+04	6.243527e-03
2.559375e+04	4.569570e-03
2.559961e+04	3.462132e-03
2.560547e+04	4.631383e-03
2.561133e+04	3.706708e-03
2.561719e+04	4.082284e-03
2.562305e+04	4.321082e-03
2.562891e+04	3.975672e-03
2.563477e+04	4.537381e-03
2.564062e+04	6.457584e-03
2.564648e+04	3.037027e-03
2.565234e+04	4.615183e-03
2.565820e+04	4.535746e-03
2.566406e+04	3.762764e-03
2.566992e+04	3.370944e-03
2.567578e+04	4.875695e-03
2.568164e+04	3.298787e-03
2.568750e+04	5.364407e-03
2.569336e+04	4.083664e-03
2.569922e+04	4.339627e-03
2.570508e+04	4.939750e-03
2.571094e+04	4.803210e-03
2.571680e+04	3.636741e-03
2.572266e+04	4.954852e-03
2.572852e+04	4.057798e-03
2.573438e+04	8.028646e-03
2.574023e+04	3.989716e-03
2.574609e+04	4.879779e-03
2.575195e+04	3.793564e-03
2.575781e+04	3.861730e-03
2.576367e+04	3.487962e-03
2.576953e+04	3.384270e-03
2.577539e+04	4.859240e-03
2.578125e+04	7.341754e-03
2.578711e+04	3.326769e-03
2.579297e+04	4.908608e-03
2.579883e+04	5.245147e-03
2.580469e+04	4.433752e-03
2.581055e+04	2.919283e-03
2.581641e+04	5.328193e-03
2.582227e+04	5.268930e-03
2.582812e+04	6.568982e-03
2.583398e+04	3.880838e-03
2.583984e+04	4.720647e-03
2.584570e+04	4.858321e-03
2.585156e+04	5.148546e-03
2.585742e+04	4.541113e-03
2.586328e+04	4.560986e-03
2.586914e+04	5.502613e-03
2.587500e+04	6.163308e-03
2.588086e+04	4.765934e-03
2.588672e+04	2.996393e-03
2.589258e+04	5.090343e-03
2.589844e+04	3.530366e-03
2.590430e+04	3.154563e-03
2.591016e+04	3.415733e-03
2.591602e+04	4.263604e-03
2.592188e+04	5.112700e-03
2.592773e+04	5.768471e-03
2.593359e+04	5.157721e-03
2.593945e+04	4.354401e-03
2.594531e+04	4.074422e-03
2.595117e+04	3.895513e-03
2.595703e+04	2.940090e-03
2.596289e+04	4.708496e-03
2.596875e+04	5.244475e-03
2.597461e+04	5.766309e-03
2.598047e+04	4.340448e-03
2.598633e+04	3.896911e-03
2.599219e+04	5.064535e-03
2.599805e+04	3.276295e-03
2.600391e+04	2.833339e-03
2.600977e+04	4.012153e-03
2.601562e+04	4.583705e-03
2.602148e+04	8.403027e-03
2.602734e+04	5.011964e-03
2.603320e+04	2.916280e-03
2.603906e+04	5.027105e-03
2.604492e+04	3.087143e-03
2.605078e+04	2.872327e-03
2.605664e+04	4.065038e-03
2.606250e+04	4.561404e-03
2.606836e+04	6.051695e-03
2.607422e+04	3.830407e-03
2.608008e+04	4.340390e-03
2.608594e+04	4.250559e-03
2.609180e+04	4.097637e-03
2.609766e+04	4.286246e-03
2.610352e+04	4.241769e-03
2.610938e+04	5.001816e-03
2.611523e+04	6.376555e-03
2.612109e+04	3.715030e-03
2.612695e+04	3.777635e-03
2.613281e+04	5.171732e-03
2.613867e+04	4.213818e-03
2.614453e+04	4.066974e-03
2.615039e+04	4.825448e-03
2.615625e+04	4.608765e-03
2.616211e+04	6.875946e-03
2.616797e+04	4.071311e-03
2.617383e+04	4.177816e-03
2.617969e+04	4.439132e-03
2.618555e+04	3.676798e-03
2.619141e+04	4.429752e-03
2.619727e+04	4.599436e-03
2.620312e+04	4.146774e-03
2.620898e+04	5.492192e-03
2.621484e+04	5.683959e-03
2.622070e+04	3.465282e-03
2.622656e+04	4.294614e-03
2.623242e+04	4.589458e-03
2.623828e+04	3.959416e-03
2.624414e+04	3.695131e-03
2.625000e+04	5.987382e-03
2.625586e+04	5.886691e-03
2.626172e+04	5.386215e-03
2.626758e+04	4.312547e-03
2.627344e+04	4.733871e-03
2.627930e+04	4.693933e-03
2.628516e+04	3.701689e-03
2.629102e+04	3.052369e-03
2.629688e+04	4.720152e-03
2.630273e+04	5.380646e-03
2.630859e+04	5.040681e-03
2.631445e+04	4.323141e-03
2.632031e+04	4.597164e-03
2.632617e+04	4.547718e-03
2.633203e+04	5.178778e-03
2.633789e+04	4.343900e-03
2.634375e+04	4.511379e-03
2.634961e+04	5.702836e-03
2.635547e+04	5.363836e-03
2.636133e+04	4.403896e-03
2.636719e+04	3.009646e-03
2.637305e+04	4.099052e-03
2.637891e+04	3.544779e-03
2.638477e+04	4.578252e-03
2.639062e+04	3.850267e-03
2.639648e+04	5.173638e-03
2.640234e+04	4.990399e-03
2.640820e+04	3.443234e-03
2.641406e+04	4.184446e-03
2.641992e+04	4.006776e-03
2.642578e+04	4.733506e-03
2.643164e+04	3.247364e-03
2.643750e+04	3.235049e-03
2.644336e+04	5.088344e-03
2.644922e+04	6.077505e-03
2.645508e+04	3.938929e-03
2.646094e+04	2.391625e-03
2.646680e+04	4.815473e-03
2.647266e+04	5.090847e-03
2.647852e+04	3.189845e-03
2.648438e+04	3.895072e-03
2.649023e+04	5.427910e-03
2.649609e+04	5.537573e-03
2.650195e+04	4.724313e-03
2.650781e+04	4.024928e-03
2.651367e+04	4.463676e-03
2.651953e+04	4.059449e-03
2.652539e+04	3.832238e-03
2.653125e+04	3.902972e-03
2.653711e+04	5.178245e-03
2.654297e+04	5.733368e-03
2.654883e+04	5.107062e-03
2.655469e+04	3.048928e-03
2.656055e+04	3.788149e-03
2.656641e+04	5.582812e-03
2.657227e+04	4.223759e-03
2.657812e+04	3.835267e-03
2.658398e+04	4.563422e-03
2.658984e+04	6.513394e-03
2.659570e+04	4.543015e-03
2.660156e+04	4.086635e-03
2.660742e+04	4.835170e-03
2.661328e+04	4.885566e-03
2.661914e+04	4.166069e-03
2.662500e+04	4.678314e-03
2.663086e+04	5.278847e-03
2.663672e+04	6.073831e-03
2.664258e+04	4.765804e-03
2.664844e+04	3.355725e-03
2.665430e+04	3.375310e-03
2.666016e+04	4.654939e-03
2.666602e+04	4.057771e-03
2.667188e+04	3.786996e-03
2.667773e+04	4.166232e-03
2.668359e+04	5.433155e-03
2.668945e+04	4.491949e-03
2.669531e+04	4.691431e-03
2.670117e+04	4.261915e-03
2.670703e+04	5.693937e-03
2.671289e+04	4.056048e-03
2.671875e+04	2.941837e-03
2.672461e+04	3.897419e-03
2.673047e+04	6.425245e-03
2.673633e+04	4.835567e-03
2.674219e+04	4.076762e-03
2.674805e+04	3.851590e-03
2.675391e+04	2.587228e-03
2.675977e+04	5.115592e-03
2.676562e+04	3.962401e-03
2.677148e+04	3.506117e-03
2.677734e+04	5.420145e-03
2.678320e+04	5.706950e-03
2.678906e+04	3.978262e-03
2.679492e+04	4.793186e-03
2.680078e+04	4.564754e-03
2.680664e+04	3.961831e-03
2.681250e+04	3.800195e-03
2.681836e+04	5.044468e-03
2.682422e+04	3.379014e-03
2.683008e+04	5.395734e-03
2.683594e+04	4.667349e-03
2.684180e+04	3.928966e-03
2.684766e+04	4.727532e-03
2.685352e+04	3.717057e-03
2.685938e+04	3.813794e-03
2.686523e+04	4.389764e-03
2.687109e+04	5.623854e-03
2.687695e+04	6.017216e-03
2.688281e+04	5.246669e-03
2.688867e+04	4.290978e-03
2.689453e+04	3.495679e-03
2.690039e+04	4.215276e-03
2.690625e+04	3.460577e-03
2.691211e+04	4.845061e-03
2.691797e+04	3.572130e-03
2.692383e+04	5.862057e-03
2.692969e+04	4.851025e-03
2.693555e+04	3.983140e-03
2.694141e+04	3.649185e-03
2.694727e+04	4.690878e-03
2.695312e+04	3.990708e-03
2.695898e+04	3.898255e-03
2.696484e+04	3.395291e-03
2.697070e+04	8.325687e-03
2.697656e+04	4.352070e-03
2.698242e+04	5.162869e-03
2.698828e+04	4.349361e-03
2.699414e+04	4.553169e-03
2.700000e+04	4.043703e-03
2.700586e+04	4.042632e-03
2.701172e+04	4.266819e-03
2.701758e+04	7.940855e-03
2.702344e+04	5.425094e-03
2.702930e+04	5.212069e-03
2.703516e+04	3.401027e-03
2.704102e+04	4.563943e-03
2.704688e+04	4.244594e-03
2.705273e+04	5.169321e-03
2.705859e+04	3.987753e-03
2.706445e+04	6.992155e-03
2.707031e+04	5.455117e-03
2.707617e+04	4.417999e-03
2.708203e+04	3.743549e-03
2.708789e+04	3.069546e-03
2.709375e+04	4.590208e-03
2.709961e+04	3.740867e-03
2.710547e+04	4.077561e-03
2.711133e+04	6.252343e-03
2.711719e+04	5.438875e-03
2.712305e+04	3.990572e-03
2.712891e+04	4.155589e-03
2.713477e+04	4.662767e-03
2.714062e+04	4.684143e-03
2.714648e+04	4.454894e-03
2.715234e+04	4.179554e-03
2.715820e+04	4.957190e-03
2.716406e+04	6.101214e-03
2.716992e+04	4.278563e-03
2.717578e+04	3.292451e-03
2.718164e+04	3.122623e-03
2.718750e+04	3.722690e-03
2.719336e+04	4.039730e-03
2.719922e+04	3.228961e-03
2.720508e+04	4.256791e-03
2.721094e+04	7.741083e-03
2.721680e+04	4.488608e-03
2.722266e+04	3.283266e-03
2.722852e+04	4.100339e-03
2.723438e+04	3.976421e-03
2.724023e+04	5.647362e-03
2.724609e+04	3.926255e-03
2.725195e+04	4.017886e-03
2.725781e+04	8.587753e-03
2.726367e+04	4.850924e-03
2.726953e+04	3.822658e-03
2.727539e+04	3.849826e-03
2.728125e+04	4.838293e-03
2.728711e+04	4.267887e-03
2.729297e+04	3.908041e-03
2.729883e+04	4.122328e-03
2.730469e+04	8.500279e-03
2.731055e+04	3.474931e-03
2.731641e+04	4.913572e-03
2.732227e+04	4.980044e-03
2.732812e+04	4.878279e-03
2.733398e+04	3.662864e-03
2.733984e+04	4.660861e-03
2.734570e+04	3.439292e-03
2.735156e+04	9.301713e-03
2.735742e+04	3.141517e-03
2.736328e+04	4.304384e-03
2.736914e+04	4.490096e-03
2.737500e+04	3.113266e-03
2.738086e+04	3.720746e-03
2.738672e+04	4.077404e-03
2.739258e+04	5.486742e-03
2.739844e+04	8.157040e-03
2.740430e+04	4.165510e-03
2.741016e+04	3.726268e-03
2.741602e+04	4.438822e-03
2.742188e+04	3.627747e-03
2.742773e+04	4.689635e-03
2.743359e+04	3.891234e-03
2.743945e+04	4.113471e-03
2.744531e+04	5.618282e-03
2.745117e+04	5.020671e-03
2.745703e+04	3.752821e-03
2.746289e+04	4.775355e-03
2.746875e+04	4.045094e-03
2.747461e+04	4.199994e-03
2.748047e+04	4.125297e-03
2.748633e+04	3.944164e-03
2.749219e+04	3.215177e-03
2.749805e+04	7.128569e-03
2.750391e+04	4.510338e-03
2.750977e+04	6.080932e-03
2.751562e+04	3.856660e-03
2.752148e+04	3.885725e-03
2.752734e+04	3.515044e-03
2.753320e+04	3.449102e-03
2.753906e+04	4.455322e-03
2.754492e+04	8.973640e-03
2.755078e+04	4.761678e-03
2.755664e+04	4.520011e-03
2.756250e+04	3.715412e-03
2.756836e+04	3.855024e-03
2.757422e+04	4.084084e-03
2.758008e+04	4.011127e-03
2.758594e+04	3.353124e-03
2.759180e+04	8.561500e-03
2.759766e+04	3.585033e-03
2.760352e+04	3.990641e-03
2.760938e+04	4.224747e-03
2.761523e+04	4.153545e-03
2.762109e+04	4.383422e-03
2.762695e+04	5.266408e-03
2.763281e+04	4.527565e-03
2.763867e+04	9.558517e-03
2.764453e+04	3.542396e-03
2.765039e+04	4.172223e-03
2.765625e+04	4.628375e-03
2.766211e+04	4.357523e-03
2.766797e+04	4.727054e-03
2.767383e+04	4.640114e-03
2.767969e+04	4.959158e-03
2.768555e+04	8.411696e-03
2.769141e+04	2.451942e-03
2.769727e+04	3.813794e-03
2.770312e+04	4.259669e-03
2.770898e+04	4.095917e-03
2.771484e+04	3.679363e-03
2.772070e+04	5.570485e-03
2.772656e+04	5.021595e-03
2.773242e+04	7.472525e-03
2.773828e+04	3.390797e-03
2.774414e+04	4.610229e-03
2.775000e+04	3.231119e-03
2.775586e+04	5.164688e-03
2.776172e+04	3.526976e-03
2.776758e+04	3.970034e-03
2.777344e+04	4.826212e-03
2.777930e+04	5.746544e-03
2.778516e+04	7.240262e-03
2.779102e+04	3.899241e-03
2.779688e+04	3.701096e-03
2.780273e+04	4.376621e-03
2.780859e+04	4.606523e-03
2.781445e+04	4.072548e-03
2.782031e+04	3.916137e-03
2.782617e+04	4.200954e-03
2.783203e+04	7.297731e-03
2.783789e+04	5.206725e-03
2.784375e+04	4.466895e-03
2.784961e+04	4.963829e-03
2.785547e+04	3.684912e-03
2.786133e+04	4.553650e-03
2.786719e+04	3.647176e-03
2.787305e+04	3.801469e-03
2.787891e+04	1.007997e-02
2.788477e+04	4.008840e-03
2.789062e+04	4.060276e-03
2.789648e+04	5.233736e-03
2.790234e+04	4.105558e-03
2.790820e+04	5.004576e-03
2.791406e+04	4.759227e-03
2.791992e+04	4.480474e-03
2.792578e+04	9.974350e-03
2.793164e+04	4.483064e-03
2.793750e+04	5.025325e-03
2.794336e+04	4.933763e-03
2.794922e+04	4.265334e-03
2.795508e+04	4.988289e-03
2.796094e+04	5.113637e-03
2.796680e+04	4.943464e-03
2.797266e+04	9.083568e-03
2.797852e+04	2.438407e-03
2.798438e+04	4.471042e-03
2.799023e+04	4.200337e-03
2.799609e+04	4.991093e-03
2.800195e+04	4.059626e-03
2.800781e+04	4.697506e-03
2.801367e+04	4.570222e-03
2.801953e+04	8.334188e-03
2.802539e+04	3.185746e-03
2.803125e+04	2.940952e-03
2.803711e+04	4.301172e-03
2.804297e+04	3.852338e-03
2.804883e+04	3.515043e-03
2.805469e+04	3.710767e-03
2.806055e+04	4.864067e-03
2.806641e+04	5.793958e-03
2.807227e+04	5.473028e-03
2.807812e+04	3.318780e-03
2.808398e+04	3.876620e-03
2.808984e+04	4.649887e-03
2.809570e+04	4.906490e-03
2.810156e+04	3.983697e-03
2.810742e+04	3.973245e-03
2.811328e+04	4.094351e-03
2.811914e+04	5.933758e-03
2.812500e+04	4.005204e-03
2.813086e+04	4.365212e-03
2.813672e+04	4.559394e-03
2.814258e+04	3.660447e-03
2.814844e+04	4.375805e-03
2.815430e+04	3.341030e-03
2.816016e+04	5.431850e-03
2.816602e+04	8.262092e-03
2.817188e+04	4.863653e-03
2.817773e+04	3.755012e-03
2.818359e+04	4.088127e-03
2.818945e+04	4.539430e-03
2.819531e+04	5.174237e-03
2.820117e+04	5.244392e-03
2.820703e+04	4.532732e-03
2.821289e+04	9.248862e-03
2.821875e+04	4.013216e-03
2.822461e+04	4.606305e-03
2.823047e+04	4.790876e-03
2.823633e+04	4.435541e-03
2.824219e+04	3.672079e-03
2.824805e+04	5.437100e-03
2.825391e+04	4.185547e-03
2.825977e+04	8.989522e-03
2.826562e+04	4.289935e-03
2.827148e+04	3.247354e-03
2.827734e+04	4.952534e-03
2.828320e+04	3.564084e-03
2.828906e+04	3.592486e-03
2.829492e+04	4.481598e-03
2.830078e+04	4.795535e-03
2.830664e+04	8.414829e-03
2.831250e+04	3.212526e-03
2.831836e+04	4.218209e-03
2.832422e+04	4.968444e-03
2.833008e+04	5.027402e-03
2.833594e+04	5.170331e-03
2.834180e+04	4.617288e-03
2.834766e+04	4.093091e-03
2.835352e+04	6.180872e-03
2.835938e+04	4.051062e-03
2.836523e+04	3.037037e-03
2.837109e+04	3.295488e-03
2.837695e+04	3.962440e-03
2.838281e+04	3.758652e-03
2.838867e+04	3.858338e-03
2.839453e+04	3.927071e-03
2.840039e+04	5.028165e-03
2.840625e+04	6.307698e-03
2.841211e+04	4.199927e-03
2.841797e+04	3.749233e-03
2.842383e+04	4.814251e-03
2.842969e+04	4.514303e-03
2.843555e+04	4.738979e-03
2.844141e+04	3.597081e-03
2.844727e+04	4.129879e-03
2.845312e+04	6.880564e-03
2.845898e+04	3.282825e-03
2.846484e+04	4.711311e-03
2.847070e+04	5.009611e-03
2.847656e+04	4.246129e-03
2.848242e+04	4.436903e-03
2.848828e+04	4.410447e-03
2.849414e+04	5.239555e-03
2.850000e+04	5.750161e-03
2.850586e+04	3.829438e-03
2.851172e+04	3.652697e-03
2.851758e+04	5.458733e-03
2.852344e+04	4.305922e-03
2.852930e+04	3.972619e-03
2.853516e+04	4.824721e-03
2.854102e+04	5.399741e-03
2.854688e+04	7.865364e-03
2.855273e+04	4.832368e-03
2.855859e+04	4.654254e-03
2.856445e+04	5.330999e-03
2.857031e+04	4.757450e-03
2.857617e+04	4.061482e-03
2.858203e+04	5.469680e-03
2.858789e+04	5.452917e-03
2.859375e+04	6.955403e-03
2.859961e+04	3.217704e-03
2.860547e+04	3.574791e-03
2.861133e+04	3.769814e-03
2.861719e+04	4.522963e-03
2.862305e+04	4.716249e-03
2.862891e+04	3.621521e-03
2.863477e+04	4.888111e-03
2.864062e+04	5.392937e-03
2.864648e+04	4.164071e-03
2.865234e+04	4.092699e-03
2.865820e+04	4.706309e-03
2.866406e+04	5.460824e-03
2.866992e+04	4.233129e-03
2.867578e+04	4.286773e-03
2.868164e+04	3.818238e-03
2.868750e+04	5.239198e-03
2.869336e+04	5.012289e-03
2.869922e+04	3.858902e-03
2.870508e+04	3.799935e-03
2.871094e+04	4.177490e-03
2.871680e+04	3.958156e-03
2.872266e+04	4.180666e-03
2.872852e+04	5.459173e-03
2.873438e+04	5.495012e-03
2.874023e+04	4.546909e-03
2.874609e+04	4.295393e-03
2.875195e+04	4.815836e-03
2.875781e+04	3.850057e-03
2.876367e+04	4.578708e-03
2.876953e+04	3.656437e-03
2.877539e+04	5.255116e-03
2.878125e+04	5.744540e-03
2.878711e+04	6.017153e-03
2.879297e+04	3.449309e-03
2.879883e+04	3.615028e-03
2.880469e+04	3.782193e-03
2.881055e+04	4.298336e-03
2.881641e+04	4.672925e-03
2.882227e+04	5.367332e-03
2.882812e+04	6.131899e-03
2.883398e+04	6.202015e-03
2.883984e+04	4.051905e-03
2.884570e+04	4.203319e-03
2.885156e+04	4.812122e-03
2.885742e+04	4.487246e-03
2.886328e+04	5.284402e-03
2.886914e+04	5.159048e-03
2.887500e+04	6.216160e-03
2.888086e+04	5.434873e-03
2.888672e+04	4.371274e-03
2.889258e+04	4.270520e-03
2.889844e+04	3.873094e-03
2.890430e+04	5.299841e-03
2.891016e+04	4.703533e-03
2.891602e+04	4.931658e-03
2.892188e+04	4.912157e-03
2.892773e+04	5.832900e-03
2.893359e+04	4.413118e-03
2.893945e+04	3.386726e-03
2.894531e+04	4.188221e-03
2.895117e+04	5.442378e-03
2.895703e+04	5.972677e-03
2.896289e+04	4.572605e-03
2.896875e+04	4.948177e-03
2.897461e+04	5.332523e-03
2.898047e+04	4.028916e-03
2.898633e+04	3.208288e-03
2.899219e+04	4.003289e-03
2.899805e+04	3.879508e-03
2.900391e+04	4.417048e-03
2.900977e+04	4.113269e-03
2.901562e+04	4.952175e-03
2.902148e+04	6.121998e-03
2.902734e+04	5.093921e-03
2.903320e+04	4.206060e-03
2.903906e+04	3.214378e-03
2.904492e+04	3.756622e-03
2.905078e+04	4.433487e-03
2.905664e+04	4.515685e-03
2.906250e+04	5.393931e-03
2.906836e+04	5.448231e-03
2.907422e+04	5.962413e-03
2.908008e+04	2.600598e-03
2.908594e+04	2.733976e-03
2.909180e+04	5.009056e-03
2.909766e+04	4.615567e-03
2.910352e+04	4.691578e-03
2.910938e+04	4.915031e-03
2.911523e+04	6.500236e-03
2.912109e+04	4.904125e-03
2.912695e+04	3.708079e-03
2.913281e+04	3.948951e-03
2.913867e+04	3.613253e-03
2.914453e+04	5.185845e-03
2.915039e+04	4.541746e-03
2.915625e+04	5.282395e-03
2.916211e+04	7.354110e-03
2.916797e+04	6.128087e-03
2.917383e+04	3.198850e-03
2.917969e+04	4.334595e-03
2.918555e+04	5.363080e-03
2.919141e+04	4.084452e-03
2.919727e+04	4.503837e-03
2.920312e+04	4.933449e-03
2.920898e+04	5.578327e-03
2.921484e+04	6.172987e-03
2.922070e+04	4.409761e-03
2.922656e+04	3.854174e-03
2.923242e+04	5.150228e-03
2.923828e+04	5.235171e-03
2.924414e+04	4.423095e-03
2.925000e+04	4.265487e-03
2.925586e+04	5.448607e-03
2.926172e+04	4.635969e-03
2.926758e+04	4.744727e-03
2.927344e+04	4.416595e-03
2.927930e+04	3.557930e-03
2.928516e+04	5.354925e-03
2.929102e+04	4.166457e-03
2.929688e+04	4.279638e-03
2.930273e+04	7.163126e-03
2.930859e+04	4.900572e-03
2.931445e+04	4.295078e-03
2.932031e+04	4.115848e-03
2.932617e+04	2.797174e-03
2.933203e+04	5.156538e-03
2.933789e+04	4.043233e-03
2.934375e+04	4.812426e-03
2.934961e+04	4.906439e-03
2.935547e+04	5.720224e-03
2.936133e+04	4.814326e-03
2.936719e+04	3.674206e-03
2.937305e+04	3.577368e-03
2.937891e+04	4.074694e-03
2.938477e+04	4.898748e-03
2.939062e+04	4.014199e-03
2.939648e+04	5.584156e-03
2.940234e+04	5.366466e-03
2.940820e+04	5.502601e-03
2.941406e+04	2.420503e-03
2.941992e+04	3.981053e-03
2.942578e+04	4.494196e-03
2.943164e+04	5.207702e-03
2.943750e+04	4.099331e-03
2.944336e+04	5.047135e-03
2.944922e+04	6.758424e-03
2.945508e+04	5.076547e-03
2.946094e+04	3.533658e-03
2.946680e+04	4.095710e-03
2.947266e+04	4.314868e-03
2.947852e+04	5.190174e-03
2.948438e+04	5.071272e-03
2.949023e+04	4.363437e-03
2.949609e+04	6.015132e-03
2.950195e+04	4.751245e-03
2.950781e+04	3.076247e-03
2.951367e+04	4.757189e-03
2.951953e+04	4.575211e-03
2.952539e+04	5.376139e-03
2.953125e+04	4.301868e-03
2.953711e+04	5.035913e-03
2.954297e+04	6.221776e-03
2.954883e+04	5.683393e-03
2.955469e+04	4.866442e-03
2.956055e+04	3.625026e-03
2.956641e+04	3.332290e-03
2.957227e+04	4.670926e-03
2.957812e+04	4.126529e-03
2.958398e+04	4.119057e-03
2.958984e+04	4.083650e-03
2.959570e+04	4.867302e-03
2.960156e+04	4.035018e-03
2.960742e+04	3.239265e-03
2.961328e+04	5.167433e-03
2.961914e+04	5.079379e-03
2.962500e+04	5.113714e-03
2.963086e+04	4.077877e-03
2.963672e+04	4.226743e-03
2.964258e+04	6.339589e-03
2.964844e+04	3.965862e-03
2.965430e+04	4.503964e-03
2.966016e+04	3.904897e-03
2.966602e+04	3.820293e-03
2.967188e+04	5.037814e-03
2.967773e+04	4.868612e-03
2.968359e+04	5.103737e-03
2.968945e+04	7.466490e-03
2.969531e+04	4.626959e-03
2.970117e+04	5.760456e-03
2.970703e+04	3.599368e-03
2.971289e+04	3.137416e-03
2.971875e+04	5.697920e-03
2.972461e+04	4.116218e-03
2.973047e+04	4.362448e-03
2.973633e+04	6.365821e-03
2.974219e+04	4.214384e-03
2.974805e+04	5.098017e-03
2.975391e+04	3.001229e-03
2.975977e+04	3.591855e-03
2.976562e+04	4.915626e-03
2.977148e+04	4.493313e-03
2.977734e+04	4.856300e-03
2.978320e+04	6.236321e-03
2.978906e+04	4.764994e-03
2.979492e+04	4.605730e-03
2.980078e+04	3.657692e-03
2.980664e+04	4.097068e-03
2.981250e+04	4.798030e-03
2.981836e+04	5.091865e-03
2.982422e+04	5.374488e-03
2.983008e+04	7.285158e-03
2.983594e+04	4.742914e-03
2.984180e+04	4.125231e-03
2.984766e+04	3.841156e-03
2.985352e+04	4.087869e-03
2.985938e+04	5.119723e-03
2.986523e+04	5.512863e-03
2.987109e+04	4.875857e-03
2.987695e+04	6.986001e-03
2.988281e+04	3.898412e-03
2.988867e+04	3.997089e-03
2.989453e+04	4.722852e-03
2.990039e+04	5.397205e-03
2.990625e+04	5.390787e-03
2.991211e+04	5.841250e-03
2.991797e+04	4.657428e-03
2.992383e+04	5.492078e-03
2.992969e+04	6.146664e-03
2.993555e+04	4.561710e-03
2.994141e+04	3.816616e-03
2.994727e+04	3.710976e-03
2.995312e+04	4.736088e-03
2.995898e+04	6.513271e-03
2.996484e+04	3.790264e-03
2.997070e+04	4.101978e-03
2.997656e+04	5.960136e-03
2.998242e+04	4.075529e-03
2.998828e+04	4.935580e-03
2.999414e+04	4.195938e-03
3.000000e+04	4.015018e-03
3.000586e+04	7.069168e-03
3.001172e+04	4.937541e-03
3.001758e+04	4.738446e-03
3.002344e+04	6.428895e-03
3.002930e+04	4.094197e-03
3.003516e+04	4.669567e-03
3.004102e+04	3.783532e-03
3.004688e+04	4.340238e-03
3.005273e+04	5.716670e-03
3.005859e+04	4.568517e-03
3.006445e+04	4.889800e-03
3.007031e+04	6.310369e-03
3.007617e+04	4.443130e-03
3.008203e+04	5.710851e-03
3.008789e+04	3.699499e-03
3.009375e+04	4.518406e-03
3.009961e+04	5.624577e-03
3.010547e+04	5.401365e-03
3.011133e+04	4.683635e-03
3.011719e+04	6.580846e-03
3.012305e+04	3.992962e-03
3.012891e+04	3.920631e-03
3.013477e+04	3.582303e-03
3.014062e+04	3.772553e-03
3.014648e+04	5.244001e-03
3.015234e+04	4.938434e-03
3.015820e+04	4.484775e-03
3.016406e+04	6.746277e-03
3.016992e+04	4.213789e-03
3.017578e+04	3.735077e-03
3.018164e+04	4.347891e-03
3.018750e+04	4.431518e-03
3.019336e+04	4.518415e-03
3.019922e+04	5.030799e-03
3.020508e+04	4.454988e-03
3.021094e+04	4.897147e-03
3.021680e+04	5.238447e-03
3.022266e+04	3.818627e-03
3.022852e+04	4.305763e-03
3.023438e+04	4.125628e-03
3.024023e+04	4.669873e-03
3.024609e+04	6.624959e-03
3.025195e+04	4.914087e-03
3.025781e+04	5.570702e-03
3.026367e+04	5.288593e-03
3.026953e+04	3.610792e-03
3.027539e+04	3.920139e-03
3.028125e+04	4.074575e-03
3.028711e+04	4.815047e-03
3.029297e+04	6.440851e-03
3.029883e+04	4.997070e-03
3.030469e+04	3.525769e-03
3.031055e+04	7.175033e-03
3.031641e+04	4.566179e-03
3.032227e+04	3.809905e-03
3.032812e+04	3.620945e-03
3.033398e+04	3.944357e-03
3.033984e+04	5.761785e-03
3.034570e+04	5.393350e-03
3.035156e+04	4.443248e-03
3.035742e+04	7.194562e-03
3.036328e+04	4.050922e-03
3.036914e+04	4.284534e-03
3.037500e+04	4.501972e-03
3.038086e+04	4.281236e-03
3.038672e+04	6.385517e-03
3.039258e+04	5.272866e-03
3.039844e+04	4.441670e-03
3.040430e+04	6.619862e-03
3.041016e+04	4.548799e-03
3.041602e+04	4.053897e-03
3.042188e+04	3.738116e-03
3.042773e+04	4.668871e-03
3.043359e+04	5.830748e-03
3.043945e+04	5.482132e-03
3.044531e+04	5.722142e-03
3.045117e+04	6.678249e-03
3.045703e+04	4.048176e-03
3.046289e+04	3.424872e-03
3.046875e+04	5.231556e-03
3.047461e+04	4.729994e-03
3.048047e+04	6.051265e-03
3.048633e+04	5.895087e-03
3.049219e+04	5.549563e-03
3.049805e+04	6.124582e-03
3.050391e+04	4.988432e-03
3.050977e+04	3.585209e-03
3.051562e+04	4.818734e-03
3.052148e+04	4.796547e-03
3.052734e+04	5.457672e-03
3.053320e+04	4.583576e-03
3.053906e+04	4.426902e-03
3.054492e+04	5.077253e-03
3.055078e+04	5.314923e-03
3.055664e+04	4.291583e-03
3.056250e+04	4.932319e-03
3.056836e+04	4.417942e-03
3.057422e+04	5.133296e-03
3.058008e+04	5.642354e-03
3.058594e+04	3.956602e-03
3.059180e+04	5.126042e-03
3.059766e+04	6.429085e-03
3.060352e+04	4.246694e-03
3.060938e+04	4.571304e-03
3.061523e+04	4.530455e-03
3.062109e+04	4.217261e-03
3.062695e+04	5.398926e-03
3.063281e+04	5.228785e-03
3.063867e+04	4.767416e-03
3.064453e+04	6.900685e-03
3.065039e+04	4.112081e-03
3.065625e+04	3.239165e-03
3.066211e+04	3.682342e-03
3.066797e+04	4.651442e-03
3.067383e+04	6.440351e-03
3.067969e+04	5.750243e-03
3.068555e+04	3.617728e-03
3.069141e+04	6.249266e-03
3.069727e+04	2.866490e-03
3.070312e+04	3.147201e-03
3.070898e+04	4.460051e-03
3.071484e+04	4.782065e-03
3.072070e+04	4.906336e-03
3.072656e+04	6.284689e-03
3.073242e+04	5.101922e-03
3.073828e+04	5.870729e-03
3.074414e+04	3.599952e-03
3.075000e+04	4.024896e-03
3.075586e+04	4.195278e-03
3.076172e+04	4.763220e-03
3.076758e+04	6.237316e-03
3.077344e+04	6.040829e-03
3.077930e+04	4.918679e-03
3.078516e+04	4.470621e-03
3.079102e+04	4.686674e-03
3.079688e+04	3.979572e-03
3.080273e+04	4.012295e-03
3.080859e+04	4.753317e-03
3.081445e+04	5.165549e-03
3.082031e+04	6.077281e-03
3.082617e+04	5.416336e-03
3.083203e+04	5.179941e-03
3.083789e+04	5.971241e-03
3.084375e+04	3.959395e-03
3.084961e+04	4.468021e-03
3.085547e+04	4.538090e-03
3.086133e+04	4.652981e-03
3.086719e+04	6.127435e-03
3.087305e+04	5.107637e-03
3.087891e+04	5.755345e-03
3.088477e+04	5.195371e-03
3.089062e+04	4.228344e-03
3.089648e+04	3.424056e-03
3.090234e+04	3.949707e-03
3.090820e+04	5.796647e-03
3.091406e+04	6.861908e-03
3.091992e+04	4.664670e-03
3.092578e+04	4.784724e-03
3.093164e+04	6.434585e-03
3.093750e+04	3.907988e-03
3.094336e+04	3.341520e-03
3.094922e+04	5.543515e-03
3.095508e+04	4.683333e-03
3.096094e+04	5.698622e-03
3.096680e+04	5.136906e-03
3.097266e+04	4.183102e-03
3.097852e+04	5.968070e-03
3.098438e+04	3.947203e-03
3.099023e+04	3.417829e-03
3.099609e+04	5.271477e-03
3.100195e+04	5.619297e-03
3.100781e+04	4.770357e-03
3.101367e+04	6.229974e-03
3.101953e+04	5.413124e-03
3.102539e+04	5.976722e-03
3.103125e+04	4.567168e-03
3.103711e+04	3.502177e-03
3.104297e+04	4.412901e-03
3.104883e+04	5.911672e-03
3.105469e+04	7.097931e-03
3.106055e+04	6.373961e-03
3.106641e+04	5.513527e-03
3.107227e+04	5.081272e-03
3.107812e+04	4.867692e-03
3.108398e+04	3.981272e-03
3.108984e+04	4.402633e-03
3.109570e+04	4.649580e-03
3.110156e+04	5.379276e-03
3.110742e+04	5.002461e-03
3.111328e+04	4.519336e-03
3.111914e+04	5.589301e-03
3.112500e+04	6.444205e-03
3.113086e+04	3.957071e-03
3.113672e+04	3.755941e-03
3.114258e+04	5.572585e-03
3.114844e+04	5.879457e-03
3.115430e+04	5.204295e-03
3.116016e+04	4.812810e-03
3.116602e+04	4.268286e-03
3.117188e+04	5.982660e-03
3.117773e+04	2.516664e-03
3.118359e+04	3.594759e-03
3.118945e+04	4.535857e-03
3.119531e+04	4.937418e-03
3.120117e+04	5.966774e-03
3.120703e+04	4.927251e-03
3.121289e+04	4.543839e-03
3.121875e+04	6.850151e-03
3.122461e+04	3.313675e-03
3.123047e+04	4.469226e-03
3.123633e+04	2.945689e-03
3.124219e+04	5.519159e-03
3.124805e+04	5.643306e-03
3.125391e+04	5.458829e-03
3.125977e+04	4.440235e-03
3.126562e+04	5.624090e-03
3.127148e+04	3.592262e-03
3.127734e+04	4.883617e-03
3.128320e+04	4.332686e-03
3.128906e+04	5.591485e-03
3.129492e+04	5.657848e-03
3.130078e+04	6.054173e-03
3.130664e+04	4.612119e-03
3.131250e+04	5.229487e-03
3.131836e+04	3.861239e-03
3.132422e+04	4.501953e-03
3.133008e+04	4.359142e-03
3.133594e+04	4.873084e-03
3.134180e+04	5.331314e-03
3.134766e+04	6.011766e-03
3.135352e+04	4.346078e-03
3.135938e+04	5.381412e-03
3.136523e+04	4.887708e-03
3.137109e+04	3.318062e-03
3.137695e+04	4.155408e-03
3.138281e+04	5.573654e-03
3.138867e+04	5.074593e-03
3.139453e+04	5.795558e-03
3.140039e+04	5.424534e-03
3.140625e+04	5.451845e-03
3.141211e+04	5.274831e-03
3.141797e+04	4.378995e-03
3.142383e+04	4.973551e-03
3.142969e+04	4.896663e-03
3.143555e+04	5.780611e-03
3.144141e+04	7.209656e-03
3.144727e+04	5.053692e-03
3.145312e+04	4.913672e-03
3.145898e+04	6.531979e-03
3.146484e+04	4.622991e-03
3.147070e+04	3.919250e-03
3.147656e+04	3.892214e-03
3.148242e+04	6.042795e-03
3.148828e+04	5.210902e-03
3.149414e+04	4.943177e-03
3.150000e+04	4.097994e-03
3.150586e+04	4.578113e-03
3.151172e+04	4.406096e-03
3.151758e+04	4.341641e-03
3.152344e+04	4.808453e-03
3.152930e+04	4.761248e-03
3.153516e+04	5.702365e-03
3.154102e+04	5.350805e-03
3.154688e+04	5.344096e-03
3.155273e+04	5.305433e-03
3.155859e+04	4.592742e-03
3.156445e+04	3.320073e-03
3.157031e+04	4.178969e-03
3.157617e+04	6.136123e-03
3.158203e+04	6.471101e-03
3.158789e+04	5.659927e-03
3.159375e+04	4.634235e-03
3.159961e+04	5.764450e-03
3.160547e+04	4.175105e-03
3.161133e+04	4.947139e-03
3.161719e+04	4.895353e-03
3.162305e+04	5.925590e-03
3.162891e+04	5.011613e-03
3.163477e+04	5.896557e-03
3.164062e+04	5.177323e-03
3.164648e+04	4.779555e-03
3.165234e+04	4.517469e-03
3.165820e+04	4.420390e-03
3.166406e+04	4.184202e-03
3.166992e+04	5.612934e-03
3.167578e+04	4.736082e-03
3.168164e+04	5.987298e-03
3.168750e+04	5.484036e-03
3.169336e+04	4.846048e-03
3.169922e+04	4.883924e-03
3.170508e+04	3.981418e-03
3.171094e+04	4.019640e-03
3.171680e+04	4.949738e-03
3.172266e+04	5.570711e-03
3.172852e+04	5.924763e-03
3.173438e+04	5.066982e-03
3.174023e+04	4.604358e-03
3.174609e+04	5.041971e-03
3.175195e+04	5.289479e-03
3.175781e+04	4.645709e-03
3.176367e+04	4.887454e-03
3.176953e+04	6.770487e-03
3.177539e+04	4.761472e-03
3.178125e+04	5.491885e-03
3.178711e+04	4.791727e-03
3.179297e+04	5.684899e-03
3.179883e+04	3.857811e-03
3.180469e+04	3.875974e-03
3.181055e+04	4.782134e-03
3.181641e+04	7.186105e-03
3.182227e+04	7.241754e-03
3.182812e+04	4.943192e-03
3.183398e+04	4.628703e-03
3.183984e+04	4.383479e-03
3.184570e+04	4.517299e-03
3.185156e+04	4.273109e-03
3.185742e+04	4.258114e-03
3.186328e+04	6.993753e-03
3.186914e+04	5.252326e-03
3.187500e+04	5.656384e-03
3.188086e+04	4.448170e-03
3.188672e+04	4.961897e-03
3.189258e+04	4.532622e-03
3.189844e+04	3.750694e-03
3.190430e+04	4.096164e-03
3.191016e+04	5.515367e-03
3.191602e+04	6.889244e-03
3.192188e+04	4.894785e-03
3.192773e+04	6.308860e-03
3.193359e+04	4.401587e-03
3.193945e+04	4.677666e-03
3.194531e+04	3.994285e-03
3.195117e+04	5.433173e-03
3.195703e+04	5.918038e-03
3.196289e+04	5.064804e-03
3.196875e+04	5.413175e-03
3.197461e+04	4.847778e-03
3.198047e+04	3.888277e-03
3.198633e+04	4.251537e-03
3.199219e+04	4.322806e-03
3.199805e+04	3.867574e-03
3.200391e+04	5.934416e-03
3.200977e+04	7.568996e-03
3.201562e+04	4.678454e-03
3.202148e+04	5.475669e-03
3.202734e+04	4.430388e-03
3.203320e+04	5.123308e-03
3.203906e+04	3.439195e-03
3.204492e+04	4.653193e-03
3.205078e+04	5.608055e-03
3.205664e+04	8.038718e-03
3.206250e+04	4.927751e-03
3.206836e+04	5.209335e-03
3.207422e+04	4.586438e-03
3.208008e+04	4.916461e-03
3.208594e+04	4.106259e-03
3.209180e+04	3.476016e-03
3.209766e+04	4.592558e-03
3.210352e+04	8.046635e-03
3.210938e+04	4.282787e-03
3.211523e+04	4.733648e-03
3.212109e+04	4.139603e-03
3.212695e+04	4.877950e-03
3.213281e+04	4.907883e-03
3.213867e+04	4.618528e-03
3.214453e+04	4.084946e-03
3.215039e+04	7.409682e-03
3.215625e+04	4.163106e-03
3.216211e+04	5.132986e-03
3.216797e+04	5.047656e-03
3.217383e+04	5.052008e-03
3.217969e+04	4.930959e-03
3.218555e+04	4.641731e-03
3.219141e+04	4.667478e-03
3.219727e+04	7.237556e-03
3.220312e+04	6.194192e-03
3.220898e+04	4.873698e-03
3.221484e+04	4.158287e-03
3.222070e+04	5.575514e-03
3.222656e+04	4.426259e-03
3.223242e+04	3.619609e-03
3.223828e+04	4.886355e-03
3.224414e+04	6.355298e-03
3.225000e+04	6.541851e-03
3.225586e+04	5.135099e-03
3.226172e+04	5.043139e-03
3.226758e+04	4.702848e-03
3.227344e+04	4.910390e-03
3.227930e+04	4.266477e-03
3.228516e+04	3.734806e-03
3.229102e+04	4.936390e-03
3.229688e+04	7.209899e-03
3.230273e+04	4.566782e-03
3.230859e+04	5.143376e-03
3.231445e+04	4.067524e-03
3.232031e+04	5.378793e-03
3.232617e+04	4.215205e-03
3.233203e+04	4.326472e-03
3.233789e+04	5.143420e-03
3.234375e+04	7.908636e-03
3.234961e+04	4.328100e-03
3.235547e+04	5.723250e-03
3.236133e+04	3.972377e-03
3.236719e+04	4.064175e-03
3.237305e+04	4.960121e-03
3.237891e+04	4.945019e-03
3.238477e+04	4.208880e-03
3.239062e+04	9.417719e-03
3.239648e+04	4.576134e-03
3.240234e+04	6.013032e-03
3.240820e+04	4.923926e-03
3.241406e+04	5.049457e-03
3.241992e+04	4.394174e-03
3.242578e+04	4.670203e-03
3.243164e+04	4.720864e-03
3.243750e+04	9.792519e-03
3.244336e+04	5.439554e-03
3.244922e+04	5.306120e-03
3.245508e+04	5.082148e-03
3.246094e+04	5.981506e-03
3.246680e+04	5.409757e-03
3.247266e+04	4.188260e-03
3.247852e+04	4.599783e-03
3.248438e+04	7.107694e-03
3.249023e+04	4.696025e-03
3.249609e+04	4.771320e-03
3.250195e+04	5.617555e-03
3.250781e+04	4.957562e-03
3.251367e+04	4.255353e-03
3.251953e+04	5.825193e-03
3.252539e+04	4.236663e-03
3.253125e+04	6.624079e-03
3.253711e+04	5.249322e-03
3.254297e+04	4.737083e-03
3.254883e+04	5.523398e-03
3.255469e+04	4.579314e-03
3.256055e+04	4.239002e-03
3.256641e+04	4.529693e-03
3.257227e+04	4.828913e-03
3.257812e+04	4.900302e-03
3.258398e+04	8.122177e-03
3.258984e+04	5.133365e-03
3.259570e+04	5.631237e-03
3.260156e+04	3.868995e-03
3.260742e+04	5.363016e-03
3.261328e+04	4.158581e-03
3.261914e+04	4.868769e-03
3.262500e+04	3.809560e-03
3.263086e+04	9.057250e-03
3.263672e+04	5.473288e-03
3.264258e+04	5.278168e-03
3.264844e+04	5.531045e-03
3.265430e+04	4.551550e-03
3.266016e+04	4.364342e-03
3.266602e+04	4.933175e-03
3.267188e+04	4.807089e-03
3.267773e+04	1.061721e-02
3.268359e+04	4.321800e-03
3.268945e+04	4.795313e-03
3.269531e+04	6.082349e-03
3.270117e+04	4.696320e-03
3.270703e+04	5.843301e-03
3.271289e+04	5.792835e-03
3.271875e+04	5.681348e-03
3.272461e+04	1.135022e-02
3.273047e+04	3.321816e-03
3.273633e+04	5.016931e-03
3.274219e+04	5.518124e-03
3.274805e+04	4.591645e-03
3.275391e+04	5.234959e-03
3.275977e+04	4.632801e-03
3.276562e+04	5.919306e-03
3.277148e+04	1.073085e-02
3.277734e+04	3.533650e-03
3.278320e+04	5.239012e-03
3.278906e+04	4.944345e-03
3.279492e+04	5.393366e-03
3.280078e+04	4.173730e-03
3.280664e+04	5.548194e-03
3.281250e+04	5.638579e-03
3.281836e+04	7.547871e-03
3.282422e+04	5.201242e-03
3.283008e+04	4.319026e-03
3.283594e+04	4.939757e-03
3.284180e+04	5.191479e-03
3.284766e+04	4.662850e-03
3.285352e+04	5.041458e-03
3.285938e+04	4.130033e-03
3.286523e+04	6.285953e-03
3.287109e+04	7.194761e-03
3.287695e+04	5.571069e-03
3.288281e+04	5.746418e-03
3.288867e+04	4.692430e-03
3.289453e+04	4.104724e-03
3.290039e+04	5.440702e-03
3.290625e+04	4.113893e-03
3.291211e+04	4.946038e-03
3.291797e+04	9.583405e-03
3.292383e+04	4.484826e-03
3.292969e+04	5.409334e-03
3.293555e+04	4.866857e-03
3.294141e+04	5.121230e-03
3.294727e+04	4.792745e-03
3.295312e+04	5.037261e-03
3.295898e+04	4.663061e-03
3.296484e+04	1.102080e-02
3.297070e+04	6.229931e-03
3.297656e+04	4.481323e-03
3.298242e+04	6.280257e-03
3.298828e+04	4.644022e-03
3.299414e+04	3.707269e-03
3.300000e+04	4.938218e-03
3.300586e+04	5.100436e-03
3.301172e+04	1.108023e-02
3.301758e+04	4.213993e-03
3.302344e+04	4.851810e-03
3.302930e+04	5.477614e-03
3.303516e+04	4.284567e-03
3.304102e+04	5.468284e-03
3.304688e+04	4.272402e-03
3.305273e+04	5.675391e-03
3.305859e+04	9.922630e-03
3.306445e+04	4.373568e-03
3.307031e+04	5.556993e-03
3.307617e+04	5.072666e-03
3.308203e+04	4.329868e-03
3.308789e+04	4.914075e-03
3.309375e+04	4.754456e-03
3.309961e+04	5.736670e-03
3.310547e+04	8.098116e-03
3.311133e+04	4.603280e-03
3.311719e+04	4.634460e-03
3.312305e+04	5.705486e-03
3.312891e+04	4.794796e-03
3.313477e+04	5.124116e-03
3.314062e+04	5.229173e-03
3.314648e+04	5.445103e-03
3.315234e+04	7.014156e-03
3.315820e+04	7.225605e-03
3.316406e+04	3.580916e-03
3.316992e+04	5.255953e-03
3.317578e+04	3.868361e-03
3.318164e+04	4.262506e-03
3.318750e+04	4.121395e-03
3.319336e+04	4.805443e-03
3.319922e+04	5.680157e-03
3.320508e+04	9.482283e-03
3.321094e+04	5.164736e-03
3.321680e+04	4.532213e-03
3.322266e+04	4.623920e-03
3.322852e+04	4.863487e-03
3.323438e+04	4.795493e-03
3.324023e+04	4.491966e-03
3.324609e+04	5.762304e-03
3.325195e+04	1.007395e-02
3.325781e+04	4.544340e-03
3.326367e+04	4.503390e-03
3.326953e+04	5.718799e-03
3.327539e+04	3.837261e-03
3.328125e+04	4.320101e-03
3.328711e+04	4.133429e-03
3.329297e+04	5.651402e-03
3.329883e+04	1.080608e-02
3.330469e+04	4.304217e-03
3.331055e+04	4.514297e-03
3.331641e+04	5.465146e-03
3.332227e+04	4.257950e-03
3.332812e+04	4.553809e-03
3.333398e+04	4.841664e-03
3.333984e+04	6.362874e-03
3.334570e+04	9.096258e-03
3.335156e+04	3.961443e-03
3.335742e+04	4.505649e-03
3.336328e+04	5.451533e-03
3.336914e+04	3.738882e-03
3.337500e+04	5.254163e-03
3.338086e+04	5.569125e-03
3.338672e+04	5.076978e-03
3.339258e+04	9.858641e-03
3.339844e+04	3.547850e-03
3.340430e+04	5.023797e-03
3.341016e+04	4.964824e-03
3.341602e+04	3.674939e-03
3.342188e+04	4.442593e-03
3.342773e+04	5.405097e-03
3.343359e+04	4.744743e-03
3.343945e+04	8.388742e-03
3.344531e+04	5.518863e-03
3.345117e+04	3.530653e-03
3.345703e+04	5.450160e-03
3.346289e+04	5.453652e-03
3.346875e+04	3.403478e-03
3.347461e+04	5.358865e-03
3.348047e+04	7.010944e-03
3.348633e+04	7.224181e-03
3.349219e+04	8.031324e-03
3.349805e+04	4.045863e-03
3.350391e+04	5.231364e-03
3.350977e+04	5.664157e-03
3.351562e+04	5.322929e-03
3.352148e+04	3.595004e-03
3.352734e+04	5.383852e-03
3.353320e+04	7.175704e-03
3.353906e+04	8.363212e-03
3.354492e+04	4.672553e-03
3.355078e+04	5.636791e-03
3.355664e+04	5.887734e-03
3.356250e+04	3.627034e-03
3.356836e+04	3.923322e-03
3.357422e+04	5.002866e-03
3.358008e+04	6.047277e-03
3.358594e+04	8.187870e-03
3.359180e+04	5.542512e-03
3.359766e+04	3.978736e-03
3.360352e+04	5.342398e-03
3.360938e+04	4.612199e-03
3.361523e+04	4.674675e-03
3.362109e+04	5.579812e-03
3.362695e+04	6.527409e-03
3.363281e+04	9.461356e-03
3.363867e+04	4.060636e-03
3.364453e+04	4.816080e-03
3.365039e+04	6.674513e-03
3.365625e+04	4.728304e-03
3.366211e+04	6.159110e-03
3.366797e+04	5.132667e-03
3.367383e+04	6.077875e-03
3.367969e+04	8.542239e-03
3.368555e+04	3.144519e-03
3.369141e+04	5.015411e-03
3.369727e+04	5.862673e-03
3.370312e+04	4.887758e-03
3.370898e+04	4.731813e-03
3.371484e+04	5.395266e-03
3.372070e+04	6.261981e-03
3.372656e+04	8.142930e-03
3.373242e+04	6.361539e-03
3.373828e+04	4.684087e-03
3.374414e+04	5.755403e-03
3.375000e+04	5.724530e-03
3.375586e+04	5.731310e-03
3.376172e+04	5.503211e-03
3.376758e+04	6.075468e-03
3.377344e+04	7.229786e-03
3.377930e+04	5.809262e-03
3.378516e+04	4.235058e-03
3.379102e+04	4.179308e-03
3.379688e+04	5.882439e-03
3.380273e+04	5.192778e-03
3.380859e+04	4.867016e-03
3.381445e+04	5.236131e-03
3.382031e+04	7.766233e-03
3.382617e+04	6.773179e-03
3.383203e+04	5.708523e-03
3.383789e+04	4.254495e-03
3.384375e+04	6.384894e-03
3.384961e+04	4.588816e-03
3.385547e+04	6.342206e-03
3.386133e+04	6.417464e-03
3.386719e+04	6.112701e-03
3.387305e+04	7.402801e-03
3.387891e+04	4.284803e-03
3.388477e+04	4.812058e-03
3.389062e+04	5.693178e-03
3.389648e+04	4.752318e-03
3.390234e+04	4.406478e-03
3.390820e+04	5.111191e-03
3.391406e+04	6.964220e-03
3.391992e+04	8.190423e-03
3.392578e+04	3.670634e-03
3.393164e+04	5.059587e-03
3.393750e+04	5.255701e-03
3.394336e+04	6.007140e-03
3.394922e+04	4.962175e-03
3.395508e+04	4.874874e-03
3.396094e+04	6.944853e-03
3.396680e+04	8.161824e-03
3.397266e+04	4.818792e-03
3.397852e+04	5.136896e-03
3.398438e+04	5.266307e-03
3.399023e+04	4.801337e-03
3.399609e+04	4.178825e-03
3.400195e+04	5.501715e-03
3.400781e+04	7.342368e-03
3.401367e+04	7.712883e-03
3.401953e+04	4.806518e-03
3.402539e+04	4.739351e-03
3.403125e+04	4.637250e-03
3.403711e+04	6.178994e-03
3.404297e+04	4.975433e-03
3.404883e+04	5.158837e-03
3.405469e+04	7.130555e-03
3.406055e+04	7.643965e-03
3.406641e+04	5.992807e-03
3.407227e+04	4.831077e-03
3.407812e+04	4.478355e-03
3.408398e+04	6.592899e-03
3.408984e+04	4.354516e-03
3.409570e+04	4.919322e-03
3.410156e+04	6.788152e-03
3.410742e+04	7.557981e-03
3.411328e+04	5.401321e-03
3.411914e+04	4.756481e-03
3.412500e+04	4.715806e-03
3.413086e+04	5.642701e-03
3.413672e+04	5.710914e-03
3.414258e+04	5.935118e-03
3.414844e+04	6.208832e-03
3.415430e+04	8.268045e-03
3.416016e+04	5.902365e-03
3.416602e+04	3.603038e-03
3.417188e+04	4.391136e-03
3.417773e+04	4.844679e-03
3.418359e+04	5.218793e-03
3.418945e+04	4.894421e-03
3.419531e+04	6.773287e-03
3.420117e+04	9.125968e-03
3.420703e+04	6.509262e-03
3.421289e+04	4.452249e-03
3.421875e+04	4.896203e-03
3.422461e+04	6.252285e-03
3.423047e+04	6.264412e-03
3.423633e+04	5.374218e-03
3.424219e+04	6.820197e-03
3.424805e+04	8.788933e-03
3.425391e+04	5.969272e-03
3.425977e+04	5.298232e-03
3.426562e+04	4.490071e-03
3.427148e+04	5.835968e-03
3.427734e+04	7.112875e-03
3.428320e+04	4.706373e-03
3.428906e+04	6.405220e-03
3.429492e+04	8.783469e-03
3.430078e+04	5.988486e-03
3.430664e+04	5.245643e-03
3.431250e+04	4.580483e-03
3.431836e+04	5.054385e-03
3.432422e+04	6.119993e-03
3.433008e+04	5.327401e-03
3.433594e+04	5.501069e-03
3.434180e+04	7.956029e-03
3.434766e+04	6.654371e-03
3.435352e+04	4.859372e-03
3.435938e+04	4.752283e-03
3.436523e+04	4.854366e-03
3.437109e+04	5.159311e-03
3.437695e+04	5.566531e-03
3.438281e+04	5.905831e-03
3.438867e+04	6.758352e-03
3.439453e+04	7.885789e-03
3.440039e+04	4.780139e-03
3.440625e+04	5.359550e-03
3.441211e+04	4.668436e-03
3.441797e+04	5.801748e-03
3.442383e+04	4.266664e-03
3.442969e+04	4.974208e-03
3.443555e+04	6.324748e-03
3.444141e+04	8.920742e-03
3.444727e+04	6.036742e-03
3.445312e+04	4.310782e-03
3.445898e+04	5.877641e-03
3.446484e+04	5.867832e-03
3.447070e+04	4.668793e-03
3.447656e+04	5.062443e-03
3.448242e+04	5.547227e-03
3.448828e+04	9.183795e-03
3.449414e+04	6.025080e-03
3.450000e+04	4.865784e-03
3.450586e+04	4.686207e-03
3.451172e+04	5.739709e-03
3.451758e+04	6.586828e-03
3.452344e+04	5.058195e-03
3.452930e+04	5.616432e-03
3.453516e+04	9.998773e-03
3.454102e+04	6.076931e-03
3.454688e+04	4.353385e-03
3.455273e+04	5.008074e-03
3.455859e+04	6.053153e-03
3.456445e+04	6.169350e-03
3.457031e+04	5.783013e-03
3.457617e+04	5.873722e-03
3.458203e+04	1.033174e-02
3.458789e+04	4.028512e-03
3.459375e+04	5.395729e-03
3.459961e+04	4.577038e-03
3.460547e+04	5.032553e-03
3.461133e+04	5.635500e-03
3.461719e+04	5.092870e-03
3.462305e+04	6.027691e-03
3.462891e+04	8.297028e-03
3.463477e+04	5.891920e-03
3.464062e+04	5.002751e-03
3.464648e+04	4.846385e-03
3.465234e+04	4.136359e-03
3.465820e+04	6.509298e-03
3.466406e+04	5.304584e-03
3.466992e+04	5.399616e-03
3.467578e+04	7.053312e-03
3.468164e+04	6.384078e-03
3.468750e+04	4.086435e-03
3.469336e+04	3.885925e-03
3.469922e+04	5.312999e-03
3.470508e+04	6.281434e-03
3.471094e+04	5.588861e-03
3.471680e+04	4.840574e-03
3.472266e+04	7.625535e-03
3.472852e+04	8.702458e-03
3.473438e+04	5.249536e-03
3.474023e+04	5.418877e-03
3.474609e+04	4.645599e-03
3.475195e+04	6.884617e-03
3.475781e+04	5.361569e-03
3.476367e+04	5.977767e-03
3.476953e+04	5.598605e-03
3.477539e+04	1.032411e-02
3.478125e+04	5.752759e-03
3.478711e+04	5.555958e-03
3.479297e+04	4.505693e-03
3.479883e+04	5.215124e-03
3.480469e+04	5.600737e-03
3.481055e+04	5.237456e-03
3.481641e+04	6.309612e-03
3.482227e+04	1.279363e-02
3.482812e+04	5.274980e-03
3.483398e+04	4.042978e-03
3.483984e+04	4.763097e-03
3.484570e+04	5.513282e-03
3.485156e+04	7.070624e-03
3.485742e+04	5.755256e-03
3.486328e+04	6.080465e-03
3.486914e+04	1.256149e-02
3.487500e+04	4.404806e-03
3.488086e+04	4.378234e-03
3.488672e+04	4.819123e-03
3.489258e+04	5.748799e-03
3.489844e+04	6.072541e-03
3.490430e+04	5.736818e-03
3.491016e+04	5.782591e-03
3.491602e+04	1.063690e-02
3.492188e+04	3.454197e-03
3.492773e+04	4.882321e-03
3.493359e+04	4.587193e-03
3.493945e+04	4.362347e-03
3.494531e+04	5.375113e-03
3.495117e+04	5.563813e-03
3.495703e+04	6.605943e-03
3.496289e+04	8.168862e-03
3.496875e+04	6.377612e-03
3.497461e+04	3.962213e-03
3.498047e+04	4.912318e-03
3.498633e+04	4.605970e-03
3.499219e+04	5.525804e-03
3.499805e+04	5.712268e-03
3.500391e+04	5.317086e-03
3.500977e+04	7.408202e-03
3.501562e+04	7.739462e-03
3.502148e+04	5.746609e-03
3.502734e+04	4.593614e-03
3.503320e+04	5.491513e-03
3.503906e+04	5.538612e-03
3.504492e+04	5.478310e-03
3.505078e+04	5.118756e-03
3.505664e+04	5.961401e-03
3.506250e+04	1.035981e-02
3.506836e+04	4.877679e-03
3.507422e+04	5.345642e-03
3.508008e+04	6.179807e-03
3.508594e+04	6.145999e-03
3.509180e+04	6.516002e-03
3.509766e+04	4.879325e-03
3.510352e+04	5.615565e-03
3.510938e+04	1.183660e-02
3.511523e+04	4.576052e-03
3.512109e+04	5.838976e-03
3.512695e+04	5.514454e-03
3.513281e+04	5.864027e-03
3.513867e+04	6.641479e-03
3.514453e+04	7.471912e-03
3.515039e+04	6.395519e-03
3.515625e+04	1.297418e-02
3.516211e+04	3.920587e-03
3.516797e+04	4.333108e-03
3.517383e+04	5.932509e-03
3.517969e+04	5.907407e-03
3.518555e+04	6.877122e-03
3.519141e+04	6.901869e-03
3.519727e+04	7.491852e-03
3.520312e+04	1.294060e-02
3.520898e+04	2.882087e-03
3.521484e+04	4.307622e-03
3.522070e+04	4.771322e-03
3.522656e+04	6.771935e-03
3.523242e+04	6.072930e-03
3.523828e+04	5.482625e-03
3.524414e+04	6.828557e-03
3.525000e+04	1.066718e-02
3.525586e+04	4.043824e-03
3.526172e+04	3.491950e-03
3.526758e+04	3.735166e-03
3.527344e+04	5.196068e-03
3.527930e+04	5.210605e-03
3.528516e+04	5.838184e-03
3.529102e+04	5.484778e-03
3.529688e+04	8.394748e-03
3.530273e+04	6.403507e-03
3.530859e+04	4.645973e-03
3.531445e+04	4.776348e-03
3.532031e+04	5.754552e-03
3.532617e+04	4.987299e-03
3.533203e+04	5.749629e-03
3.533789e+04	5.557360e-03
3.534375e+04	5.738785e-03
3.534961e+04	9.952037e-03
3.535547e+04	5.286023e-03
3.536133e+04	6.006100e-03
3.536719e+04	6.880034e-03
3.537305e+04	6.310654e-03
3.537891e+04	5.322577e-03
3.538477e+04	4.662194e-03
3.539062e+04	5.740301e-03
3.539648e+04	1.239296e-02
3.540234e+04	5.855240e-03
3.540820e+04	5.353009e-03
3.541406e+04	5.021747e-03
3.541992e+04	6.317594e-03
3.542578e+04	7.093253e-03
3.543164e+04	4.767112e-03
3.543750e+04	5.428802e-03
3.544336e+04	1.288300e-02
3.544922e+04	5.344263e-03
3.545508e+04	6.380156e-03
3.546094e+04	5.733964e-03
3.546680e+04	5.632977e-03
3.547266e+04	6.545122e-03
3.547852e+04	6.507792e-03
3.548438e+04	6.666503e-03
3.549023e+04	1.348583e-02
3.549609e+04	2.387161e-03
3.550195e+04	3.496651e-03
3.550781e+04	5.816734e-03
3.551367e+04	5.555693e-03
3.551953e+04	6.429503e-03
3.552539e+04	7.405697e-03
3.553125e+04	6.323386e-03
3.553711e+04	1.179288e-02
3.554297e+04	2.088486e-03
3.554883e+04	4.396771e-03
3.555469e+04	4.133605e-03
3.556055e+04	6.171970e-03
3.556641e+04	6.003197e-03
3.557227e+04	6.710070e-03
3.557812e+04	6.066658e-03
3.558398e+04	8.646477e-03
3.558984e+04	5.242722e-03
3.559570e+04	3.522680e-03
3.560156e+04	5.134704e-03
3.560742e+04	5.621962e-03
3.561328e+04	4.902881e-03
3.561914e+04	7.200813e-03
3.562500e+04	5.804550e-03
3.563086e+04	6.855778e-03
3.563672e+04	7.600811e-03
3.564258e+04	4.182624e-03
3.564844e+04	5.092491e-03
3.565430e+04	4.894066e-03
3.566016e+04	5.814871e-03
3.566602e+04	6.465128e-03
3.567188e+04	6.170112e-03
3.567773e+04	5.556415e-03
3.568359e+04	1.024807e-02
3.568945e+04	5.235089e-03
3.569531e+04	5.463100e-03
3.570117e+04	5.643125e-03
3.570703e+04	5.658471e-03
3.571289e+04	6.727648e-03
3.571875e+04	5.830278e-03
3.572461e+04	7.391908e-03
3.573047e+04	1.302327e-02
3.573633e+04	4.439951e-03
3.574219e+04	6.947796e-03
3.574805e+04	6.356730e-03
3.575391e+04	6.251936e-03
3.575977e+04	6.540089e-03
3.576562e+04	6.190812e-03
3.577148e+04	6.268558e-03
3.577734e+04	1.109036e-02
3.578320e+04	4.373579e-03
3.578906e+04	4.833680e-03
3.579492e+04	6.280211e-03
3.580078e+04	6.370170e-03
3.580664e+04	6.990331e-03
3.581250e+04	6.887670e-03
3.581836e+04	7.728772e-03
3.582422e+04	1.125784e-02
3.583008e+04	3.250197e-03
3.583594e+04	3.777382e-03
3.584180e+04	6.216931e-03
3.584766e+04	6.488223e-03
3.585352e+04	6.225495e-03
3.585938e+04	7.514049e-03
3.586523e+04	7.776377e-03
3.587109e+04	9.510774e-03
3.587695e+04	4.911613e-03
3.588281e+04	3.998804e-03
3.588867e+04	4.880256e-03
3.589453e+04	5.181660e-03
3.590039e+04	4.710201e-03
3.590625e+04	7.132412e-03
3.591211e+04	7.327170e-03
3.591797e+04	7.503487e-03
3.592383e+04	6.445525e-03
3.592969e+04	4.217990e-03
3.593555e+04	5.151681e-03
3.594141e+04	5.655548e-03
3.594727e+04	4.817380e-03
3.595312e+04	5.905927e-03
3.595898e+04	6.716427e-03
3.596484e+04	7.843449e-03
3.597070e+04	9.308089e-03
3.597656e+04	3.938360e-03
3.598242e+04	5.445798e-03
3.598828e+04	5.362340e-03
3.599414e+04	5.377589e-03
3.600000e+04	6.801587e-03
3.600586e+04	6.427024e-03
3.601172e+04	6.460363e-03
3.601758e+04	1.040611e-02
3.602344e+04	4.323636e-03
3.602930e+04	5.165819e-03
3.603516e+04	6.077400e-03
3.604102e+04	7.667227e-03
3.604688e+04	6.843081e-03
3.605273e+04	6.652862e-03
3.605859e+04	6.352548e-03
3.606445e+04	1.168865e-02
3.607031e+04	3.971050e-03
3.607617e+04	4.782108e-03
3.608203e+04	6.316619e-03
3.608789e+04	5.639731e-03
3.609375e+04	6.771321e-03
3.609961e+04	7.729366e-03
3.610547e+04	7.525503e-03
3.611133e+04	9.980409e-03
3.611719e+04	4.755745e-03
3.612305e+04	4.963310e-03
3.612891e+04	5.245776e-03
3.613477e+04	6.754561e-03
3.614062e+04	5.966167e-03
3.614648e+04	6.277300e-03
3.615234e+04	6.666569e-03
3.615820e+04	9.042242e-03
3.616406e+04	4.970535e-03
3.616992e+04	4.445552e-03
3.617578e+04	4.296412e-03
3.618164e+04	6.155179e-03
3.618750e+04	6.891024e-03
3.619336e+04	6.826384e-03
3.619922e+04	7.540244e-03
3.620508e+04	6.880298e-03
3.621094e+04	6.658560e-03
3.621680e+04	5.261710e-03
3.622266e+04	4.830460e-03
3.622852e+04	7.763320e-03
3.623438e+04	6.844739e-03
3.624023e+04	6.467260e-03
3.624609e+04	7.688888e-03
3.625195e+04	7.218026e-03
3.625781e+04	7.031523e-03
3.626367e+04	4.040595e-03
3.626953e+04	4.838857e-03
3.627539e+04	6.167439e-03
3.628125e+04	6.487031e-03
3.628711e+04	7.161671e-03
3.629297e+04	7.830887e-03
3.629883e+04	7.589758e-03
3.630469e+04	9.069828e-03
3.631055e+04	3.544309e-03
3.631641e+04	4.988316e-03
3.632227e+04	5.966811e-03
3.632812e+04	6.918333e-03
3.633398e+04	5.597993e-03
3.633984e+04	7.099881e-03
3.634570e+04	8.300590e-03
3.635156e+04	9.135668e-03
3.635742e+04	3.879519e-03
3.636328e+04	5.401867e-03
3.636914e+04	5.379072e-03
3.637500e+04	7.036971e-03
3.638086e+04	6.657122e-03
3.638672e+04	7.784894e-03
3.639258e+04	8.353989e-03
3.639844e+04	9.563672e-03
3.640430e+04	3.971808e-03
3.641016e+04	5.040760e-03
3.641602e+04	5.740421e-03
3.642188e+04	6.759103e-03
3.642773e+04	6.078539e-03
3.643359e+04	6.952566e-03
3.643945e+04	8.581090e-03
3.644531e+04	8.919835e-03
3.645117e+04	4.810463e-03
3.645703e+04	4.170716e-03
3.646289e+04	6.299157e-03
3.646875e+04	7.363218e-03
3.647461e+04	6.368782e-03
3.648047e+04	6.586383e-03
3.648633e+04	8.772054e-03
3.649219e+04	7.646255e-03
3.649805e+04	6.511487e-03
3.650391e+04	4.970127e-03
3.650977e+04	5.697677e-03
3.651562e+04	8.015819e-03
3.652148e+04	6.292668e-03
3.652734e+04	6.771518e-03
3.653320e+04	9.205361e-03
3.653906e+04	7.390134e-03
3.654492e+04	6.985017e-03
3.655078e+04	6.097280e-03
3.655664e+04	5.746091e-03
3.656250e+04	7.738329e-03
3.656836e+04	6.860902e-03
3.657422e+04	6.625456e-03
3.658008e+04	7.971289e-03
3.658594e+04	7.642336e-03
3.659180e+04	6.602403e-03
3.659766e+04	4.520497e-03
3.660352e+04	4.795554e-03
3.660938e+04	5.915497e-03
3.661523e+04	7.005150e-03
3.662109e+04	6.934184e-03
3.662695e+04	7.443139e-03
3.663281e+04	7.129210e-03
3.663867e+04	8.001177e-03
3.664453e+04	4.627092e-03
3.665039e+04	4.613879e-03
3.665625e+04	6.509457e-03
3.666211e+04	7.164628e-03
3.666797e+04	6.761462e-03
3.667383e+04	8.192738e-03
3.667969e+04	8.471805e-03
3.668555e+04	7.707637e-03
3.669141e+04	4.496128e-03
3.669727e+04	5.274957e-03
3.670312e+04	6.584980e-03
3.670898e+04	7.615230e-03
3.671484e+04	7.434044e-03
3.672070e+04	7.336046e-03
3.672656e+04	8.971391e-03
3.673242e+04	8.152308e-03
3.673828e+04	5.044413e-03
3.674414e+04	5.233197e-03
3.675000e+04	6.167430e-03
3.675586e+04	6.961153e-03
3.676172e+04	7.289782e-03
3.676758e+04	6.517424e-03
3.677344e+04	7.565040e-03
3.677930e+04	7.292325e-03
3.678516e+04	5.359839e-03
3.679102e+04	5.458420e-03
3.679688e+04	6.245918e-03
3.680273e+04	8.167687e-03
3.680859e+04	7.779859e-03
3.681445e+04	5.939767e-03
3.682031e+04	9.167694e-03
3.682617e+04	7.655632e-03
3.683203e+04	5.377082e-03
3.683789e+04	5.272762e-03
3.684375e+04	4.814553e-03
3.684961e+04	7.102760e-03
3.685547e+04	6.893956e-03
3.686133e+04	6.350293e-03
3.686719e+04	9.281329e-03
3.687305e+04	6.545338e-03
3.687891e+04	5.630287e-03
3.688477e+04	5.107994e-03
3.689062e+04	6.724423e-03
3.689648e+04	6.929158e-03
3.690234e+04	8.357147e-03
3.690820e+04	7.133976e-03
3.691406e+04	8.016316e-03
3.691992e+04	7.776163e-03
3.692578e+04	6.065179e-03
3.693164e+04	4.849020e-03
3.693750e+04	4.984727e-03
3.694336e+04	6.452154e-03
3.694922e+04	8.046718e-03
3.695508e+04	6.320770e-03
3.696094e+04	8.149746e-03
3.696680e+04	8.235721e-03
3.697266e+04	5.782022e-03
3.697852e+04	5.723646e-03
3.698438e+04	5.066945e-03
3.699023e+04	7.386339e-03
3.699609e+04	8.353024e-03
3.700195e+04	7.068233e-03
3.700781e+04	8.942677e-03
3.701367e+04	8.717249e-03
3.701953e+04	7.540861e-03
3.702539e+04	6.282594e-03
3.703125e+04	5.384144e-03
3.703711e+04	5.909758e-03
3.704297e+04	8.693856e-03
3.704883e+04	6.155874e-03
3.705469e+04	8.609291e-03
3.706055e+04	9.500857e-03
3.706641e+04	7.018703e-03
3.707227e+04	5.971083e-03
3.707812e+04	4.493961e-03
3.708398e+04	5.879607e-03
3.708984e+04	7.295700e-03
3.709570e+04	6.836657e-03
3.710156e+04	7.854481e-03
3.710742e+04	9.633023e-03
3.711328e+04	6.515215e-03
3.711914e+04	5.072716e-03
3.712500e+04	5.128170e-03
3.713086e+04	4.853888e-03
3.713672e+04	6.541347e-03
3.714258e+04	8.120559e-03
3.714844e+04	7.045474e-03
3.715430e+04	9.427002e-03
3.716016e+04	7.415797e-03
3.716602e+04	4.795840e-03
3.717188e+04	5.129827e-03
3.717773e+04	5.025080e-03
3.718359e+04	6.251213e-03
3.718945e+04	9.455109e-03
3.719531e+04	6.034536e-03
3.720117e+04	8.450754e-03
3.720703e+04	8.614689e-03
3.721289e+04	5.797693e-03
3.721875e+04	5.718231e-03
3.722461e+04	5.365011e-03
3.723047e+04	6.417646e-03
3.723633e+04	8.063760e-03
3.724219e+04	7.922607e-03
3.724805e+04	8.196302e-03
3.725391e+04	8.493752e-03
3.725977e+04	5.124480e-03
3.726562e+04	5.873477e-03
3.727148e+04	5.338656e-03
3.727734e+04	7.328358e-03
3.728320e+04	1.026200e-02
3.728906e+04	6.727926e-03
3.729492e+04	7.749801e-03
3.730078e+04	1.089034e-02
3.730664e+04	5.174965e-03
3.731250e+04	5.177808e-03
3.731836e+04	5.398988e-03
3.732422e+04	6.323807e-03
3.733008e+04	8.707764e-03
3.733594e+04	7.173605e-03
3.734180e+04	7.223924e-03
3.734766e+04	9.332092e-03
3.735352e+04	6.797479e-03
3.735938e+04	5.468483e-03
3.736523e+04	5.533416e-03
3.737109e+04	5.954632e-03
3.737695e+04	8.547070e-03
3.738281e+04	8.990128e-03
3.738867e+04	6.864316e-03
3.739453e+04	1.039020e-02
3.740039e+04	5.485523e-03
3.740625e+04	6.065776e-03
3.741211e+04	5.664352e-03
3.741797e+04	6.035950e-03
3.742383e+04	7.323250e-03
3.742969e+04	9.263223e-03
3.743555e+04	7.254979e-03
3.744141e+04	9.190965e-03
3.744727e+04	7.976391e-03
3.745312e+04	5.011159e-03
3.745898e+04	5.939398e-03
3.746484e+04	6.067968e-03
3.747070e+04	7.730251e-03
3.747656e+04	1.069299e-02
3.748242e+04	6.991836e-03
3.748828e+04	7.450060e-03
3.749414e+04	8.050305e-03
3.750000e+04	5.261886e-03
3.750586e+04	5.973721e-03
3.751172e+04	5.476729e-03
3.751758e+04	6.877169e-03
3.752344e+04	1.046968e-02
3.752930e+04	5.715723e-03
3.753516e+04	7.225474e-03
3.754102e+04	9.915931e-03
3.754688e+04	4.951529e-03
3.755273e+04	5.680797e-03
3.755859e+04	6.272509e-03
3.756445e+04	7.703215e-03
3.757031e+04	1.009811e-02
3.757617e+04	7.433348e-03
3.758203e+04	8.156916e-03
3.758789e+04	9.914409e-03
3.759375e+04	4.375770e-03
3.759961e+04	6.312407e-03
3.760547e+04	6.144971e-03
3.761133e+04	6.547476e-03
3.761719e+04	8.974773e-03
3.762305e+04	8.164393e-03
3.762891e+04	6.463973e-03
3.763477e+04	9.319064e-03
3.764062e+04	5.874346e-03
3.764648e+04	5.964935e-03
3.765234e+04	6.846083e-03
3.765820e+04	6.418459e-03
3.766406e+04	8.060360e-03
3.766992e+04	8.505408e-03
3.767578e+04	6.833186e-03
3.768164e+04	9.547468e-03
3.768750e+04	5.962109e-03
3.769336e+04	5.844483e-03
3.769922e+04	5.928766e-03
3.770508e+04	6.011907e-03
3.771094e+04	7.760140e-03
3.771680e+04	1.037355e-02
3.772266e+04	6.344155e-03
3.772852e+04	8.089947e-03
3.773438e+04	7.873317e-03
3.774023e+04	4.360579e-03
3.774609e+04	5.773312e-03
3.775195e+04	5.984864e-03
3.775781e+04	7.463840e-03
3.776367e+04	1.183261e-02
3.776953e+04	6.638896e-03
3.777539e+04	9.078416e-03
3.778125e+04	7.277263e-03
3.778711e+04	4.944765e-03
3.779297e+04	6.406387e-03
3.779883e+04	7.246312e-03
3.780469e+04	7.731678e-03
3.781055e+04	1.150063e-02
3.781641e+04	5.410055e-03
3.782227e+04	8.935770e-03
3.782812e+04	8.528982e-03
3.783398e+04	4.999928e-03
3.783984e+04	5.882346e-03
3.784570e+04	5.911532e-03
3.785156e+04	6.977999e-03
3.785742e+04	1.164026e-02
3.786328e+04	7.572085e-03
3.786914e+04	6.937610e-03
3.787500e+04	9.984569e-03
3.788086e+04	4.466327e-03
3.788672e+04	5.697917e-03
3.789258e+04	6.140734e-03
3.789844e+04	7.979277e-03
3.790430e+04	9.360114e-03
3.791016e+04	8.085110e-03
3.791602e+04	7.344328e-03
3.792188e+04	1.025483e-02
3.792773e+04	4.454443e-03
3.793359e+04	6.324922e-03
3.793945e+04	6.139016e-03
3.794531e+04	6.422734e-03
3.795117e+04	9.172662e-03
3.795703e+04	9.591965e-03
3.796289e+04	6.774565e-03
3.796875e+04	1.020499e-02
3.797461e+04	6.159748e-03
3.798047e+04	5.660550e-03
3.798633e+04	6.659117e-03
3.799219e+04	5.924079e-03
3.799805e+04	8.946351e-03
3.800391e+04	1.025067e-02
3.800977e+04	6.356360e-03
3.801562e+04	9.435602e-03
3.802148e+04	6.191950e-03
3.802734e+04	5.507329e-03
3.803320e+04	6.524309e-03
3.803906e+04	6.840064e-03
3.804492e+04	8.751999e-03
3.805078e+04	1.209524e-02
3.805664e+04	6.752946e-03
3.806250e+04	8.602193e-03
3.806836e+04	8.088712e-03
3.807422e+04	5.960161e-03
3.808008e+04	6.844422e-03
3.808594e+04	7.219451e-03
3.809180e+04	7.122102e-03
3.809766e+04	1.266142e-02
3.810352e+04	6.964614e-03
3.810938e+04	7.781619e-03
3.811523e+04	8.741877e-03
3.812109e+04	5.590959e-03
3.812695e+04	5.222767e-03
3.813281e+04	6.432390e-03
3.813867e+04	8.310203e-03
3.814453e+04	1.235093e-02
3.815039e+04	6.447630e-03
3.815625e+04	6.667526e-03
3.816211e+04	9.077610e-03
3.816797e+04	4.594381e-03
3.817383e+04	4.235787e-03
3.817969e+04	7.455593e-03
3.818555e+04	6.824473e-03
3.819141e+04	1.073618e-02
3.819727e+04	9.119324e-03
3.820312e+04	7.148211e-03
3.820898e+04	9.587449e-03
3.821484e+04	5.921933e-03
3.822070e+04	6.365490e-03
3.822656e+04	7.097116e-03
3.823242e+04	6.814236e-03
3.823828e+04	8.882561e-03
3.824414e+04	9.739815e-03
3.825000e+04	7.564405e-03
3.825586e+04	9.002034e-03
3.826172e+04	6.348030e-03
3.826758e+04	5.191509e-03
3.827344e+04	5.875686e-03
3.827930e+04	6.819374e-03
3.828516e+04	9.144424e-03
3.829102e+04	1.130361e-02
3.829688e+04	7.897903e-03
3.830273e+04	8.018363e-03
3.830859e+04	7.478562e-03
3.831445e+04	5.148255e-03
3.832031e+04	7.301874e-03
3.832617e+04	7.267652e-03
3.833203e+04	9.675321e-03
3.833789e+04	1.231157e-02
3.834375e+04	5.909280e-03
3.834961e+04	7.480818e-03
3.835547e+04	9.136357e-03
3.836133e+04	5.507336e-03
3.836719e+04	6.374516e-03
3.837305e+04	6.309842e-03
3.837891e+04	8.642059e-03
3.838477e+04	1.244309e-02
3.839062e+04	6.902584e-03
3.839648e+04	7.119573e-03
3.840234e+04	8.744056e-03
3.840820e+04	5.414014e-03
3.841406e+04	7.090575e-03
3.841992e+04	6.791198e-03
3.842578e+04	8.767783e-03
3.843164e+04	1.235074e-02
3.843750e+04	6.885930e-03
3.844336e+04	6.567574e-03
3.844922e+04	9.682194e-03
3.845508e+04	4.942168e-03
3.846094e+04	6.645111e-03
3.846680e+04	6.862243e-03
3.847266e+04	8.817232e-03
3.847852e+04	1.097655e-02
3.848438e+04	8.249943e-03
3.849023e+04	7.462199e-03
3.849609e+04	9.389719e-03
3.850195e+04	5.636229e-03
3.850781e+04	5.950504e-03
3.851367e+04	7.031989e-03
3.851953e+04	7.827022e-03
3.852539e+04	9.211125e-03
3.853125e+04	9.709931e-03
3.853711e+04	6.612861e-03
3.854297e+04	8.278922e-03
3.854883e+04	5.495946e-03
3.855469e+04	4.497754e-03
3.856055e+04	6.743334e-03
3.856641e+04	8.503370e-03
3.857227e+04	9.810089e-03
3.857812e+04	1.029528e-02
3.858398e+04	6.263935e-03
3.858984e+04	8.994287e-03
3.859570e+04	7.152654e-03
3.860156e+04	6.114266e-03
3.860742e+04	8.274250e-03
3.861328e+04	8.303216e-03
3.861914e+04	9.574545e-03
3.862500e+04	1.097816e-02
3.863086e+04	6.568384e-03
3.863672e+04	7.363023e-03
3.864258e+04	8.076769e-03
3.864844e+04	5.364243e-03
3.865430e+04	7.105028e-03
3.866016e+04	7.854946e-03
3.866602e+04	9.873719e-03
3.867188e+04	1.224977e-02
3.867773e+04	7.357279e-03
3.868359e+04	7.450316e-03
3.868945e+04	9.273435e-03
3.869531e+04	5.911962e-03
3.870117e+04	6.825476e-03
3.870703e+04	7.644245e-03
3.871289e+04	9.011263e-03
3.871875e+04	1.212916e-02
3.872461e+04	7.202237e-03
3.873047e+04	6.839872e-03
3.873633e+04	8.852954e-03
3.874219e+04	5.918215e-03
3.874805e+04	6.236616e-03
3.875391e+04	7.956793e-03
3.875977e+04	1.106945e-02
3.876562e+04	1.104620e-02
3.877148e+04	8.680249e-03
3.877734e+04	6.663221e-03
3.878320e+04	9.323453e-03
3.878906e+04	6.437359e-03
3.879492e+04	5.702189e-03
3.880078e+04	7.323713e-03
3.880664e+04	9.849960e-03
3.881250e+04	1.084915e-02
3.881836e+04	9.252579e-03
3.882422e+04	6.741744e-03
3.883008e+04	8.811788e-03
3.883594e+04	7.795516e-03
3.884180e+04	5.876806e-03
3.884766e+04	7.506495e-03
3.885352e+04	8.617541e-03
3.885938e+04	1.127782e-02
3.886523e+04	1.116004e-02
3.887109e+04	6.969725e-03
3.887695e+04	8.345085e-03
3.888281e+04	7.345177e-03
3.888867e+04	6.154135e-03
3.889453e+04	7.554465e-03
3.890039e+04	9.039686e-03
3.890625e+04	1.098479e-02
3.891211e+04	1.120953e-02
3.891797e+04	7.742151e-03
3.892383e+04	7.607861e-03
3.892969e+04	7.926570e-03
3.893555e+04	5.779500e-03
3.894141e+04	7.117098e-03
3.894727e+04	9.215739e-03
3.895312e+04	1.118413e-02
3.895898e+04	1.156916e-02
3.896484e+04	8.168046e-03
3.897070e+04	7.616405e-03
3.897656e+04	8.514361e-03
3.898242e+04	4.728625e-03
3.898828e+04	6.640441e-03
3.899414e+04	8.713801e-03
3.900000e+04	1.099342e-02
3.900586e+04	1.116038e-02
3.901172e+04	7.527464e-03
3.901758e+04	7.575262e-03
3.902344e+04	7.320310e-03
3.902930e+04	5.397793e-03
3.903516e+04	7.001979e-03
3.904102e+04	8.539116e-03
3.904688e+04	1.081857e-02
3.905273e+04	1.139497e-02
3.905859e+04	8.538668e-03
3.906445e+04	7.370690e-03
3.907031e+04	9.375260e-03
3.907617e+04	6.742698e-03
3.908203e+04	6.680345e-03
3.908789e+04	8.122192e-03
3.909375e+04	1.137725e-02
3.909961e+04	1.090669e-02
3.910547e+04	9.672384e-03
3.911133e+04	6.732763e-03
3.911719e+04	8.410507e-03
3.912305e+04	7.039880e-03
3.912891e+04	6.754442e-03
3.913477e+04	8.306947e-03
3.914062e+04	1.039888e-02
3.914648e+04	1.199017e-02
3.915234e+04	9.313082e-03
3.915820e+04	7.381240e-03
3.916406e+04	7.372020e-03
3.916992e+04	8.832151e-03
3.917578e+04	5.680787e-03
3.918164e+04	7.235269e-03
3.918750e+04	1.073384e-02
3.919336e+04	1.207604e-02
3.919922e+04	1.008980e-02
3.920508e+04	8.117735e-03
3.921094e+04	7.437411e-03
3.921680e+04	8.245639e-03
3.922266e+04	7.183117e-03
3.922852e+04	7.065657e-03
3.923438e+04	9.670249e-03
3.924023e+04	1.135439e-02
3.924609e+04	9.570148e-03
3.925195e+04	7.219963e-03
3.925781e+04	7.180182e-03
3.926367e+04	8.506502e-03
3.926953e+04	5.802873e-03
3.927539e+04	7.721763e-03
3.928125e+04	9.969260e-03
3.928711e+04	1.369766e-02
3.929297e+04	9.928608e-03
3.929883e+04	7.653643e-03
3.930469e+04	7.656423e-03
3.931055e+04	7.913073e-03
3.931641e+04	7.163794e-03
3.932227e+04	7.358001e-03
3.932812e+04	8.083653e-03
3.933398e+04	1.348037e-02
3.933984e+04	9.612856e-03
3.934570e+04	7.072648e-03
3.935156e+04	7.399443e-03
3.935742e+04	8.290018e-03
3.936328e+04	6.794243e-03
3.936914e+04	6.550779e-03
3.937500e+04	8.166735e-03
3.938086e+04	1.413567e-02
3.938672e+04	9.233723e-03
3.939258e+04	9.263697e-03
3.939844e+04	7.100981e-03
3.940430e+04	8.056201e-03
3.941016e+04	7.089483e-03
3.941602e+04	6.893101e-03
3.942188e+04	8.727577e-03
3.942773e+04	1.293825e-02
3.943359e+04	1.104219e-02
3.943945e+04	9.819945e-03
3.944531e+04	6.107700e-03
3.945117e+04	7.596082e-03
3.945703e+04	8.077078e-03
3.946289e+04	6.107643e-03
3.946875e+04	8.647489e-03
3.947461e+04	1.153238e-02
3.948047e+04	1.270537e-02
3.948633e+04	8.975550e-03
3.949219e+04	8.730059e-03
3.949805e+04	7.859184e-03
3.950391e+04	7.610335e-03
3.950977e+04	6.002679e-03
3.951562e+04	8.440238e-03
3.952148e+04	9.944114e-03
3.952734e+04	1.544600e-02
3.953320e+04	9.474744e-03
3.953906e+04	7.117337e-03
3.954492e+04	7.759062e-03
3.955078e+04	7.865544e-03
3.955664e+04	6.899264e-03
3.956250e+04	8.006773e-03
3.956836e+04	9.846882e-03
3.957422e+04	1.648749e-02
3.958008e+04	8.258774e-03
3.958594e+04	8.130669e-03
3.959180e+04	7.521305e-03
3.959766e+04	9.142347e-03
3.960352e+04	7.003721e-03
3.960938e+04	7.029618e-03
3.961523e+04	8.882975e-03
3.962109e+04	1.865930e-02
3.962695e+04	7.703578e-03
3.963281e+04	7.493341e-03
3.963867e+04	7.251776e-03
3.964453e+04	8.660157e-03
3.965039e+04	8.907269e-03
3.965625e+04	7.910468e-03
3.966211e+04	9.732334e-03
3.966797e+04	1.806658e-02
3.967383e+04	8.421150e-03
3.967969e+04	8.162050e-03
3.968555e+04	8.440270e-03
3.969141e+04	7.802675e-03
3.969727e+04	7.909352e-03
3.970312e+04	7.760638e-03
3.970898e+04	8.539123e-03
3.971484e+04	1.550799e-02
3.972070e+04	9.231929e-03
3.972656e+04	7.321750e-03
3.973242e+04	6.550800e-03
3.973828e+04	6.951157e-03
3.974414e+04	7.813785e-03
3.975000e+04	7.419332e-03
3.975586e+04	8.052555e-03
3.976172e+04	1.314756e-02
3.976758e+04	1.217401e-02
3.977344e+04	7.555263e-03
3.977930e+04	7.546277e-03
3.978516e+04	7.150844e-03
3.979102e+04	7.179347e-03
3.979688e+04	7.068400e-03
3.980273e+04	8.162837e-03
3.980859e+04	1.029235e-02
3.981445e+04	1.650161e-02
3.982031e+04	7.736685e-03
3.982617e+04	7.573805e-03
3.983203e+04	7.430426e-03
3.983789e+04	8.842083e-03
3.984375e+04	7.154835e-03
3.984961e+04	8.407157e-03
3.985547e+04	9.951785e-03
3.986133e+04	2.115782e-02
3.986719e+04	8.570539e-03
3.987305e+04	8.477084e-03
3.987891e+04	8.138729e-03
3.988477e+04	8.616302e-03
3.989062e+04	6.652766e-03
3.989648e+04	7.927192e-03
3.990234e+04	9.663155e-03
3.990820e+04	2.254002e-02
3.991406e+04	6.900499e-03
3.991992e+04	7.885142e-03
3.992578e+04	8.294834e-03
3.993164e+04	7.609301e-03
3.993750e+04	8.922695e-03
3.994336e+04	8.875876e-03
3.994922e+04	1.028333e-02
3.995508e+04	2.269772e-02
3.996094e+04	4.736360e-03
3.996680e+04	7.420323e-03
3.997266e+04	7.226834e-03
3.997852e+04	7.573584e-03
3.998438e+04	8.402773e-03
3.999023e+04	8.197381e-03
3.999609e+04	1.031495e-02
4.000195e+04	2.006294e-02
4.000781e+04	6.721356e-03
4.001367e+04	7.270505e-03
4.001953e+04	7.802061e-03
4.002539e+04	6.910329e-03
4.003125e+04	8.445109e-03
4.003711e+04	7.231439e-03
4.004297e+04	8.250842e-03
4.004883e+04	1.586587e-02
4.005469e+04	1.248948e-02
4.006055e+04	7.334062e-03
4.006641e+04	8.146019e-03
4.007227e+04	7.190493e-03
4.007812e+04	8.473142e-03
4.008398e+04	6.921101e-03
4.008984e+04	6.924435e-03
4.009570e+04	1.076222e-02
4.010156e+04	1.761006e-02
4.010742e+04	8.408086e-03
4.011328e+04	8.617834e-03
4.011914e+04	7.671399e-03
4.012500e+04	8.527234e-03
4.013086e+04	7.531434e-03
4.013672e+04	7.661859e-03
4.014258e+04	9.533763e-03
4.014844e+04	2.270045e-02
4.015430e+04	8.875162e-03
4.016016e+04	9.472494e-03
4.016602e+04	7.278824e-03
4.017188e+04	7.852520e-03
4.017773e+04	9.288206e-03
4.018359e+04	7.710933e-03
4.018945e+04	1.017889e-02
4.019531e+04	2.717800e-02
4.020117e+04	7.422868e-03
4.020703e+04	9.533857e-03
4.021289e+04	8.737758e-03
4.021875e+04	8.360608e-03
4.022461e+04	1.024346e-02
4.023047e+04	9.001737e-03
4.023633e+04	1.205744e-02
4.024219e+04	2.752869e-02
4.024805e+04	4.394098e-03
4.025391e+04	6.830709e-03
4.025977e+04	7.755188e-03
4.026562e+04	8.314981e-03
4.027148e+04	1.005819e-02
4.027734e+04	9.652339e-03
4.028320e+04	1.148966e-02
4.028906e+04	2.536532e-02
4.029492e+04	3.951582e-03
4.030078e+04	6.847564e-03
4.030664e+04	8.498525e-03
4.031250e+04	8.408919e-03
4.031836e+04	7.642495e-03
4.032422e+04	9.687844e-03
4.033008e+04	1.076486e-02
4.033594e+04	1.924434e-02
4.034180e+04	1.119363e-02
4.034766e+04	6.537805e-03
4.035352e+04	6.886166e-03
4.035938e+04	6.776398e-03
4.036523e+04	8.400787e-03
4.037109e+04	7.875489e-03
4.037695e+04	8.886080e-03
4.038281e+04	1.364409e-02
4.038867e+04	1.799733e-02
4.039453e+04	8.653558e-03
4.040039e+04	8.324521e-03
4.040625e+04	8.683768e-03
4.041211e+04	7.167938e-03
4.041797e+04	7.911330e-03
4.042383e+04	8.150102e-03
4.042969e+04	1.009336e-02
4.043555e+04	2.436247e-02
4.044141e+04	8.580829e-03
4.044727e+04	9.081841e-03
4.045312e+04	9.224902e-03
4.045898e+04	8.097787e-03
4.046484e+04	9.830710e-03
4.047070e+04	9.034382e-03
4.047656e+04	9.031222e-03
4.048242e+04	2.746630e-02
4.048828e+04	8.022116e-03
4.049414e+04	1.011132e-02
4.050000e+04	9.503687e-03
4.050586e+04	7.927125e-03
4.051172e+04	9.792923e-03
4.051758e+04	9.918700e-03
4.052344e+04	1.225303e-02
4.052930e+04	2.927160e-02
4.053516e+04	4.790493e-03
4.054102e+04	8.655408e-03
4.054688e+04	1.056990e-02
4.055273e+04	9.364205e-03
4.055859e+04	1.077055e-02
4.056445e+04	1.138329e-02
4.057031e+04	1.192779e-02
4.057617e+04	2.834050e-02
4.058203e+04	1.345283e-03
4.058789e+04	7.218044e-03
4.059375e+04	9.183631e-03
4.059961e+04	8.620699e-03
4.060547e+04	9.036318e-03
4.061133e+04	9.399027e-03
4.061719e+04	1.279254e-02
4.062305e+04	2.408972e-02
4.062891e+04	8.141717e-03
4.063477e+04	5.506690e-03
4.064062e+04	7.968442e-03
4.064648e+04	7.889064e-03
4.065234e+04	7.394241e-03
4.065820e+04	8.541239e-03
4.066406e+04	1.054183e-02
4.066992e+04	1.868658e-02
4.067578e+04	1.573369e-02
4.068164e+04	6.720526e-03
4.068750e+04	9.171659e-03
4.069336e+04	9.144829e-03
4.069922e+04	7.661162e-03
4.070508e+04	9.667454e-03
4.071094e+04	9.518761e-03
4.071680e+04	1.256725e-02
4.072266e+04	2.262829e-02
4.072852e+04	8.052504e-03
4.073438e+04	9.074083e-03
4.074023e+04	9.348693e-03
4.074609e+04	9.285333e-03
4.075195e+04	8.286560e-03
4.075781e+04	9.120944e-03
4.076367e+04	1.016705e-02
4.076953e+04	2.776089e-02
4.077539e+04	8.769304e-03
4.078125e+04	9.199384e-03
4.078711e+04	1.029788e-02
4.079297e+04	9.626874e-03
4.079883e+04	9.695488e-03
4.080469e+04	1.038720e-02
4.081055e+04	1.220295e-02
4.081641e+04	2.964188e-02
4.082227e+04	7.145008e-03
4.082812e+04	1.032560e-02
4.083398e+04	1.095265e-02
4.083984e+04	9.698710e-03
4.084570e+04	9.876853e-03
4.085156e+04	1.130043e-02
4.085742e+04	1.230770e-02
4.086328e+04	2.919663e-02
4.086914e+04	3.060045e-03
4.087500e+04	8.341471e-03
4.088086e+04	1.071841e-02
4.088672e+04	9.748193e-03
4.089258e+04	9.309423e-03
4.089844e+04	1.218709e-02
4.090430e+04	1.259909e-02
4.091016e+04	2.483333e-02
4.091602e+04	4.432299e-03
4.092188e+04	6.624659e-03
4.092773e+04	9.710836e-03
4.093359e+04	8.512297e-03
4.093945e+04	8.770781e-03
4.094531e+04	9.791622e-03
4.095117e+04	1.229355e-02
4.095703e+04	1.973343e-02
4.096289e+04	1.136686e-02
4.096875e+04	5.933374e-03
4.097461e+04	8.659570e-03
4.098047e+04	1.034057e-02
4.098633e+04	8.477900e-03
4.099219e+04	1.064526e-02
4.099805e+04	1.025623e-02
4.100391e+04	1.549465e-02
4.100977e+04	1.827628e-02
4.101562e+04	6.545403e-03
4.102148e+04	9.069838e-03
4.102734e+04	1.095015e-02
4.103320e+04	8.348360e-03
4.103906e+04	9.661320e-03
4.104492e+04	1.030797e-02
4.105078e+04	1.317501e-02
4.105664e+04	2.331410e-02
4.106250e+04	6.746967e-03
4.106836e+04	9.626150e-03
4.107422e+04	1.180827e-02
4.108008e+04	8.012112e-03
4.108594e+04	9.861914e-03
4.109180e+04	1.235834e-02
4.109766e+04	1.377078e-02
4.110352e+04	2.692146e-02
4.110938e+04	7.367480e-03
4.111523e+04	9.395726e-03
4.112109e+04	1.180921e-02
4.112695e+04	9.417668e-03
4.113281e+04	1.009354e-02
4.113867e+04	1.155403e-02
4.114453e+04	1.387980e-02
4.115039e+04	2.529756e-02
4.115625e+04	5.380593e-03
4.116211e+04	8.415188e-03
4.116797e+04	1.155141e-02
4.117383e+04	1.025488e-02
4.117969e+04	1.057476e-02
4.118555e+04	1.303816e-02
4.119141e+04	1.470744e-02
4.119727e+04	2.507876e-02
4.120312e+04	5.129247e-03
4.120898e+04	6.708157e-03
4.121484e+04	1.087308e-02
4.122070e+04	9.527201e-03
4.122656e+04	9.889713e-03
4.123242e+04	1.173135e-02
4.123828e+04	1.509224e-02
4.124414e+04	2.149129e-02
4.125000e+04	8.281754e-03
4.125586e+04	5.916363e-03
4.126172e+04	1.080390e-02
4.126758e+04	1.064972e-02
4.127344e+04	9.131278e-03
4.127930e+04	9.887583e-03
4.128516e+04	1.384639e-02
4.129102e+04	1.758251e-02
4.129688e+04	1.391003e-02
4.130273e+04	6.217704e-03
4.130859e+04	1.011106e-02
4.131445e+04	1.234102e-02
4.132031e+04	9.384033e-03
4.132617e+04	1.033187e-02
4.133203e+04	1.337815e-02
4.133789e+04	1.730930e-02
4.134375e+04	1.693748e-02
4.134961e+04	7.011771e-03
4.135547e+04	9.103934e-03
4.136133e+04	1.174767e-02
4.136719e+04	1.045953e-02
4.137305e+04	1.085343e-02
4.137891e+04	1.434731e-02
4.138477e+04	1.653850e-02
4.139062e+04	1.871754e-02
4.139648e+04	6.998969e-03
4.140234e+04	9.165570e-03
4.140820e+04	1.127383e-02
4.141406e+04	9.671412e-03
4.141992e+04	9.964464e-03
4.142578e+04	1.297754e-02
4.143164e+04	1.721542e-02
4.143750e+04	2.203874e-02
4.144336e+04	5.722182e-03
4.144922e+04	7.675825e-03
4.145508e+04	1.109030e-02
4.146094e+04	1.122051e-02
4.146680e+04	1.004158e-02
4.147266e+04	1.280196e-02
4.147852e+04	1.673162e-02
4.148438e+04	2.069039e-02
4.149023e+04	7.019630e-03
4.149609e+04	7.716074e-03
4.150195e+04	1.100088e-02
4.150781e+04	1.212421e-02
4.151367e+04	1.087566e-02
4.151953e+04	1.254978e-02
4.152539e+04	1.705487e-02
4.153125e+04	2.154332e-02
4.153711e+04	7.893258e-03
4.154297e+04	7.413960e-03
4.154883e+04	1.003294e-02
4.155469e+04	1.225851e-02
4.156055e+04	9.256373e-03
4.156641e+04	1.190481e-02
4.157227e+04	1.702923e-02
4.157812e+04	2.045885e-02
4.158398e+04	9.174313e-03
4.158984e+04	6.567876e-03
4.159570e+04	9.897157e-03
4.160156e+04	1.214083e-02
4.160742e+04	8.726138e-03
4.161328e+04	1.121953e-02
4.161914e+04	1.639058e-02
4.162500e+04	1.963571e-02
4.163086e+04	1.288759e-02
4.163672e+04	7.231817e-03
4.164258e+04	9.735467e-03
4.164844e+04	1.286929e-02
4.165430e+04	9.200482e-03
4.166016e+04	1.183816e-02
4.166602e+04	1.696607e-02
4.167188e+04	2.143232e-02
4.167773e+04	1.376106e-02
4.168359e+04	6.085747e-03
4.168945e+04	9.419034e-03
4.169531e+04	1.226434e-02
4.170117e+04	1.039055e-02
4.170703e+04	1.018974e-02
4.171289e+04	1.494400e-02
4.171875e+04	2.076516e-02
4.172461e+04	1.636571e-02
4.173047e+04	6.600956e-03
4.173633e+04	7.895025e-03
4.174219e+04	1.173815e-02
4.174805e+04	1.201155e-02
4.175391e+04	1.051182e-02
4.175977e+04	1.412261e-02
4.176562e+04	2.259789e-02
4.177148e+04	1.612083e-02
4.177734e+04	7.071831e-03
4.178320e+04	7.136691e-03
4.178906e+04	1.065488e-02
4.179492e+04	1.311934e-02
4.180078e+04	1.082108e-02
4.180664e+04	1.225474e-02
4.181250e+04	2.091239e-02
4.181836e+04	1.639535e-02
4.182422e+04	8.033199e-03
4.183008e+04	8.012341e-03
4.183594e+04	1.061560e-02
4.184180e+04	1.393547e-02
4.184766e+04	1.003730e-02
4.185352e+04	1.296587e-02
4.185938e+04	2.155029e-02
4.186523e+04	1.744513e-02
4.187109e+04	8.723115e-03
4.187695e+04	7.618101e-03
4.188281e+04	1.121575e-02
4.188867e+04	1.506871e-02
4.189453e+04	9.802223e-03
4.190039e+04	1.322071e-02
4.190625e+04	1.939888e-02
4.191211e+04	2.005144e-02
4.191797e+04	1.048816e-02
4.192383e+04	5.842664e-03
4.192969e+04	9.633302e-03
4.193555e+04	1.565350e-02
4.194141e+04	1.105436e-02
4.194727e+04	1.132357e-02
4.195312e+04	1.717226e-02
4.195898e+04	2.336019e-02
4.196484e+04	1.254572e-02
4.197070e+04	7.592081e-03
4.197656e+04	1.097772e-02
4.198242e+04	1.398156e-02
4.198828e+04	1.281568e-02
4.199414e+04	1.076226e-02
4.200000e+04	1.606897e-02
4.200586e+04	2.597872e-02
4.201172e+04	1.134974e-02
4.201758e+04	8.191103e-03
4.202344e+04	8.425416e-03
4.202930e+04	1.296948e-02
4.203516e+04	1.392846e-02
4.204102e+04	1.159001e-02
4.204688e+04	1.452822e-02
4.205273e+04	2.907504e-02
4.205859e+04	1.080923e-02
4.206445e+04	8.938505e-03
4.207031e+04	8.199423e-03
4.207617e+04	1.224012e-02
4.208203e+04	1.590675e-02
4.208789e+04	1.235227e-02
4.209375e+04	1.534232e-02
4.209961e+04	2.909945e-02
4.210547e+04	1.139935e-02
4.211133e+04	7.943986e-03
4.211719e+04	8.681048e-03
4.212305e+04	1.142029e-02
4.212891e+04	1.579239e-02
4.213477e+04	1.174504e-02
4.214062e+04	1.551585e-02
4.214648e+04	2.689215e-02
4.215234e+04	1.479795e-02
4.215820e+04	8.719021e-03
4.216406e+04	7.595595e-03
4.216992e+04	1.080777e-02
4.217578e+04	1.561827e-02
4.218164e+04	1.136473e-02
4.218750e+04	1.267417e-02
4.219336e+04	2.330366e-02
4.219922e+04	1.845024e-02
4.220508e+04	9.065611e-03
4.221094e+04	9.788806e-03
4.221680e+04	1.073447e-02
4.222266e+04	1.396893e-02
4.222852e+04	1.105862e-02
4.223438e+04	1.310629e-02
4.224023e+04	1.964143e-02
4.224609e+04	2.434882e-02
4.225195e+04	1.020203e-02
4.225781e+04	9.883074e-03
4.226367e+04	1.054133e-02
4.226953e+04	1.336297e-02
4.227539e+04	1.332319e-02
4.228125e+04	1.182167e-02
4.228711e+04	1.642875e-02
4.229297e+04	3.175670e-02
4.229883e+04	1.043679e-02
4.230469e+04	9.882649e-03
4.231055e+04	1.143122e-02
4.231641e+04	1.420335e-02
4.232227e+04	1.600557e-02
4.232812e+04	1.159846e-02
4.233398e+04	1.472607e-02
4.233984e+04	3.464591e-02
4.234570e+04	8.970284e-03
4.235156e+04	1.018405e-02
4.235742e+04	1.118292e-02
4.236328e+04	1.332097e-02
4.236914e+04	1.815903e-02
4.237500e+04	1.276533e-02
4.238086e+04	1.653055e-02
4.238672e+04	3.667278e-02
4.239258e+04	7.104025e-03
4.239844e+04	8.314310e-03
4.240430e+04	1.082827e-02
4.241016e+04	1.372220e-02
4.241602e+04	1.887495e-02
4.242188e+04	1.375200e-02
4.242773e+04	1.693487e-02
4.243359e+04	3.502985e-02
4.243945e+04	9.619000e-03
4.244531e+04	8.063332e-03
4.245117e+04	1.000244e-02
4.245703e+04	1.185604e-02
4.246289e+04	1.686626e-02
4.246875e+04	1.263035e-02
4.247461e+04	1.601078e-02
4.248047e+04	3.048430e-02
4.248633e+04	1.631474e-02
4.249219e+04	7.568986e-03
4.249805e+04	8.846513e-03
4.250391e+04	1.052813e-02
4.250977e+04	1.518121e-02
4.251562e+04	1.344400e-02
4.252148e+04	1.198802e-02
4.252734e+04	2.343902e-02
4.253320e+04	2.554776e-02
4.253906e+04	8.064229e-03
4.254492e+04	9.782193e-03
4.255078e+04	1.012816e-02
4.255664e+04	1.318218e-02
4.256250e+04	1.565010e-02
4.256836e+04	1.206592e-02
4.257422e+04	1.780451e-02
4.258008e+04	3.418909e-02
4.258594e+04	1.027737e-02
4.259180e+04	1.137266e-02
4.259766e+04	1.039538e-02
4.260352e+04	1.356967e-02
4.260938e+04	1.859591e-02
4.261523e+04	1.152150e-02
4.262109e+04	1.419715e-02
4.262695e+04	4.097885e-02
4.263281e+04	9.290554e-03
4.263867e+04	1.103610e-02
4.264453e+04	1.219402e-02
4.265039e+04	1.403747e-02
4.265625e+04	1.969706e-02
4.266211e+04	1.552156e-02
4.266797e+04	1.637115e-02
4.267383e+04	4.309046e-02
4.267969e+04	4.826191e-03
4.268555e+04	1.102063e-02
4.269141e+04	1.179502e-02
4.269727e+04	1.454498e-02
4.270312e+04	1.961861e-02
4.270898e+04	1.585035e-02
4.271484e+04	1.849540e-02
4.272070e+04	4.095630e-02
4.272656e+04	4.994659e-03
4.273242e+04	8.347465e-03
4.273828e+04	1.015833e-02
4.274414e+04	1.257999e-02
4.275000e+04	1.999176e-02
4.275586e+04	1.570266e-02
4.276172e+04	1.752176e-02
4.276758e+04	3.703007e-02
4.277344e+04	1.350515e-02
4.277930e+04	5.930052e-03
4.278516e+04	9.799404e-03
4.279102e+04	1.118457e-02
4.279688e+04	1.552898e-02
4.280273e+04	1.539236e-02
4.280859e+04	1.470473e-02
4.281445e+04	2.766601e-02
4.282031e+04	2.489144e-02
4.282617e+04	8.613528e-03
4.283203e+04	9.690547e-03
4.283789e+04	1.188739e-02
4.284375e+04	1.514410e-02
4.284961e+04	1.723636e-02
4.285547e+04	1.303056e-02
4.286133e+04	1.957100e-02
4.286719e+04	3.438253e-02
4.287305e+04	1.002564e-02
4.287891e+04	1.154588e-02
4.288477e+04	1.230250e-02
4.289062e+04	1.420024e-02
4.289648e+04	2.046673e-02
4.290234e+04	1.264299e-02
4.290820e+04	1.641759e-02
4.291406e+04	4.265938e-02
4.291992e+04	1.003882e-02
4.292578e+04	1.334853e-02
4.293164e+04	1.449681e-02
4.293750e+04	1.701630e-02
4.294336e+04	2.085579e-02
4.294922e+04	1.621237e-02
4.295508e+04	1.738987e-02
4.296094e+04	4.619987e-02
4.296680e+04	6.068242e-03
4.297266e+04	1.195030e-02
4.297852e+04	1.379134e-02
4.298438e+04	1.625964e-02
4.299023e+04	2.161441e-02
4.299609e+04	1.840838e-02
4.300195e+04	1.880481e-02
4.300781e+04	4.424368e-02
4.301367e+04	3.351790e-03
4.301953e+04	1.041778e-02
4.302539e+04	1.359698e-02
4.303125e+04	1.638730e-02
4.303711e+04	2.094359e-02
4.304297e+04	1.857176e-02
4.304883e+04	1.828224e-02
4.305469e+04	3.942560e-02
4.306055e+04	1.008208e-02
4.306641e+04	7.014911e-03
4.307227e+04	1.158633e-02
4.307812e+04	1.343159e-02
4.308398e+04	1.728331e-02
4.308984e+04	1.995174e-02
4.309570e+04	1.665816e-02
4.310156e+04	3.158435e-02
4.310742e+04	2.229124e-02
4.311328e+04	7.252641e-03
4.311914e+04	1.128553e-02
4.312500e+04	1.332226e-02
4.313086e+04	1.653153e-02
4.313672e+04	1.982640e-02
4.314258e+04	1.490545e-02
4.314844e+04	2.350431e-02
4.315430e+04	3.258089e-02
4.316016e+04	8.073187e-03
4.316602e+04	1.246687e-02
4.317188e+04	1.454786e-02
4.317773e+04	1.708529e-02
4.318359e+04	2.131667e-02
4.318945e+04	1.445924e-02
4.319531e+04	1.801034e-02
4.320117e+04	3.995340e-02
4.320703e+04	9.940193e-03
4.321289e+04	1.288663e-02
4.321875e+04	1.602954e-02
4.322461e+04	1.678743e-02
4.323047e+04	2.199304e-02
4.323633e+04	1.721244e-02
4.324219e+04	1.850133e-02
4.324805e+04	4.437789e-02
4.325391e+04	6.918798e-03
4.325977e+04	1.167801e-02
4.326562e+04	1.608397e-02
4.327148e+04	1.790369e-02
4.327734e+04	2.228440e-02
4.328320e+04	2.064208e-02
4.328906e+04	1.947720e-02
4.329492e+04	4.439434e-02
4.330078e+04	3.658375e-03
4.330664e+04	9.679349e-03
4.331250e+04	1.497535e-02
4.331836e+04	1.757545e-02
4.332422e+04	2.123204e-02
4.333008e+04	2.249480e-02
4.333594e+04	2.105736e-02
4.334180e+04	3.974384e-02
4.334766e+04	8.403139e-03
4.335352e+04	8.538376e-03
4.335938e+04	1.457929e-02
4.336523e+04	1.640494e-02
4.337109e+04	2.039908e-02
4.337695e+04	2.162633e-02
4.338281e+04	1.881052e-02
4.338867e+04	3.283874e-02
4.339453e+04	1.858357e-02
4.340039e+04	6.287241e-03
4.340625e+04	1.291126e-02
4.341211e+04	1.613881e-02
4.341797e+04	1.885303e-02
4.342383e+04	2.281669e-02
4.342969e+04	1.827535e-02
4.343555e+04	2.553126e-02
4.344141e+04	2.803400e-02
4.344727e+04	7.027666e-03
4.345312e+04	1.374566e-02
4.345898e+04	1.738118e-02
4.346484e+04	1.869143e-02
4.347070e+04	2.332516e-02
4.347656e+04	1.850084e-02
4.348242e+04	2.115798e-02
4.348828e+04	3.427632e-02
4.349414e+04	8.525389e-03
4.350000e+04	1.338158e-02
4.350586e+04	1.811972e-02
4.351172e+04	1.918385e-02
4.351758e+04	2.370374e-02
4.352344e+04	2.077669e-02
4.352930e+04	2.123055e-02
4.353516e+04	3.969850e-02
4.354102e+04	6.590917e-03
4.354688e+04	1.257421e-02
4.355273e+04	1.863655e-02
4.355859e+04	1.994334e-02
4.356445e+04	2.377473e-02
4.357031e+04	2.458059e-02
4.357617e+04	2.236178e-02
4.358203e+04	3.995415e-02
4.358789e+04	4.187857e-03
4.359375e+04	1.086495e-02
4.359961e+04	1.820704e-02
4.360547e+04	2.043233e-02
4.361133e+04	2.269192e-02
4.361719e+04	2.496378e-02
4.362305e+04	2.112797e-02
4.362891e+04	3.737371e-02
4.363477e+04	8.611336e-03
4.364062e+04	9.066383e-03
4.364648e+04	1.571556e-02
4.365234e+04	1.946169e-02
4.365820e+04	2.198075e-02
4.366406e+04	2.709973e-02
4.366992e+04	2.108070e-02
4.367578e+04	3.190441e-02
4.368164e+04	1.526522e-02
4.368750e+04	8.625478e-03
4.369336e+04	1.436301e-02
4.369922e+04	2.255182e-02
4.370508e+04	2.142753e-02
4.371094e+04	2.501359e-02
4.371680e+04	2.102406e-02
4.372266e+04	2.689909e-02
4.372852e+04	2.412373e-02
4.373438e+04	7.878821e-03
4.374023e+04	1.394124e-02
4.374609e+04	2.070286e-02
4.375195e+04	2.139706e-02
4.375781e+04	2.551815e-02
4.376367e+04	2.264760e-02
4.376953e+04	2.372068e-02
4.377539e+04	2.947594e-02
4.378125e+04	7.730832e-03
4.378711e+04	1.304777e-02
4.379297e+04	2.123176e-02
4.379883e+04	2.282973e-02
4.380469e+04	2.438970e-02
4.381055e+04	2.580790e-02
4.381641e+04	2.294257e-02
4.382227e+04	3.321382e-02
4.382812e+04	7.558734e-03
4.383398e+04	1.463248e-02
4.383984e+04	2.025205e-02
4.384570e+04	2.434467e-02
4.385156e+04	2.371626e-02
4.385742e+04	2.913229e-02
4.386328e+04	2.344765e-02
4.386914e+04	3.379521e-02
4.387500e+04	6.135811e-03
4.388086e+04	1.138529e-02
4.388672e+04	1.840321e-02
4.389258e+04	2.591052e-02
4.389844e+04	2.397760e-02
4.390430e+04	2.903931e-02
4.391016e+04	2.237091e-02
4.391602e+04	3.162879e-02
4.392188e+04	9.848807e-03
4.392773e+04	1.052932e-02
4.393359e+04	1.813075e-02
4.393945e+04	2.575190e-02
4.394531e+04	2.331308e-02
4.395117e+04	2.900297e-02
4.395703e+04	2.397396e-02
4.396289e+04	2.951082e-02
4.396875e+04	1.604435e-02
4.397461e+04	1.002152e-02
4.398047e+04	1.668021e-02
4.398633e+04	2.595369e-02
4.399219e+04	2.364562e-02
4.399805e+04	2.814187e-02
4.400391e+04	2.578211e-02
4.400977e+04	2.656857e-02
4.401562e+04	2.034070e-02
4.402148e+04	8.714076e-03
4.402734e+04	1.599897e-02
4.403320e+04	2.624010e-02
4.403906e+04	2.560238e-02
4.404492e+04	2.751108e-02
4.405078e+04	2.805576e-02
4.405664e+04	2.580506e-02
4.406250e+04	2.529030e-02
4.406836e+04	8.179617e-03
4.407422e+04	1.525725e-02
4.408008e+04	2.378906e-02
4.408594e+04	2.846542e-02
4.409180e+04	2.647979e-02
4.409766e+04	3.086018e-02
4.410352e+04	2.492668e-02
4.410938e+04	2.860945e-02
4.411523e+04	8.552636e-03
4.412109e+04	1.372857e-02
4.412695e+04	2.224140e-02
4.413281e+04	3.161827e-02
4.413867e+04	2.656025e-02
4.414453e+04	3.142582e-02
4.415039e+04	2.595960e-02
4.415625e+04	2.934483e-02
4.416211e+04	1.056969e-02
4.416797e+04	1.336148e-02
4.417383e+04	2.230716e-02
4.417969e+04	3.261577e-02
4.418555e+04	2.508532e-02
4.419141e+04	3.067602e-02
4.419727e+04	2.754758e-02
4.420312e+04	2.643380e-02
4.420898e+04	1.253926e-02
4.421484e+04	1.038646e-02
4.422070e+04	2.107267e-02
4.422656e+04	3.333369e-02
4.423242e+04	2.561811e-02
4.423828e+04	3.000174e-02
4.424414e+04	2.945319e-02
4.425000e+04	2.624295e-02
4.425586e+04	1.551192e-02
4.426172e+04	1.207367e-02
4.426758e+04	1.919802e-02
4.427344e+04	3.226164e-02
4.427930e+04	2.847013e-02
4.428516e+04	2.888990e-02
4.429102e+04	3.250535e-02
4.429688e+04	2.583908e-02
4.430273e+04	1.914304e-02
4.430859e+04	1.060394e-02
4.431445e+04	1.935629e-02
4.432031e+04	3.098604e-02
4.432617e+04	3.153622e-02
4.433203e+04	2.805571e-02
4.433789e+04	3.513571e-02
4.434375e+04	2.587489e-02
4.434961e+04	2.234133e-02
4.435547e+04	9.769394e-03
4.436133e+04	1.586460e-02
4.436719e+04	2.821563e-02
4.437305e+04	3.756445e-02
4.437891e+04	2.658317e-02
4.438477e+04	3.654307e-02
4.439062e+04	2.546801e-02
4.439648e+04	2.343180e-02
4.440234e+04	9.760545e-03
4.440820e+04	1.546869e-02
4.441406e+04	2.683279e-02
4.441992e+04	4.150563e-02
4.442578e+04	2.646815e-02
4.443164e+04	3.486054e-02
4.443750e+04	2.762054e-02
4.444336e+04	2.452126e-02
4.444922e+04	1.198112e-02
4.445508e+04	1.431606e-02
4.446094e+04	2.487685e-02
4.446680e+04	4.461671e-02
4.447266e+04	2.598875e-02
4.447852e+04	3.474879e-02
4.448438e+04	3.191535e-02
4.449023e+04	2.358392e-02
4.449609e+04	1.437493e-02
4.450195e+04	1.256367e-02
4.450781e+04	2.342128e-02
4.451367e+04	4.490724e-02
4.451953e+04	2.868419e-02
4.452539e+04	3.134132e-02
4.453125e+04	3.633234e-02
4.453711e+04	2.445648e-02
4.454297e+04	1.598452e-02
4.454883e+04	1.273988e-02
4.455469e+04	2.246110e-02
4.456055e+04	4.127824e-02
4.456641e+04	3.448072e-02
4.457227e+04	2.999394e-02
4.457812e+04	3.932400e-02
4.458398e+04	2.441083e-02
4.458984e+04	1.860662e-02
4.459570e+04	1.175105e-02
4.460156e+04	2.050827e-02
4.460742e+04	3.578988e-02
4.461328e+04	4.157476e-02
4.461914e+04	2.832339e-02
4.462500e+04	4.123180e-02
4.463086e+04	2.549171e-02
4.463672e+04	2.015048e-02
4.464258e+04	1.139663e-02
4.464844e+04	1.923630e-02
4.465430e+04	3.289552e-02
4.466016e+04	5.084036e-02
4.466602e+04	2.755369e-02
4.467188e+04	4.224498e-02
4.467773e+04	2.824612e-02
4.468359e+04	2.143782e-02
4.468945e+04	1.338055e-02
4.469531e+04	1.842879e-02
4.470117e+04	2.980948e-02
4.470703e+04	5.935222e-02
4.471289e+04	2.801655e-02
4.471875e+04	3.998375e-02
4.472461e+04	3.284819e-02
4.473047e+04	2.264006e-02
4.473633e+04	1.509880e-02
4.474219e+04	1.696632e-02
4.474805e+04	2.863566e-02
4.475391e+04	5.972594e-02
4.475977e+04	2.779125e-02
4.476562e+04	3.600738e-02
4.477148e+04	3.965256e-02
4.477734e+04	2.183192e-02
4.478320e+04	1.606799e-02
4.478906e+04	1.718343e-02
4.479492e+04	2.795352e-02
4.480078e+04	5.847683e-02
4.480664e+04	3.137712e-02
4.481250e+04	3.265069e-02
4.481836e+04	4.259659e-02
4.482422e+04	2.148189e-02
4.483008e+04	1.733540e-02
4.483594e+04	1.528634e-02
4.484180e+04	2.558077e-02
4.484766e+04	5.308441e-02
4.485352e+04	4.244113e-02
4.485938e+04	3.022386e-02
4.486523e+04	4.720315e-02
4.487109e+04	2.277665e-02
4.487695e+04	1.839449e-02
4.488281e+04	1.391753e-02
4.488867e+04	2.347969e-02
4.489453e+04	4.458171e-02
4.490039e+04	5.762914e-02
4.490625e+04	3.019394e-02
4.491211e+04	4.825124e-02
4.491797e+04	2.756707e-02
4.492383e+04	1.965784e-02
4.492969e+04	1.544756e-02
4.493555e+04	2.187668e-02
4.494141e+04	3.834864e-02
4.494727e+04	7.257064e-02
4.495312e+04	2.960170e-02
4.495898e+04	4.645907e-02
4.496484e+04	3.369283e-02
4.497070e+04	2.115585e-02
4.497656e+04	1.791489e-02
4.498242e+04	2.057556e-02
4.498828e+04	3.544431e-02
4.499414e+04	8.110084e-02
4.500000e+04	2.729069e-02
4.500586e+04	4.142166e-02
4.501172e+04	3.987727e-02
4.501758e+04	1.989712e-02
4.502344e+04	1.969117e-02
4.502930e+04	2.215246e-02
4.503516e+04	3.544704e-02
4.504102e+04	8.597768e-02
4.504688e+04	2.693082e-02
4.505273e+04	3.589942e-02
4.505859e+04	4.588195e-02
4.506445e+04	1.822874e-02
4.507031e+04	1.930138e-02
4.507617e+04	2.192871e-02
4.508203e+04	3.443314e-02
4.508789e+04	7.880330e-02
4.509375e+04	3.692836e-02
4.509961e+04	3.088704e-02
4.510547e+04	5.061082e-02
4.511133e+04	1.878887e-02
4.511719e+04	1.823456e-02
4.512305e+04	1.923691e-02
4.512891e+04	3.076986e-02
4.513477e+04	6.884847e-02
4.514062e+04	5.644172e-02
4.514648e+04	3.086562e-02
4.515234e+04	5.423423e-02
4.515820e+04	2.352623e-02
4.516406e+04	1.748024e-02
4.516992e+04	1.945644e-02
4.517578e+04	2.673625e-02
4.518164e+04	5.420420e-02
4.518750e+04	7.970591e-02
4.519336e+04	3.292485e-02
4.519922e+04	5.546542e-02
4.520508e+04	3.067411e-02
4.521094e+04	1.892587e-02
4.521680e+04	2.051059e-02
4.522266e+04	2.474312e-02
4.522852e+04	4.419726e-02
4.523438e+04	1.001210e-01
4.524023e+04	3.155058e-02
4.524609e+04	5.153977e-02
4.525195e+04	4.073407e-02
4.525781e+04	2.007500e-02
4.526367e+04	2.351741e-02
4.526953e+04	2.740989e-02
4.527539e+04	4.240857e-02
4.528125e+04	1.131265e-01
4.528711e+04	2.582659e-02
4.529297e+04	4.536338e-02
4.529883e+04	4.945354e-02
4.530469e+04	2.024322e-02
4.531055e+04	2.477305e-02
4.531641e+04	2.890734e-02
4.532227e+04	4.305531e-02
4.532812e+04	1.158406e-01
4.533398e+04	2.709619e-02
4.533984e+04	3.616742e-02
4.534570e+04	5.538362e-02
4.535156e+04	1.783938e-02
4.535742e+04	2.337782e-02
4.536328e+04	2.851519e-02
4.536914e+04	4.468732e-02
4.537500e+04	1.072456e-01
4.538086e+04	4.431472e-02
4.538672e+04	3.009458e-02
4.539258e+04	6.022422e-02
4.539844e+04	1.799139e-02
4.540430e+04	2.035569e-02
4.541016e+04	2.638432e-02
4.541602e+04	4.122312e-02
4.542188e+04	8.999390e-02
4.542773e+04	7.539036e-02
4.543359e+04	3.207510e-02
4.543945e+04	6.204781e-02
4.544531e+04	2.592059e-02
4.545117e+04	1.811427e-02
4.545703e+04	2.441592e-02
4.546289e+04	3.358964e-02
4.546875e+04	6.982509e-02
4.547461e+04	1.069601e-01
4.548047e+04	3.565724e-02
4.548633e+04	6.082883e-02
4.549219e+04	3.686843e-02
4.549805e+04	1.900476e-02
4.550391e+04	2.464975e-02
4.550977e+04	3.074670e-02
4.551562e+04	5.454613e-02
4.552148e+04	1.338061e-01
4.552734e+04	3.455697e-02
4.553320e+04	5.633131e-02
4.553906e+04	5.102823e-02
4.554492e+04	2.214198e-02
4.555078e+04	2.883237e-02
4.555664e+04	3.419335e-02
4.556250e+04	5.177209e-02
4.556836e+04	1.526435e-01
4.557422e+04	2.802789e-02
4.558008e+04	4.926310e-02
4.558594e+04	6.077547e-02
4.559180e+04	2.217669e-02
4.559766e+04	3.104289e-02
4.560352e+04	3.941117e-02
4.560938e+04	5.738506e-02
4.561523e+04	1.548694e-01
4.562109e+04	2.826936e-02
4.562695e+04	3.842625e-02
4.563281e+04	6.696779e-02
4.563867e+04	1.922441e-02
4.564453e+04	2.946158e-02
4.565039e+04	4.172689e-02
4.565625e+04	5.823094e-02
4.566211e+04	1.433666e-01
4.566797e+04	5.450836e-02
4.567383e+04	3.157173e-02
4.567969e+04	6.883636e-02
4.568555e+04	1.983551e-02
4.569141e+04	2.348201e-02
4.569727e+04	3.786922e-02
4.570312e+04	5.527402e-02
4.570898e+04	1.212717e-01
4.571484e+04	9.341254e-02
4.572070e+04	3.306405e-02
4.572656e+04	6.803876e-02
4.573242e+04	3.120288e-02
4.573828e+04	1.828637e-02
4.574414e+04	3.289069e-02
4.575000e+04	4.696167e-02
4.575586e+04	9.331854e-02
4.576172e+04	1.347868e-01
4.576758e+04	3.846595e-02
4.577344e+04	6.492809e-02
4.577930e+04	4.812899e-02
4.578516e+04	1.958867e-02
4.579102e+04	3.259133e-02
4.579688e+04	4.364271e-02
4.580273e+04	7.378581e-02
4.580859e+04	1.715557e-01
4.581445e+04	4.047735e-02
4.582031e+04	6.141496e-02
4.582617e+04	6.493001e-02
4.583203e+04	2.353801e-02
4.583789e+04	3.606859e-02
4.584375e+04	4.874525e-02
4.584961e+04	6.906691e-02
4.585547e+04	1.936676e-01
4.586133e+04	3.342354e-02
4.586719e+04	5.348772e-02
4.587305e+04	7.613478e-02
4.587891e+04	2.369176e-02
4.588477e+04	3.817935e-02
4.589062e+04	5.603056e-02
4.589648e+04	7.585544e-02
4.590234e+04	1.997836e-01
4.590820e+04	3.727105e-02
4.591406e+04	4.230078e-02
4.591992e+04	8.215288e-02
4.592578e+04	2.245887e-02
4.593164e+04	3.621409e-02
4.593750e+04	5.795995e-02
4.594336e+04	7.936054e-02
4.594922e+04	1.863951e-01
4.595508e+04	6.836350e-02
4.596094e+04	3.399104e-02
4.596680e+04	8.115349e-02
4.597266e+04	2.569774e-02
4.597852e+04	2.934132e-02
4.598438e+04	5.483906e-02
4.599023e+04	7.825214e-02
4.599609e+04	1.617918e-01
4.600195e+04	1.135598e-01
4.600781e+04	3.506774e-02
4.601367e+04	7.730791e-02
4.601953e+04	4.281423e-02
4.602539e+04	2.180246e-02
4.603125e+04	4.845434e-02
4.603711e+04	7.187163e-02
4.604297e+04	1.322431e-01
4.604883e+04	1.616653e-01
4.605469e+04	4.140946e-02
4.606055e+04	7.166170e-02
4.606641e+04	6.431415e-02
4.607227e+04	2.134518e-02
4.607812e+04	4.406102e-02
4.608398e+04	6.912825e-02
4.608984e+04	1.110068e-01
4.609570e+04	2.026520e-01
4.610156e+04	4.485374e-02
4.610742e+04	6.545299e-02
4.611328e+04	8.343988e-02
4.611914e+04	2.594066e-02
4.612500e+04	4.439432e-02
4.613086e+04	7.391358e-02
4.613672e+04	1.054446e-01
4.614258e+04	2.315732e-01
4.614844e+04	4.635250e-02
4.615430e+04	5.906867e-02
4.616016e+04	9.704138e-02
4.616602e+04	2.796519e-02
4.617188e+04	4.637679e-02
4.617773e+04	7.837261e-02
4.618359e+04	1.107569e-01
4.618945e+04	2.400960e-01
4.619531e+04	5.620386e-02
4.620117e+04	4.988711e-02
4.620703e+04	1.012567e-01
4.621289e+04	3.052077e-02
4.621875e+04	4.407281e-02
4.622461e+04	8.038181e-02
4.623047e+04	1.184572e-01
4.623633e+04	2.336817e-01
4.624219e+04	8.795288e-02
4.624805e+04	4.236935e-02
4.625391e+04	9.949488e-02
4.625977e+04	4.090052e-02
4.626562e+04	3.622725e-02
4.627148e+04	7.730095e-02
4.627734e+04	1.221502e-01
4.628320e+04	2.140437e-01
4.628906e+04	1.348638e-01
4.629492e+04	4.176407e-02
4.630078e+04	9.157711e-02
4.630664e+04	6.133097e-02
4.631250e+04	2.848751e-02
4.631836e+04	7.122588e-02
4.632422e+04	1.207936e-01
4.633008e+04	1.917078e-01
4.633594e+04	1.848554e-01
4.634180e+04	4.908418e-02
4.634766e+04	8.167464e-02
4.635352e+04	8.715086e-02
4.635938e+04	2.804365e-02
4.636523e+04	6.621129e-02
4.637109e+04	1.201877e-01
4.637695e+04	1.791813e-01
4.638281e+04	2.293766e-01
4.638867e+04	5.768571e-02
4.639453e+04	7.506046e-02
4.640039e+04	1.098091e-01
4.640625e+04	3.066457e-02
4.641211e+04	6.199097e-02
4.641797e+04	1.228346e-01
4.642383e+04	1.800399e-01
4.642969e+04	2.608759e-01
4.643555e+04	6.955915e-02
4.644141e+04	6.835194e-02
4.644727e+04	1.257565e-01
4.645312e+04	3.581679e-02
4.645898e+04	6.010636e-02
4.646484e+04	1.229799e-01
4.647070e+04	1.918148e-01
4.647656e+04	2.785011e-01
4.648242e+04	9.088939e-02
4.648828e+04	6.233121e-02
4.649414e+04	1.295594e-01
4.650000e+04	4.735303e-02
4.650586e+04	5.385680e-02
4.651172e+04	1.198251e-01
4.651758e+04	2.056409e-01
4.652344e+04	2.828957e-01
4.652930e+04	1.241557e-01
4.653516e+04	5.767752e-02
4.654102e+04	1.245072e-01
4.654688e+04	6.788799e-02
4.655273e+04	4.625595e-02
4.655859e+04	1.141549e-01
4.656445e+04	2.177296e-01
4.657031e+04	2.821224e-01
4.657617e+04	1.694149e-01
4.658203e+04	5.795315e-02
4.658789e+04	1.145372e-01
4.659375e+04	9.795437e-02
4.659961e+04	4.195364e-02
4.660547e+04	1.069855e-01
4.661133e+04	2.245264e-01
4.661719e+04	2.863997e-01
4.662305e+04	2.174860e-01
4.662891e+04	6.851888e-02
4.663477e+04	1.033951e-01
4.664062e+04	1.302075e-01
4.664648e+04	4.162620e-02
4.665234e+04	9.980066e-02
4.665820e+04	2.248967e-01
4.666406e+04	3.054613e-01
4.666992e+04	2.618388e-01
4.667578e+04	8.650757e-02
4.668164e+04	9.483690e-02
4.668750e+04	1.555730e-01
4.669336e+04	4.629049e-02
4.669922e+04	9.273169e-02
4.670508e+04	2.190107e-01
4.671094e+04	3.428661e-01
4.671680e+04	2.959252e-01
4.672266e+04	1.118803e-01
4.672852e+04	8.977217e-02
4.673438e+04	1.724529e-01
4.674023e+04	5.972714e-02
4.674609e+04	8.452820e-02
4.675195e+04	2.080249e-01
4.675781e+04	3.931259e-01
4.676367e+04	3.225795e-01
4.676953e+04	1.478449e-01
4.677539e+04	8.729152e-02
4.678125e+04	1.769709e-01
4.678711e+04	8.603967e-02
4.679297e+04	7.779908e-02
4.679883e+04	1.958327e-01
4.680469e+04	4.450816e-01
4.681055e+04	3.445697e-01
4.681641e+04	1.894000e-01
4.682227e+04	8.793893e-02
4.682812e+04	1.704430e-01
4.683398e+04	1.239718e-01
4.683984e+04	7.286169e-02
4.684570e+04	1.895481e-01
4.685156e+04	4.842949e-01
4.685742e+04	3.793864e-01
4.686328e+04	2.383783e-01
4.686914e+04	9.495406e-02
4.687500e+04	1.577490e-01
4.688086e+04	1.680990e-01
4.688672e+04	6.940683e-02
4.689258e+04	1.833165e-01
4.689844e+04	4.988162e-01
4.690430e+04	4.502712e-01
4.691016e+04	2.908841e-01
4.691602e+04	1.206901e-01
4.692188e+04	1.434803e-01
4.692773e+04	2.099605e-01
4.693359e+04	6.795621e-02
4.693945e+04	1.714975e-01
4.694531e+04	4.828564e-01
4.695117e+04	5.761409e-01
4.695703e+04	3.457195e-01
4.696289e+04	1.633668e-01
4.696875e+04	1.388597e-01
4.697461e+04	2.456534e-01
4.698047e+04	8.249858e-02
4.698633e+04	1.513260e-01
4.699219e+04	4.365349e-01
4.699805e+04	7.586986e-01
4.700391e+04	3.969423e-01
4.700977e+04	2.190693e-01
4.701562e+04	1.484067e-01
4.702148e+04	2.765292e-01
4.702734e+04	1.295400e-01
4.703320e+04	1.327211e-01
4.703906e+04	3.823295e-01
4.704492e+04	9.795520e-01
4.705078e+04	4.380632e-01
4.705664e+04	2.744140e-01
4.706250e+04	1.651610e-01
4.706836e+04	2.937572e-01
4.707422e+04	2.007044e-01
4.708008e+04	1.366914e-01
4.708594e+04	3.601821e-01
4.709180e+04	1.203607e+00
4.709766e+04	4.700254e-01
4.710352e+04	3.248613e-01
4.710938e+04	1.796089e-01
4.711523e+04	2.966300e-01
4.712109e+04	2.796735e-01
4.712695e+04	1.604590e-01
4.713281e+04	3.874632e-01
4.713867e+04	1.391578e+00
4.714453e+04	5.575080e-01
4.715039e+04	3.750716e-01
4.715625e+04	1.957437e-01
4.716211e+04	2.804112e-01
4.716797e+04	3.518421e-01
4.717383e+04	1.748521e-01
4.717969e+04	4.320983e-01
4.718555e+04	1.494187e+00
4.719141e+04	8.367089e-01
4.719727e+04	4.621174e-01
4.720312e+04	2.556302e-01
4.720898e+04	2.509896e-01
4.721484e+04	4.132999e-01
4.722070e+04	1.588841e-01
4.722656e+04	4.335114e-01
4.723242e+04	1.470848e+00
4.723828e+04	1.403628e+00
4.724414e+04	6.261879e-01
4.725000e+04	4.022451e-01
4.725586e+04	2.650365e-01
4.726172e+04	4.831066e-01
4.726758e+04	1.901021e-01
4.727344e+04	3.605993e-01
4.727930e+04	1.301350e+00
4.728516e+04	2.292735e+00
4.729102e+04	8.501382e-01
4.729688e+04	6.177858e-01
4.730273e+04	3.844764e-01
4.730859e+04	6.004804e-01
4.731445e+04	3.920536e-01
4.732031e+04	2.503329e-01
4.732617e+04	1.026882e+00
4.733203e+04	3.540836e+00
4.733789e+04	1.063486e+00
4.734375e+04	8.541217e-01
4.734961e+04	5.757072e-01
4.735547e+04	7.878331e-01
4.736133e+04	7.370692e-01
4.736719e+04	3.716793e-01
4.737305e+04	9.182241e-01
4.737891e+04	5.213388e+00
4.738477e+04	1.158317e+00
4.739062e+04	1.042465e+00
4.739648e+04	7.755238e-01
4.740234e+04	1.019738e+00
4.740820e+04	1.199284e+00
4.741406e+04	7.486905e-01
4.741992e+04	1.423973e+00
4.742578e+04	7.515628e+00
4.743164e+04	1.393860e+00
4.743750e+04	1.147261e+00
4.744336e+04	9.565237e-01
4.744922e+04	1.251540e+00
4.745508e+04	1.808725e+00
4.746094e+04	1.230545e+00
4.746680e+04	2.559063e+00
4.747266e+04	1.120726e+01
4.747852e+04	3.898222e+00
4.748438e+04	1.644924e+00
4.749023e+04	1.459427e+00
4.749609e+04	1.508161e+00
4.750195e+04	2.901751e+00
4.750781e+04	1.891531e+00
4.751367e+04	4.966267e+00
4.751953e+04	2.099100e+01
4.752539e+04	1.718601e+01
4.753125e+04	6.587568e+00
4.753711e+04	6.243892e+00
4.754297e+04	4.553059e+00
4.754883e+04	1.240269e+01
4.755469e+04	1.274205e+01
4.756055e+04	3.012860e+02
4.756641e+04	9.930423e+01
4.757227e+04	7.591323e+01
4.757812e+04	1.533723e+01
4.758398e+04	8.812501e+00
4.758984e+04	4.415061e+00
4.759570e+04	4.033551e+00
4.760156e+04	2.828398e+00
4.760742e+04	1.302601e+00
4.761328e+04	7.078354e+00
4.761914e+04	2.142476e+01
4.762500e+04	4.948392e+00
4.763086e+04	3.673292e+00
4.763672e+04	2.557539e+00
4.764258e+04	2.270651e+00
4.764844e+04	2.327887e+00
4.765430e+04	8.617865e-01
4.766016e+04	1.630956e+00
4.766602e+04	1.455347e+01
4.767188e+04	2.444550e+00
4.767773e+04	2.179970e+00
4.768359e+04	1.843814e+00
4.768945e+04	1.710428e+00
4.769531e+04	2.027757e+00
4.770117e+04	1.288876e+00
4.770703e+04	1.557781e+00
4.771289e+04	1.114244e+01
4.771875e+04	9.128869e-01
4.772461e+04	1.118227e+00
4.773047e+04	1.227813e+00
4.773633e+04	1.204407e+00
4.774219e+04	1.614192e+00
4.774805e+04	1.250941e+00
4.775391e+04	1.852095e+00
4.775977e+04	8.549586e+00
4.776562e+04	1.619424e+00
4.777148e+04	3.503321e-01
4.777734e+04	6.989424e-01
4.778320e+04	6.752751e-01
4.778906e+04	1.106564e+00
4.779492e+04	9.390246e-01
4.780078e+04	1.634446e+00
4.780664e+04	6.241784e+00
4.781250e+04	3.187090e+00
4.781836e+04	7.411244e-01
4.782422e+04	5.498525e-01
4.783008e+04	3.409366e-01
4.783594e+04	6.087530e-01
4.784180e+04	5.324060e-01
4.784766e+04	1.093840e+00
4.785352e+04	4.127357e+00
4.785938e+04	4.646769e+00
4.786523e+04	1.248988e+00
4.787109e+04	8.105058e-01
4.787695e+04	5.976968e-01
4.788281e+04	4.200759e-01
4.788867e+04	4.174801e-01
4.789453e+04	4.253107e-01
4.790039e+04	2.259347e+00
4.790625e+04	5.815172e+00
4.791211e+04	1.443164e+00
4.791797e+04	1.018114e+00
4.792383e+04	9.125892e-01
4.792969e+04	6.505089e-01
4.793555e+04	7.219327e-01
4.794141e+04	2.488362e-01
4.794727e+04	7.781291e-01
4.795312e+04	6.570839e+00
4.795898e+04	1.230868e+00
4.796484e+04	1.005143e+00
4.797070e+04	1.052947e+00
4.797656e+04	8.370993e-01
4.798242e+04	9.801550e-01
4.798828e+04	7.351656e-01
4.799414e+04	6.260513e-01
