0.000000e+00	0.000000e+00
2.083333e-05	5.889893e-03
4.166667e-05	1.174927e-02
6.250000e-05	1.760864e-02
8.333333e-05	2.337646e-02
1.041667e-04	2.908325e-02
1.250000e-04	3.469849e-02
1.458333e-04	4.019165e-02
1.666667e-04	4.553223e-02
1.875000e-04	5.075073e-02
2.083333e-04	5.578613e-02
2.291667e-04	6.063843e-02
2.500000e-04	6.530762e-02
2.708333e-04	6.973267e-02
2.916667e-04	7.394409e-02
3.125000e-04	7.791138e-02
3.333333e-04	8.160400e-02
3.541667e-04	8.502197e-02
3.750000e-04	8.819580e-02
3.958333e-04	9.103394e-02
4.166667e-04	9.359741e-02
4.375000e-04	9.582520e-02
4.583333e-04	9.774780e-02
4.791667e-04	9.936523e-02
5.000000e-04	1.006470e-01
5.208333e-04	1.015625e-01
5.416667e-04	1.021729e-01
5.625000e-04	1.024475e-01
5.833333e-04	1.023560e-01
6.041667e-04	1.019287e-01
6.250000e-04	1.011963e-01
6.458333e-04	1.000977e-01
6.666667e-04	9.866333e-02
6.875000e-04	9.692383e-02
7.083333e-04	9.484863e-02
7.291667e-04	9.246826e-02
7.500000e-04	8.978271e-02
7.708333e-04	8.679199e-02
7.916667e-04	8.349609e-02
8.125000e-04	7.995605e-02
8.333333e-04	7.614136e-02
8.541667e-04	7.205200e-02
8.750000e-04	6.774902e-02
8.958333e-04	6.320190e-02
9.166667e-04	5.847168e-02
9.375000e-04	5.352783e-02
9.583333e-04	4.840088e-02
9.791667e-04	4.312134e-02
1.000000e-03	3.768921e-02
1.020833e-03	3.216553e-02
1.041667e-03	2.648926e-02
1.062500e-03	2.075195e-02
1.083333e-03	1.495361e-02
1.104167e-03	9.094238e-03
1.125000e-03	3.204346e-03
1.145833e-03	-2.685547e-03
1.166667e-03	-8.575439e-03
1.187500e-03	-1.446533e-02
1.208333e-03	-2.026367e-02
1.229167e-03	-2.603149e-02
1.250000e-03	-3.167725e-02
1.270833e-03	-3.723145e-02
1.291667e-03	-4.266357e-02
1.312500e-03	-4.797363e-02
1.333333e-03	-5.310059e-02
1.354167e-03	-5.804443e-02
1.375000e-03	-6.280518e-02
1.395833e-03	-6.738281e-02
1.416667e-03	-7.171631e-02
1.437500e-03	-7.580566e-02
1.458333e-03	-7.965088e-02
1.479167e-03	-8.322144e-02
1.500000e-03	-8.651733e-02
1.520833e-03	-8.953857e-02
1.541667e-03	-9.228516e-02
1.562500e-03	-9.469604e-02
1.583333e-03	-9.677124e-02
1.604167e-03	-9.857178e-02
1.625000e-03	-1.000061e-01
1.645833e-03	-1.011353e-01
1.666667e-03	-1.019287e-01
1.687500e-03	-1.023560e-01
1.708333e-03	-1.024780e-01
1.729167e-03	-1.022339e-01
1.750000e-03	-1.016846e-01
1.770833e-03	-1.007690e-01
1.791667e-03	-9.951782e-02
1.812500e-03	-9.796143e-02
1.833333e-03	-9.606934e-02
1.854167e-03	-9.384155e-02
1.875000e-03	-9.130859e-02
1.895833e-03	-8.850098e-02
1.916667e-03	-8.535767e-02
1.937500e-03	-8.197021e-02
1.958333e-03	-7.827759e-02
1.979167e-03	-7.434082e-02
2.000000e-03	-7.015991e-02
2.020833e-03	-6.573486e-02
2.041667e-03	-6.112671e-02
2.062500e-03	-5.627441e-02
2.083333e-03	-5.123901e-02
2.104167e-03	-4.605103e-02
2.125000e-03	-4.071045e-02
2.145833e-03	-3.521729e-02
2.166667e-03	-2.963257e-02
2.187500e-03	-2.392578e-02
2.208333e-03	-1.815796e-02
2.229167e-03	-1.232910e-02
2.250000e-03	-6.439209e-03
2.270833e-03	-5.493164e-04
2.291667e-03	5.340576e-03
2.312500e-03	1.123047e-02
2.333333e-03	1.705933e-02
2.354167e-03	2.285767e-02
2.375000e-03	2.856445e-02
2.395833e-03	3.417969e-02
2.416667e-03	3.970337e-02
2.437500e-03	4.507446e-02
2.458333e-03	5.029297e-02
2.479167e-03	5.532837e-02
2.500000e-03	6.021118e-02
2.520833e-03	6.488037e-02
2.541667e-03	6.933594e-02
2.562500e-03	7.357788e-02
2.583333e-03	7.754517e-02
2.604167e-03	8.126831e-02
2.625000e-03	8.471680e-02
2.645833e-03	8.792114e-02
2.666667e-03	9.078979e-02
2.687500e-03	9.338379e-02
2.708333e-03	9.564209e-02
2.729167e-03	9.759521e-02
2.750000e-03	9.924316e-02
2.770833e-03	1.005249e-01
2.791667e-03	1.015015e-01
2.812500e-03	1.021423e-01
2.833333e-03	1.024170e-01
2.854167e-03	1.023865e-01
2.875000e-03	1.019897e-01
2.895833e-03	1.012573e-01
2.916667e-03	1.002197e-01
2.937500e-03	9.881592e-02
2.958333e-03	9.710693e-02
2.979167e-03	9.506226e-02
3.000000e-03	9.271240e-02
3.020833e-03	9.002686e-02
3.041667e-03	8.706665e-02
3.062500e-03	8.383179e-02
3.083333e-03	8.029175e-02
3.104167e-03	7.647705e-02
3.125000e-03	7.244873e-02
3.145833e-03	6.814575e-02
3.166667e-03	6.362915e-02
3.187500e-03	5.889893e-02
3.208333e-03	5.398560e-02
3.229167e-03	4.888916e-02
3.250000e-03	4.360962e-02
3.270833e-03	3.820801e-02
3.291667e-03	3.265381e-02
3.312500e-03	2.700806e-02
3.333333e-03	2.130127e-02
3.354167e-03	1.547241e-02
3.375000e-03	9.613037e-03
3.395833e-03	3.723145e-03
3.416667e-03	-2.166748e-03
3.437500e-03	-8.056641e-03
3.458333e-03	-1.391602e-02
3.479167e-03	-1.974487e-02
3.500000e-03	-2.551270e-02
3.520833e-03	-3.115845e-02
3.541667e-03	-3.674316e-02
3.562500e-03	-4.217529e-02
3.583333e-03	-4.748535e-02
3.604167e-03	-5.264282e-02
3.625000e-03	-5.761719e-02
3.645833e-03	-6.240845e-02
3.666667e-03	-6.698608e-02
3.687500e-03	-7.131958e-02
3.708333e-03	-7.543945e-02
3.729167e-03	-7.931519e-02
3.750000e-03	-8.291626e-02
3.770833e-03	-8.624268e-02
3.791667e-03	-8.929443e-02
3.812500e-03	-9.204102e-02
3.833333e-03	-9.448242e-02
3.854167e-03	-9.661865e-02
3.875000e-03	-9.841919e-02
3.895833e-03	-9.988403e-02
3.916667e-03	-1.010437e-01
3.937500e-03	-1.018677e-01
3.958333e-03	-1.023560e-01
3.979167e-03	-1.024780e-01
4.000000e-03	-1.022949e-01
4.020833e-03	-1.017456e-01
4.041667e-03	-1.008606e-01
4.062500e-03	-9.963989e-02
4.083333e-03	-9.811401e-02
4.104167e-03	-9.625244e-02
4.125000e-03	-9.405518e-02
4.145833e-03	-9.155273e-02
4.166667e-03	-8.874512e-02
4.187500e-03	-8.566284e-02
4.208333e-03	-8.227539e-02
4.229167e-03	-7.861328e-02
4.250000e-03	-7.470703e-02
4.270833e-03	-7.055664e-02
4.291667e-03	-6.616211e-02
4.312500e-03	-6.155396e-02
4.333333e-03	-5.673218e-02
4.354167e-03	-5.172729e-02
4.375000e-03	-4.653931e-02
4.395833e-03	-4.119873e-02
4.416667e-03	-3.573608e-02
4.437500e-03	-3.015137e-02
4.458333e-03	-2.444458e-02
4.479167e-03	-1.867676e-02
4.500000e-03	-1.284790e-02
4.520833e-03	-6.988525e-03
4.541667e-03	-1.098633e-03
4.562500e-03	4.821777e-03
4.583333e-03	1.068115e-02
4.604167e-03	1.654053e-02
4.625000e-03	2.233887e-02
4.645833e-03	2.804565e-02
4.666667e-03	3.369141e-02
4.687500e-03	3.918457e-02
4.708333e-03	4.458618e-02
4.729167e-03	4.980469e-02
4.750000e-03	5.490112e-02
4.770833e-03	5.978394e-02
4.791667e-03	6.448364e-02
4.812500e-03	6.893921e-02
4.833333e-03	7.318115e-02
4.854167e-03	7.720947e-02
4.875000e-03	8.096313e-02
4.895833e-03	8.444214e-02
4.916667e-03	8.761597e-02
4.937500e-03	9.054565e-02
4.958333e-03	9.313965e-02
4.979167e-03	9.545898e-02
5.000000e-03	9.744263e-02
5.020833e-03	9.909058e-02
5.041667e-03	1.004333e-01
5.062500e-03	1.014404e-01
5.083333e-03	1.020813e-01
5.104167e-03	1.024170e-01
5.125000e-03	1.023865e-01
5.145833e-03	1.020508e-01
5.166667e-03	1.013489e-01
5.187500e-03	1.003113e-01
5.208333e-03	9.896851e-02
5.229167e-03	9.725952e-02
5.250000e-03	9.524536e-02
5.270833e-03	9.292603e-02
5.291667e-03	9.030151e-02
5.312500e-03	8.734131e-02
5.333333e-03	8.413696e-02
5.354167e-03	8.062744e-02
5.375000e-03	7.684326e-02
5.395833e-03	7.281494e-02
5.416667e-03	6.854248e-02
5.437500e-03	6.405640e-02
5.458333e-03	5.932617e-02
5.479167e-03	5.444336e-02
5.500000e-03	4.934692e-02
5.520833e-03	4.409790e-02
5.541667e-03	3.869629e-02
5.562500e-03	3.317261e-02
5.583333e-03	2.752686e-02
5.604167e-03	2.182007e-02
5.625000e-03	1.602173e-02
5.645833e-03	1.016235e-02
5.666667e-03	4.272461e-03
5.687500e-03	-1.617432e-03
5.708333e-03	-7.507324e-03
5.729167e-03	-1.339722e-02
5.750000e-03	-1.922607e-02
5.770833e-03	-2.499390e-02
5.791667e-03	-3.067017e-02
5.812500e-03	-3.622437e-02
5.833333e-03	-4.168701e-02
5.854167e-03	-4.702759e-02
5.875000e-03	-5.218506e-02
5.895833e-03	-5.715942e-02
5.916667e-03	-6.198120e-02
5.937500e-03	-6.655884e-02
5.958333e-03	-7.095337e-02
5.979167e-03	-7.507324e-02
6.000000e-03	-7.897949e-02
6.020833e-03	-8.261108e-02
6.041667e-03	-8.596802e-02
6.062500e-03	-8.901978e-02
6.083333e-03	-9.179688e-02
6.104167e-03	-9.426880e-02
6.125000e-03	-9.643555e-02
6.145833e-03	-9.826660e-02
6.166667e-03	-9.979248e-02
6.187500e-03	-1.009521e-01
6.208333e-03	-1.018066e-01
6.229167e-03	-1.023254e-01
6.250000e-03	-1.024780e-01
6.270833e-03	-1.023254e-01
6.291667e-03	-1.018066e-01
6.312500e-03	-1.009521e-01
6.333333e-03	-9.979248e-02
6.354167e-03	-9.826660e-02
6.375000e-03	-9.643555e-02
6.395833e-03	-9.426880e-02
6.416667e-03	-9.179688e-02
6.437500e-03	-8.901978e-02
6.458333e-03	-8.596802e-02
6.479167e-03	-8.261108e-02
6.500000e-03	-7.897949e-02
6.520833e-03	-7.507324e-02
6.541667e-03	-7.095337e-02
6.562500e-03	-6.655884e-02
6.583333e-03	-6.198120e-02
6.604167e-03	-5.715942e-02
6.625000e-03	-5.218506e-02
6.645833e-03	-4.702759e-02
6.666667e-03	-4.168701e-02
6.687500e-03	-3.622437e-02
6.708333e-03	-3.067017e-02
6.729167e-03	-2.499390e-02
6.750000e-03	-1.922607e-02
6.770833e-03	-1.339722e-02
6.791667e-03	-7.507324e-03
6.812500e-03	-1.617432e-03
6.833333e-03	4.272461e-03
6.854167e-03	1.016235e-02
6.875000e-03	1.602173e-02
6.895833e-03	2.182007e-02
6.916667e-03	2.752686e-02
6.937500e-03	3.317261e-02
6.958333e-03	3.869629e-02
6.979167e-03	4.409790e-02
7.000000e-03	4.934692e-02
7.020833e-03	5.444336e-02
7.041667e-03	5.932617e-02
7.062500e-03	6.405640e-02
7.083333e-03	6.854248e-02
7.104167e-03	7.281494e-02
7.125000e-03	7.684326e-02
7.145833e-03	8.062744e-02
7.166667e-03	8.413696e-02
7.187500e-03	8.734131e-02
7.208333e-03	9.030151e-02
7.229167e-03	9.292603e-02
7.250000e-03	9.524536e-02
7.270833e-03	9.725952e-02
7.291667e-03	9.896851e-02
7.312500e-03	1.003113e-01
7.333333e-03	1.013489e-01
7.354167e-03	1.020508e-01
7.375000e-03	1.023865e-01
7.395833e-03	1.024170e-01
7.416667e-03	1.020813e-01
7.437500e-03	1.014404e-01
7.458333e-03	1.004333e-01
7.479167e-03	9.909058e-02
7.500000e-03	9.744263e-02
7.520833e-03	9.545898e-02
7.541667e-03	9.313965e-02
7.562500e-03	9.054565e-02
7.583333e-03	8.761597e-02
7.604167e-03	8.444214e-02
7.625000e-03	8.096313e-02
7.645833e-03	7.720947e-02
7.666667e-03	7.318115e-02
7.687500e-03	6.893921e-02
7.708333e-03	6.448364e-02
7.729167e-03	5.978394e-02
7.750000e-03	5.490112e-02
7.770833e-03	4.980469e-02
7.791667e-03	4.458618e-02
7.812500e-03	3.918457e-02
7.833333e-03	3.369141e-02
7.854167e-03	2.804565e-02
7.875000e-03	2.233887e-02
7.895833e-03	1.654053e-02
7.916667e-03	1.068115e-02
7.937500e-03	4.821777e-03
7.958333e-03	-1.098633e-03
7.979167e-03	-6.988525e-03
8.000000e-03	-1.284790e-02
8.020833e-03	-1.867676e-02
8.041667e-03	-2.444458e-02
8.062500e-03	-3.015137e-02
8.083333e-03	-3.573608e-02
8.104167e-03	-4.119873e-02
8.125000e-03	-4.653931e-02
8.145833e-03	-5.172729e-02
8.166667e-03	-5.673218e-02
8.187500e-03	-6.155396e-02
8.208333e-03	-6.616211e-02
8.229167e-03	-7.055664e-02
8.250000e-03	-7.470703e-02
8.270833e-03	-7.861328e-02
8.291667e-03	-8.227539e-02
8.312500e-03	-8.566284e-02
8.333333e-03	-8.874512e-02
8.354167e-03	-9.155273e-02
8.375000e-03	-9.405518e-02
8.395833e-03	-9.625244e-02
8.416667e-03	-9.811401e-02
8.437500e-03	-9.963989e-02
8.458333e-03	-1.008606e-01
8.479167e-03	-1.017456e-01
8.500000e-03	-1.022949e-01
8.520833e-03	-1.024780e-01
8.541667e-03	-1.023560e-01
8.562500e-03	-1.018677e-01
8.583333e-03	-1.010437e-01
8.604167e-03	-9.988403e-02
8.625000e-03	-9.841919e-02
8.645833e-03	-9.661865e-02
8.666667e-03	-9.448242e-02
8.687500e-03	-9.204102e-02
8.708333e-03	-8.929443e-02
8.729167e-03	-8.624268e-02
8.750000e-03	-8.291626e-02
8.770833e-03	-7.931519e-02
8.791667e-03	-7.543945e-02
8.812500e-03	-7.131958e-02
8.833333e-03	-6.698608e-02
8.854167e-03	-6.240845e-02
8.875000e-03	-5.761719e-02
8.895833e-03	-5.264282e-02
8.916667e-03	-4.748535e-02
8.937500e-03	-4.217529e-02
8.958333e-03	-3.674316e-02
8.979167e-03	-3.115845e-02
9.000000e-03	-2.551270e-02
9.020833e-03	-1.974487e-02
9.041667e-03	-1.391602e-02
9.062500e-03	-8.056641e-03
9.083333e-03	-2.166748e-03
9.104167e-03	3.723145e-03
9.125000e-03	9.613037e-03
9.145833e-03	1.547241e-02
9.166667e-03	2.130127e-02
9.187500e-03	2.700806e-02
9.208333e-03	3.265381e-02
9.229167e-03	3.820801e-02
9.250000e-03	4.360962e-02
9.270833e-03	4.888916e-02
9.291667e-03	5.398560e-02
9.312500e-03	5.889893e-02
9.333333e-03	6.362915e-02
9.354167e-03	6.814575e-02
9.375000e-03	7.244873e-02
9.395833e-03	7.647705e-02
9.416667e-03	8.029175e-02
9.437500e-03	8.383179e-02
9.458333e-03	8.706665e-02
9.479167e-03	9.002686e-02
9.500000e-03	9.271240e-02
9.520833e-03	9.506226e-02
9.541667e-03	9.710693e-02
9.562500e-03	9.881592e-02
9.583333e-03	1.002197e-01
9.604167e-03	1.012573e-01
9.625000e-03	1.019897e-01
9.645833e-03	1.023865e-01
9.666667e-03	1.024170e-01
9.687500e-03	1.021423e-01
9.708333e-03	1.015015e-01
9.729167e-03	1.005249e-01
9.750000e-03	9.924316e-02
9.770833e-03	9.759521e-02
9.791667e-03	9.564209e-02
9.812500e-03	9.338379e-02
9.833333e-03	9.078979e-02
9.854167e-03	8.792114e-02
9.875000e-03	8.471680e-02
9.895833e-03	8.126831e-02
9.916667e-03	7.754517e-02
9.937500e-03	7.357788e-02
9.958333e-03	6.933594e-02
9.979167e-03	6.488037e-02
1.000000e-02	6.021118e-02
1.002083e-02	5.532837e-02
1.004167e-02	5.029297e-02
1.006250e-02	4.507446e-02
1.008333e-02	3.970337e-02
1.010417e-02	3.417969e-02
1.012500e-02	2.856445e-02
1.014583e-02	2.285767e-02
1.016667e-02	1.705933e-02
1.018750e-02	1.123047e-02
1.020833e-02	5.340576e-03
1.022917e-02	-5.493164e-04
1.025000e-02	-6.439209e-03
1.027083e-02	-1.232910e-02
1.029167e-02	-1.815796e-02
1.031250e-02	-2.392578e-02
1.033333e-02	-2.963257e-02
1.035417e-02	-3.521729e-02
1.037500e-02	-4.071045e-02
1.039583e-02	-4.605103e-02
1.041667e-02	-5.123901e-02
1.043750e-02	-5.627441e-02
1.045833e-02	-6.112671e-02
1.047917e-02	-6.573486e-02
1.050000e-02	-7.015991e-02
1.052083e-02	-7.434082e-02
1.054167e-02	-7.827759e-02
1.056250e-02	-8.197021e-02
1.058333e-02	-8.535767e-02
1.060417e-02	-8.850098e-02
1.062500e-02	-9.130859e-02
1.064583e-02	-9.384155e-02
1.066667e-02	-9.606934e-02
1.068750e-02	-9.796143e-02
1.070833e-02	-9.951782e-02
1.072917e-02	-1.007690e-01
1.075000e-02	-1.016846e-01
1.077083e-02	-1.022339e-01
1.079167e-02	-1.024780e-01
1.081250e-02	-1.023560e-01
1.083333e-02	-1.019287e-01
1.085417e-02	-1.011353e-01
1.087500e-02	-1.000061e-01
1.089583e-02	-9.857178e-02
1.091667e-02	-9.677124e-02
1.093750e-02	-9.469604e-02
1.095833e-02	-9.228516e-02
1.097917e-02	-8.953857e-02
1.100000e-02	-8.651733e-02
1.102083e-02	-8.322144e-02
1.104167e-02	-7.965088e-02
1.106250e-02	-7.580566e-02
1.108333e-02	-7.171631e-02
1.110417e-02	-6.738281e-02
1.112500e-02	-6.280518e-02
1.114583e-02	-5.804443e-02
1.116667e-02	-5.310059e-02
1.118750e-02	-4.797363e-02
1.120833e-02	-4.266357e-02
1.122917e-02	-3.723145e-02
1.125000e-02	-3.167725e-02
1.127083e-02	-2.603149e-02
1.129167e-02	-2.026367e-02
1.131250e-02	-1.446533e-02
1.133333e-02	-8.575439e-03
1.135417e-02	-2.685547e-03
1.137500e-02	3.204346e-03
1.139583e-02	9.094238e-03
1.141667e-02	1.495361e-02
1.143750e-02	2.075195e-02
1.145833e-02	2.648926e-02
1.147917e-02	3.216553e-02
1.150000e-02	3.768921e-02
1.152083e-02	4.312134e-02
1.154167e-02	4.840088e-02
1.156250e-02	5.352783e-02
1.158333e-02	5.847168e-02
1.160417e-02	6.320190e-02
1.162500e-02	6.774902e-02
1.164583e-02	7.205200e-02
1.166667e-02	7.614136e-02
1.168750e-02	7.995605e-02
1.170833e-02	8.349609e-02
1.172917e-02	8.679199e-02
1.175000e-02	8.978271e-02
1.177083e-02	9.246826e-02
1.179167e-02	9.484863e-02
1.181250e-02	9.692383e-02
1.183333e-02	9.866333e-02
1.185417e-02	1.000977e-01
1.187500e-02	1.011963e-01
1.189583e-02	1.019287e-01
1.191667e-02	1.023560e-01
1.193750e-02	1.024475e-01
1.195833e-02	1.021729e-01
1.197917e-02	1.015625e-01
1.200000e-02	1.006470e-01
1.202083e-02	9.936523e-02
1.204167e-02	9.774780e-02
1.206250e-02	9.582520e-02
1.208333e-02	9.359741e-02
1.210417e-02	9.103394e-02
1.212500e-02	8.819580e-02
1.214583e-02	8.502197e-02
1.216667e-02	8.160400e-02
1.218750e-02	7.791138e-02
1.220833e-02	7.394409e-02
1.222917e-02	6.973267e-02
1.225000e-02	6.530762e-02
1.227083e-02	6.063843e-02
1.229167e-02	5.578613e-02
1.231250e-02	5.075073e-02
1.233333e-02	4.553223e-02
1.235417e-02	4.019165e-02
1.237500e-02	3.469849e-02
1.239583e-02	2.908325e-02
1.241667e-02	2.337646e-02
1.243750e-02	1.760864e-02
1.245833e-02	1.174927e-02
1.247917e-02	5.889893e-03
1.250000e-02	-3.051758e-05
1.252083e-02	-5.920410e-03
1.254167e-02	-1.177979e-02
1.256250e-02	-1.763916e-02
1.258333e-02	-2.340698e-02
1.260417e-02	-2.911377e-02
1.262500e-02	-3.472900e-02
1.264583e-02	-4.022217e-02
1.266667e-02	-4.556274e-02
1.268750e-02	-5.078125e-02
1.270833e-02	-5.581665e-02
1.272917e-02	-6.066895e-02
1.275000e-02	-6.533813e-02
1.277083e-02	-6.976318e-02
1.279167e-02	-7.397461e-02
1.281250e-02	-7.794189e-02
1.283333e-02	-8.163452e-02
1.285417e-02	-8.505249e-02
1.287500e-02	-8.822632e-02
1.289583e-02	-9.106445e-02
1.291667e-02	-9.362793e-02
1.293750e-02	-9.585571e-02
1.295833e-02	-9.780884e-02
1.297917e-02	-9.939575e-02
1.300000e-02	-1.006775e-01
1.302083e-02	-1.015930e-01
1.304167e-02	-1.022034e-01
1.306250e-02	-1.024780e-01
1.308333e-02	-1.023865e-01
1.310417e-02	-1.019897e-01
1.312500e-02	-1.012268e-01
1.314583e-02	-1.001282e-01
1.316667e-02	-9.872437e-02
1.318750e-02	-9.695435e-02
1.320833e-02	-9.487915e-02
1.322917e-02	-9.249878e-02
1.325000e-02	-8.981323e-02
1.327083e-02	-8.682251e-02
1.329167e-02	-8.355713e-02
1.331250e-02	-7.998657e-02
1.333333e-02	-7.617188e-02
1.335417e-02	-7.208252e-02
1.337500e-02	-6.777954e-02
1.339583e-02	-6.323242e-02
1.341667e-02	-5.850220e-02
1.343750e-02	-5.355835e-02
1.345833e-02	-4.843140e-02
1.347917e-02	-4.315186e-02
1.350000e-02	-3.775024e-02
1.352083e-02	-3.219604e-02
1.354167e-02	-2.655029e-02
1.356250e-02	-2.078247e-02
1.358333e-02	-1.498413e-02
1.360417e-02	-9.124756e-03
1.362500e-02	-3.234863e-03
1.364583e-02	2.655029e-03
1.366667e-02	8.544922e-03
1.368750e-02	1.443481e-02
1.370833e-02	2.023315e-02
1.372917e-02	2.600098e-02
1.375000e-02	3.164673e-02
1.377083e-02	3.720093e-02
1.379167e-02	4.263306e-02
1.381250e-02	4.794312e-02
1.383333e-02	5.307007e-02
1.385417e-02	5.801392e-02
1.387500e-02	6.277466e-02
1.389583e-02	6.735229e-02
1.391667e-02	7.168579e-02
1.393750e-02	7.577515e-02
1.395833e-02	7.962036e-02
1.397917e-02	8.319092e-02
1.400000e-02	8.648682e-02
1.402083e-02	8.950806e-02
1.404167e-02	9.222412e-02
1.406250e-02	9.466553e-02
1.408333e-02	9.674072e-02
1.410417e-02	9.854126e-02
1.412500e-02	9.997559e-02
1.414583e-02	1.011047e-01
1.416667e-02	1.018982e-01
1.418750e-02	1.023254e-01
1.420833e-02	1.024475e-01
1.422917e-02	1.022034e-01
1.425000e-02	1.016541e-01
1.427083e-02	1.007385e-01
1.429167e-02	9.948730e-02
1.431250e-02	9.793091e-02
1.433333e-02	9.603882e-02
1.435417e-02	9.381104e-02
1.437500e-02	9.127808e-02
1.439583e-02	8.843994e-02
1.441667e-02	8.532715e-02
1.443750e-02	8.193970e-02
1.445833e-02	7.824707e-02
1.447917e-02	7.431030e-02
1.450000e-02	7.012939e-02
1.452083e-02	6.570435e-02
1.454167e-02	6.106567e-02
1.456250e-02	5.624390e-02
1.458333e-02	5.120850e-02
1.460417e-02	4.602051e-02
1.462500e-02	4.067993e-02
1.464583e-02	3.518677e-02
1.466667e-02	2.960205e-02
1.468750e-02	2.389526e-02
1.470833e-02	1.812744e-02
1.472917e-02	1.229858e-02
1.475000e-02	6.408691e-03
1.477083e-02	5.187988e-04
1.479167e-02	-5.371094e-03
1.481250e-02	-1.126099e-02
1.483333e-02	-1.708984e-02
1.485417e-02	-2.288818e-02
1.487500e-02	-2.859497e-02
1.489583e-02	-3.421021e-02
1.491667e-02	-3.973389e-02
1.493750e-02	-4.510498e-02
1.495833e-02	-5.032349e-02
1.497917e-02	-5.535889e-02
1.500000e-02	-6.024170e-02
1.502083e-02	-6.491089e-02
1.504167e-02	-6.936646e-02
1.506250e-02	-7.360840e-02
1.508333e-02	-7.757568e-02
1.510417e-02	-8.129883e-02
1.512500e-02	-8.477783e-02
1.514583e-02	-8.795166e-02
1.516667e-02	-9.082031e-02
1.518750e-02	-9.341431e-02
1.520833e-02	-9.567261e-02
1.522917e-02	-9.762573e-02
1.525000e-02	-9.927368e-02
1.527083e-02	-1.005554e-01
1.529167e-02	-1.015320e-01
1.531250e-02	-1.021729e-01
1.533333e-02	-1.024475e-01
1.535417e-02	-1.024170e-01
1.537500e-02	-1.020203e-01
1.539583e-02	-1.013184e-01
1.541667e-02	-1.002502e-01
1.543750e-02	-9.884644e-02
1.545833e-02	-9.713745e-02
1.547917e-02	-9.509277e-02
1.550000e-02	-9.274292e-02
1.552083e-02	-9.005737e-02
1.554167e-02	-8.709717e-02
1.556250e-02	-8.386230e-02
1.558333e-02	-8.032227e-02
1.560417e-02	-7.650757e-02
1.562500e-02	-7.247925e-02
1.564583e-02	-6.817627e-02
1.566667e-02	-6.365967e-02
1.568750e-02	-5.892944e-02
1.570833e-02	-5.401611e-02
1.572917e-02	-4.891968e-02
1.575000e-02	-4.364014e-02
1.577083e-02	-3.823853e-02
1.579167e-02	-3.268433e-02
1.581250e-02	-2.706909e-02
1.583333e-02	-2.133179e-02
1.585417e-02	-1.550293e-02
1.587500e-02	-9.674072e-03
1.589583e-02	-3.784180e-03
1.591667e-02	2.136230e-03
1.593750e-02	8.026123e-03
1.595833e-02	1.388550e-02
1.597917e-02	1.971436e-02
1.600000e-02	2.548218e-02
1.602083e-02	3.112793e-02
1.604167e-02	3.671265e-02
1.606250e-02	4.214478e-02
1.608333e-02	4.745483e-02
1.610417e-02	5.261230e-02
1.612500e-02	5.758667e-02
1.614583e-02	6.234741e-02
1.616667e-02	6.692505e-02
1.618750e-02	7.128906e-02
1.620833e-02	7.540894e-02
1.622917e-02	7.928467e-02
1.625000e-02	8.288574e-02
1.627083e-02	8.621216e-02
1.629167e-02	8.926392e-02
1.631250e-02	9.201050e-02
1.633333e-02	9.445190e-02
1.635417e-02	9.658813e-02
1.637500e-02	9.838867e-02
1.639583e-02	9.985352e-02
1.641667e-02	1.010132e-01
1.643750e-02	1.018372e-01
1.645833e-02	1.023254e-01
1.647917e-02	1.024475e-01
1.650000e-02	1.022644e-01
1.652083e-02	1.017151e-01
1.654167e-02	1.008301e-01
1.656250e-02	9.960938e-02
1.658333e-02	9.808350e-02
1.660417e-02	9.622192e-02
1.662500e-02	9.402466e-02
1.664583e-02	9.152222e-02
1.666667e-02	8.871460e-02
1.668750e-02	8.563232e-02
1.670833e-02	8.224487e-02
1.672917e-02	7.858276e-02
1.675000e-02	7.467651e-02
1.677083e-02	7.052612e-02
1.679167e-02	6.613159e-02
1.681250e-02	6.149292e-02
1.683333e-02	5.670166e-02
1.685417e-02	5.169678e-02
1.687500e-02	4.650879e-02
1.689583e-02	4.116821e-02
1.691667e-02	3.570557e-02
1.693750e-02	3.012085e-02
1.695833e-02	2.441406e-02
1.697917e-02	1.864624e-02
1.700000e-02	1.281738e-02
1.702083e-02	6.958008e-03
1.704167e-02	1.068115e-03
1.706250e-02	-4.852295e-03
1.708333e-02	-1.074219e-02
1.710417e-02	-1.657104e-02
1.712500e-02	-2.236938e-02
1.714583e-02	-2.807617e-02
1.716667e-02	-3.372192e-02
1.718750e-02	-3.921509e-02
1.720833e-02	-4.461670e-02
1.722917e-02	-4.986572e-02
1.725000e-02	-5.493164e-02
1.727083e-02	-5.981445e-02
1.729167e-02	-6.451416e-02
1.731250e-02	-6.896973e-02
1.733333e-02	-7.321167e-02
1.735417e-02	-7.723999e-02
1.737500e-02	-8.099365e-02
1.739583e-02	-8.447266e-02
1.741667e-02	-8.767700e-02
1.743750e-02	-9.057617e-02
1.745833e-02	-9.317017e-02
1.747917e-02	-9.548950e-02
1.750000e-02	-9.747314e-02
1.752083e-02	-9.912109e-02
1.754167e-02	-1.004639e-01
1.756250e-02	-1.014709e-01
1.758333e-02	-1.021423e-01
1.760417e-02	-1.024475e-01
1.762500e-02	-1.024475e-01
1.764583e-02	-1.020813e-01
1.766667e-02	-1.013794e-01
1.768750e-02	-1.003723e-01
1.770833e-02	-9.899902e-02
1.772917e-02	-9.729004e-02
1.775000e-02	-9.527588e-02
1.777083e-02	-9.295654e-02
1.779167e-02	-9.033203e-02
1.781250e-02	-8.737183e-02
1.783333e-02	-8.416748e-02
1.785417e-02	-8.065796e-02
1.787500e-02	-7.687378e-02
1.789583e-02	-7.284546e-02
1.791667e-02	-6.857300e-02
1.793750e-02	-6.408691e-02
1.795833e-02	-5.938721e-02
1.797917e-02	-5.447388e-02
1.800000e-02	-4.937744e-02
1.802083e-02	-4.412842e-02
1.804167e-02	-3.872681e-02
1.806250e-02	-3.320312e-02
1.808333e-02	-2.755737e-02
1.810417e-02	-2.185059e-02
1.812500e-02	-1.605225e-02
1.814583e-02	-1.019287e-02
1.816667e-02	-4.302979e-03
1.818750e-02	1.586914e-03
1.820833e-02	7.476807e-03
1.822917e-02	1.336670e-02
1.825000e-02	1.919556e-02
1.827083e-02	2.493286e-02
1.829167e-02	3.060913e-02
1.831250e-02	3.619385e-02
1.833333e-02	4.165649e-02
1.835417e-02	4.696655e-02
1.837500e-02	5.215454e-02
1.839583e-02	5.712891e-02
1.841667e-02	6.195068e-02
1.843750e-02	6.652832e-02
1.845833e-02	7.089233e-02
1.847917e-02	7.504272e-02
1.850000e-02	7.894897e-02
1.852083e-02	8.255005e-02
1.854167e-02	8.590698e-02
1.856250e-02	8.898926e-02
1.858333e-02	9.176636e-02
1.860417e-02	9.423828e-02
1.862500e-02	9.640503e-02
1.864583e-02	9.823608e-02
1.866667e-02	9.973145e-02
1.868750e-02	1.009216e-01
1.870833e-02	1.017761e-01
1.872917e-02	1.022949e-01
1.875000e-02	1.024475e-01
1.877083e-02	1.022949e-01
1.879167e-02	1.017761e-01
1.881250e-02	1.009216e-01
1.883333e-02	9.973145e-02
1.885417e-02	9.823608e-02
1.887500e-02	9.640503e-02
1.889583e-02	9.423828e-02
1.891667e-02	9.176636e-02
1.893750e-02	8.898926e-02
1.895833e-02	8.590698e-02
1.897917e-02	8.255005e-02
1.900000e-02	7.894897e-02
1.902083e-02	7.504272e-02
1.904167e-02	7.089233e-02
1.906250e-02	6.652832e-02
1.908333e-02	6.195068e-02
1.910417e-02	5.712891e-02
1.912500e-02	5.215454e-02
1.914583e-02	4.696655e-02
1.916667e-02	4.165649e-02
1.918750e-02	3.619385e-02
1.920833e-02	3.060913e-02
1.922917e-02	2.493286e-02
1.925000e-02	1.919556e-02
1.927083e-02	1.336670e-02
1.929167e-02	7.476807e-03
1.931250e-02	1.586914e-03
1.933333e-02	-4.302979e-03
1.935417e-02	-1.019287e-02
1.937500e-02	-1.605225e-02
1.939583e-02	-2.185059e-02
1.941667e-02	-2.755737e-02
1.943750e-02	-3.320312e-02
1.945833e-02	-3.872681e-02
1.947917e-02	-4.412842e-02
1.950000e-02	-4.937744e-02
1.952083e-02	-5.447388e-02
1.954167e-02	-5.938721e-02
1.956250e-02	-6.408691e-02
1.958333e-02	-6.857300e-02
1.960417e-02	-7.284546e-02
1.962500e-02	-7.687378e-02
1.964583e-02	-8.065796e-02
1.966667e-02	-8.416748e-02
1.968750e-02	-8.737183e-02
1.970833e-02	-9.033203e-02
1.972917e-02	-9.295654e-02
1.975000e-02	-9.527588e-02
1.977083e-02	-9.729004e-02
1.979167e-02	-9.899902e-02
1.981250e-02	-1.003723e-01
1.983333e-02	-1.013794e-01
1.985417e-02	-1.020813e-01
1.987500e-02	-1.024475e-01
1.989583e-02	-1.024475e-01
1.991667e-02	-1.021423e-01
1.993750e-02	-1.014709e-01
1.995833e-02	-1.004639e-01
1.997917e-02	-9.912109e-02
2.000000e-02	-9.747314e-02
2.002083e-02	-9.548950e-02
2.004167e-02	-9.317017e-02
2.006250e-02	-9.057617e-02
2.008333e-02	-8.767700e-02
2.010417e-02	-8.447266e-02
2.012500e-02	-8.099365e-02
2.014583e-02	-7.723999e-02
2.016667e-02	-7.321167e-02
2.018750e-02	-6.896973e-02
2.020833e-02	-6.451416e-02
2.022917e-02	-5.981445e-02
2.025000e-02	-5.493164e-02
2.027083e-02	-4.986572e-02
2.029167e-02	-4.461670e-02
2.031250e-02	-3.921509e-02
2.033333e-02	-3.372192e-02
2.035417e-02	-2.807617e-02
2.037500e-02	-2.236938e-02
2.039583e-02	-1.657104e-02
2.041667e-02	-1.074219e-02
2.043750e-02	-4.852295e-03
2.045833e-02	1.068115e-03
2.047917e-02	6.958008e-03
2.050000e-02	1.281738e-02
2.052083e-02	1.864624e-02
2.054167e-02	2.441406e-02
2.056250e-02	3.012085e-02
2.058333e-02	3.570557e-02
2.060417e-02	4.116821e-02
2.062500e-02	4.650879e-02
2.064583e-02	5.169678e-02
2.066667e-02	5.670166e-02
2.068750e-02	6.149292e-02
2.070833e-02	6.613159e-02
2.072917e-02	7.052612e-02
2.075000e-02	7.467651e-02
2.077083e-02	7.858276e-02
2.079167e-02	8.224487e-02
2.081250e-02	8.563232e-02
2.083333e-02	8.871460e-02
2.085417e-02	9.152222e-02
2.087500e-02	9.402466e-02
2.089583e-02	9.622192e-02
2.091667e-02	9.808350e-02
2.093750e-02	9.960938e-02
2.095833e-02	1.008301e-01
2.097917e-02	1.017151e-01
2.100000e-02	1.022644e-01
2.102083e-02	1.024475e-01
2.104167e-02	1.046753e-01
2.106250e-02	1.065369e-01
2.108333e-02	1.080627e-01
2.110417e-02	1.092224e-01
2.112500e-02	1.100159e-01
2.114583e-02	1.104431e-01
2.116667e-02	1.105347e-01
2.118750e-02	1.102295e-01
2.120833e-02	1.095581e-01
2.122917e-02	1.085205e-01
2.125000e-02	1.071472e-01
2.127083e-02	1.054077e-01
2.129167e-02	1.033020e-01
2.131250e-02	1.008606e-01
2.133333e-02	9.811401e-02
2.135417e-02	9.500122e-02
2.137500e-02	9.158325e-02
2.139583e-02	8.789062e-02
2.141667e-02	8.389282e-02
2.143750e-02	7.958984e-02
2.145833e-02	7.504272e-02
2.147917e-02	7.025146e-02
2.150000e-02	6.521606e-02
2.152083e-02	5.996704e-02
2.154167e-02	5.453491e-02
2.156250e-02	4.888916e-02
2.158333e-02	4.312134e-02
2.160417e-02	3.717041e-02
2.162500e-02	3.112793e-02
2.164583e-02	2.496338e-02
2.166667e-02	1.873779e-02
2.168750e-02	1.242065e-02
2.170833e-02	6.072998e-03
2.172917e-02	-2.746582e-04
2.175000e-02	-6.652832e-03
2.177083e-02	-1.300049e-02
2.179167e-02	-1.928711e-02
2.181250e-02	-2.551270e-02
2.183333e-02	-3.167725e-02
2.185417e-02	-3.771973e-02
2.187500e-02	-4.364014e-02
2.189583e-02	-4.940796e-02
2.191667e-02	-5.502319e-02
2.193750e-02	-6.045532e-02
2.195833e-02	-6.570435e-02
2.197917e-02	-7.070923e-02
2.200000e-02	-7.546997e-02
2.202083e-02	-8.001709e-02
2.204167e-02	-8.425903e-02
2.206250e-02	-8.825684e-02
2.208333e-02	-9.191895e-02
2.210417e-02	-9.530640e-02
2.212500e-02	-9.838867e-02
2.214583e-02	-1.011353e-01
2.216667e-02	-1.035461e-01
2.218750e-02	-1.055908e-01
2.220833e-02	-1.072998e-01
2.222917e-02	-1.086731e-01
2.225000e-02	-1.096802e-01
2.227083e-02	-1.102905e-01
2.229167e-02	-1.105652e-01
2.231250e-02	-1.104736e-01
2.233333e-02	-1.100159e-01
2.235417e-02	-1.091614e-01
2.237500e-02	-1.079712e-01
2.239583e-02	-1.064453e-01
2.241667e-02	-1.045227e-01
2.243750e-02	-1.022949e-01
2.245833e-02	-9.970093e-02
2.247917e-02	-9.677124e-02
2.250000e-02	-9.353638e-02
2.252083e-02	-8.996582e-02
2.254167e-02	-8.612061e-02
2.256250e-02	-8.200073e-02
2.258333e-02	-7.760620e-02
2.260417e-02	-7.293701e-02
2.262500e-02	-6.802368e-02
2.264583e-02	-6.289673e-02
2.266667e-02	-5.755615e-02
2.268750e-02	-5.203247e-02
2.270833e-02	-4.632568e-02
2.272917e-02	-4.046631e-02
2.275000e-02	-3.448486e-02
2.277083e-02	-2.838135e-02
2.279167e-02	-2.218628e-02
2.281250e-02	-1.589966e-02
2.283333e-02	-9.582520e-03
2.285417e-02	-3.204346e-03
2.287500e-02	3.143311e-03
2.289583e-02	9.490967e-03
2.291667e-02	1.583862e-02
2.293750e-02	2.209473e-02
2.295833e-02	2.828979e-02
2.297917e-02	3.439331e-02
2.300000e-02	4.040527e-02
2.302083e-02	4.626465e-02
2.304167e-02	5.197144e-02
2.306250e-02	5.749512e-02
2.308333e-02	6.283569e-02
2.310417e-02	6.796265e-02
2.312500e-02	7.287598e-02
2.314583e-02	7.754517e-02
2.316667e-02	8.193970e-02
2.318750e-02	8.609009e-02
2.320833e-02	8.993530e-02
2.322917e-02	9.347534e-02
2.325000e-02	9.671021e-02
2.327083e-02	9.963989e-02
2.329167e-02	1.022339e-01
2.331250e-02	1.044922e-01
2.333333e-02	1.063843e-01
2.335417e-02	1.079407e-01
2.337500e-02	1.091309e-01
2.339583e-02	1.099548e-01
2.341667e-02	1.104431e-01
2.343750e-02	1.105347e-01
2.345833e-02	1.102600e-01
2.347917e-02	1.096497e-01
2.350000e-02	1.086426e-01
2.352083e-02	1.072998e-01
2.354167e-02	1.055908e-01
2.356250e-02	1.035156e-01
2.358333e-02	1.011047e-01
2.360417e-02	9.835815e-02
2.362500e-02	9.530640e-02
2.364583e-02	9.191895e-02
2.366667e-02	8.822632e-02
2.368750e-02	8.425903e-02
2.370833e-02	7.998657e-02
2.372917e-02	7.546997e-02
2.375000e-02	7.067871e-02
2.377083e-02	6.567383e-02
2.379167e-02	6.045532e-02
2.381250e-02	5.502319e-02
2.383333e-02	4.940796e-02
2.385417e-02	4.364014e-02
2.387500e-02	3.771973e-02
2.389583e-02	3.167725e-02
2.391667e-02	2.554321e-02
2.393750e-02	1.928711e-02
2.395833e-02	1.300049e-02
2.397917e-02	6.652832e-03
2.400000e-02	3.051758e-04
2.402083e-02	-6.072998e-03
2.404167e-02	-1.242065e-02
2.406250e-02	-1.873779e-02
2.408333e-02	-2.496338e-02
2.410417e-02	-3.112793e-02
2.412500e-02	-3.717041e-02
2.414583e-02	-4.312134e-02
2.416667e-02	-4.888916e-02
2.418750e-02	-5.453491e-02
2.420833e-02	-5.996704e-02
2.422917e-02	-6.521606e-02
2.425000e-02	-7.025146e-02
2.427083e-02	-7.504272e-02
2.429167e-02	-7.958984e-02
2.431250e-02	-8.389282e-02
2.433333e-02	-8.789062e-02
2.435417e-02	-9.161377e-02
2.437500e-02	-9.503174e-02
2.439583e-02	-9.811401e-02
2.441667e-02	-1.008911e-01
2.443750e-02	-1.033325e-01
2.445833e-02	-1.054382e-01
2.447917e-02	-1.071777e-01
2.450000e-02	-1.085510e-01
2.452083e-02	-1.095886e-01
2.454167e-02	-1.102600e-01
2.456250e-02	-1.105652e-01
2.458333e-02	-1.105042e-01
2.460417e-02	-1.100769e-01
2.462500e-02	-1.092529e-01
2.464583e-02	-1.080933e-01
2.466667e-02	-1.065979e-01
2.468750e-02	-1.047058e-01
2.470833e-02	-1.025085e-01
2.472917e-02	-9.994507e-02
2.475000e-02	-9.704590e-02
2.477083e-02	-9.384155e-02
2.479167e-02	-9.030151e-02
2.481250e-02	-8.648682e-02
2.483333e-02	-8.239746e-02
2.485417e-02	-7.800293e-02
2.487500e-02	-7.336426e-02
2.489583e-02	-6.848145e-02
2.491667e-02	-6.335449e-02
2.493750e-02	-5.804443e-02
2.495833e-02	-5.252075e-02
2.497917e-02	-4.684448e-02
2.500000e-02	-4.101562e-02
2.502083e-02	-3.503418e-02
2.504167e-02	-2.893066e-02
2.506250e-02	-2.273560e-02
2.508333e-02	-1.647949e-02
2.510417e-02	-1.016235e-02
2.512500e-02	-3.814697e-03
2.514583e-02	2.563477e-03
2.516667e-02	8.911133e-03
2.518750e-02	1.525879e-02
2.520833e-02	2.154541e-02
2.522917e-02	2.774048e-02
2.525000e-02	3.384399e-02
2.527083e-02	3.985596e-02
2.529167e-02	4.571533e-02
2.531250e-02	5.145264e-02
2.533333e-02	5.697632e-02
2.535417e-02	6.234741e-02
2.537500e-02	6.750488e-02
2.539583e-02	7.241821e-02
2.541667e-02	7.711792e-02
2.543750e-02	8.154297e-02
2.545833e-02	8.572388e-02
2.547917e-02	8.959961e-02
2.550000e-02	9.317017e-02
2.552083e-02	9.643555e-02
2.554167e-02	9.939575e-02
2.556250e-02	1.020203e-01
2.558333e-02	1.042786e-01
2.560417e-02	1.062317e-01
2.562500e-02	1.078186e-01
2.564583e-02	1.090393e-01
2.566667e-02	1.098938e-01
2.568750e-02	1.104126e-01
2.570833e-02	1.105347e-01
2.572917e-02	1.103210e-01
2.575000e-02	1.097107e-01
2.577083e-02	1.087341e-01
2.579167e-02	1.074219e-01
2.581250e-02	1.057434e-01
2.583333e-02	1.037292e-01
2.585417e-02	1.013489e-01
2.587500e-02	9.863281e-02
2.589583e-02	9.561157e-02
2.591667e-02	9.225464e-02
2.593750e-02	8.859253e-02
2.595833e-02	8.462524e-02
2.597917e-02	8.038330e-02
2.600000e-02	7.589722e-02
2.602083e-02	7.113647e-02
2.604167e-02	6.616211e-02
2.606250e-02	6.094360e-02
2.608333e-02	5.554199e-02
2.610417e-02	4.992676e-02
2.612500e-02	4.418945e-02
2.614583e-02	3.826904e-02
2.616667e-02	3.222656e-02
2.618750e-02	2.609253e-02
2.620833e-02	1.986694e-02
2.622917e-02	1.358032e-02
2.625000e-02	7.232666e-03
2.627083e-02	8.544922e-04
2.629167e-02	-5.493164e-03
2.631250e-02	-1.184082e-02
2.633333e-02	-1.815796e-02
2.635417e-02	-2.438354e-02
2.637500e-02	-3.057861e-02
2.639583e-02	-3.662109e-02
2.641667e-02	-4.257202e-02
2.643750e-02	-4.837036e-02
2.645833e-02	-5.401611e-02
2.647917e-02	-5.947876e-02
2.650000e-02	-6.475830e-02
2.652083e-02	-6.979370e-02
2.654167e-02	-7.461548e-02
2.656250e-02	-7.919312e-02
2.658333e-02	-8.349609e-02
2.660417e-02	-8.755493e-02
2.662500e-02	-9.127808e-02
2.664583e-02	-9.472656e-02
2.666667e-02	-9.783936e-02
2.668750e-02	-1.006470e-01
2.670833e-02	-1.031189e-01
2.672917e-02	-1.052551e-01
2.675000e-02	-1.070251e-01
2.677083e-02	-1.084595e-01
2.679167e-02	-1.095276e-01
2.681250e-02	-1.101990e-01
2.683333e-02	-1.105347e-01
2.685417e-02	-1.105042e-01
2.687500e-02	-1.101074e-01
2.689583e-02	-1.093445e-01
2.691667e-02	-1.082153e-01
2.693750e-02	-1.067505e-01
2.695833e-02	-1.048889e-01
2.697917e-02	-1.027222e-01
2.700000e-02	-1.001892e-01
2.702083e-02	-9.732056e-02
2.704167e-02	-9.414673e-02
2.706250e-02	-9.063721e-02
2.708333e-02	-8.685303e-02
2.710417e-02	-8.276367e-02
2.712500e-02	-7.839966e-02
2.714583e-02	-7.379150e-02
2.716667e-02	-6.893921e-02
2.718750e-02	-6.384277e-02
2.720833e-02	-5.853271e-02
2.722917e-02	-5.303955e-02
2.725000e-02	-4.736328e-02
2.727083e-02	-4.153442e-02
2.729167e-02	-3.558350e-02
2.731250e-02	-2.947998e-02
2.733333e-02	-2.331543e-02
2.735417e-02	-1.705933e-02
2.737500e-02	-1.074219e-02
2.739583e-02	-4.364014e-03
2.741667e-02	1.983643e-03
2.743750e-02	8.361816e-03
2.745833e-02	1.467896e-02
2.747917e-02	2.096558e-02
2.750000e-02	2.719116e-02
2.752083e-02	3.329468e-02
2.754167e-02	3.930664e-02
2.756250e-02	4.519653e-02
2.758333e-02	5.093384e-02
2.760417e-02	5.648804e-02
2.762500e-02	6.185913e-02
2.764583e-02	6.704712e-02
2.766667e-02	7.199097e-02
2.768750e-02	7.669067e-02
2.770833e-02	8.114624e-02
2.772917e-02	8.535767e-02
2.775000e-02	8.923340e-02
2.777083e-02	9.286499e-02
2.779167e-02	9.616089e-02
2.781250e-02	9.912109e-02
2.783333e-02	1.017761e-01
2.785417e-02	1.040955e-01
2.787500e-02	1.060791e-01
2.789583e-02	1.076965e-01
2.791667e-02	1.089478e-01
2.793750e-02	1.098328e-01
2.795833e-02	1.103821e-01
2.797917e-02	1.105347e-01
2.800000e-02	1.103516e-01
2.802083e-02	1.097717e-01
2.804167e-02	1.088562e-01
2.806250e-02	1.075745e-01
2.808333e-02	1.059265e-01
2.810417e-02	1.039124e-01
2.812500e-02	1.015625e-01
2.814583e-02	9.890747e-02
2.816667e-02	9.588623e-02
2.818750e-02	9.255981e-02
2.820833e-02	8.892822e-02
2.822917e-02	8.499146e-02
2.825000e-02	8.078003e-02
2.827083e-02	7.632446e-02
2.829167e-02	7.159424e-02
2.831250e-02	6.661987e-02
2.833333e-02	6.143188e-02
2.835417e-02	5.603027e-02
2.837500e-02	5.044556e-02
2.839583e-02	4.470825e-02
2.841667e-02	3.881836e-02
2.843750e-02	3.277588e-02
2.845833e-02	2.664185e-02
2.847917e-02	2.044678e-02
2.850000e-02	1.412964e-02
2.852083e-02	7.812500e-03
2.854167e-02	1.434326e-03
2.856250e-02	-4.913330e-03
2.858333e-02	-1.126099e-02
2.860417e-02	-1.757812e-02
2.862500e-02	-2.383423e-02
2.864583e-02	-2.999878e-02
2.866667e-02	-3.607178e-02
2.868750e-02	-4.205322e-02
2.870833e-02	-4.785156e-02
2.872917e-02	-5.352783e-02
2.875000e-02	-5.899048e-02
2.877083e-02	-6.427002e-02
2.879167e-02	-6.936646e-02
2.881250e-02	-7.418823e-02
2.883333e-02	-7.879639e-02
2.885417e-02	-8.312988e-02
2.887500e-02	-8.718872e-02
2.889583e-02	-9.094238e-02
2.891667e-02	-9.442139e-02
2.893750e-02	-9.759521e-02
2.895833e-02	-1.004028e-01
2.897917e-02	-1.029053e-01
2.900000e-02	-1.050720e-01
2.902083e-02	-1.068726e-01
2.904167e-02	-1.083374e-01
2.906250e-02	-1.094360e-01
2.908333e-02	-1.101685e-01
2.910417e-02	-1.105347e-01
2.912500e-02	-1.105347e-01
2.914583e-02	-1.101685e-01
2.916667e-02	-1.094360e-01
2.918750e-02	-1.083374e-01
2.920833e-02	-1.069031e-01
2.922917e-02	-1.050720e-01
2.925000e-02	-1.029358e-01
2.927083e-02	-1.004333e-01
2.929167e-02	-9.759521e-02
2.931250e-02	-9.445190e-02
2.933333e-02	-9.097290e-02
2.935417e-02	-8.721924e-02
2.937500e-02	-8.316040e-02
2.939583e-02	-7.882690e-02
2.941667e-02	-7.421875e-02
2.943750e-02	-6.939697e-02
2.945833e-02	-6.430054e-02
2.947917e-02	-5.902100e-02
2.950000e-02	-5.355835e-02
2.952083e-02	-4.788208e-02
2.954167e-02	-4.208374e-02
2.956250e-02	-3.613281e-02
2.958333e-02	-3.005981e-02
2.960417e-02	-2.386475e-02
2.962500e-02	-1.760864e-02
2.964583e-02	-1.129150e-02
2.966667e-02	-4.943848e-03
2.968750e-02	1.403809e-03
2.970833e-02	7.781982e-03
2.972917e-02	1.409912e-02
2.975000e-02	2.038574e-02
2.977083e-02	2.661133e-02
2.979167e-02	3.274536e-02
2.981250e-02	3.878784e-02
2.983333e-02	4.467773e-02
2.985417e-02	5.041504e-02
2.987500e-02	5.599976e-02
2.989583e-02	6.140137e-02
2.991667e-02	6.658936e-02
2.993750e-02	7.156372e-02
2.995833e-02	7.629395e-02
2.997917e-02	8.074951e-02
3.000000e-02	8.496094e-02
3.002083e-02	8.889771e-02
3.004167e-02	9.252930e-02
3.006250e-02	9.585571e-02
3.008333e-02	9.887695e-02
3.010417e-02	1.015625e-01
3.012500e-02	1.039124e-01
3.014583e-02	1.058960e-01
3.016667e-02	1.075439e-01
3.018750e-02	1.088562e-01
3.020833e-02	1.097717e-01
3.022917e-02	1.103516e-01
3.025000e-02	1.105347e-01
3.027083e-02	1.103821e-01
3.029167e-02	1.098328e-01
3.031250e-02	1.089478e-01
3.033333e-02	1.076965e-01
3.035417e-02	1.060791e-01
3.037500e-02	1.041260e-01
3.039583e-02	1.018066e-01
3.041667e-02	9.915161e-02
3.043750e-02	9.616089e-02
3.045833e-02	9.286499e-02
3.047917e-02	8.926392e-02
3.050000e-02	8.535767e-02
3.052083e-02	8.117676e-02
3.054167e-02	7.672119e-02
3.056250e-02	7.202148e-02
3.058333e-02	6.707764e-02
3.060417e-02	6.188965e-02
3.062500e-02	5.651855e-02
3.064583e-02	5.096436e-02
3.066667e-02	4.522705e-02
3.068750e-02	3.933716e-02
3.070833e-02	3.332520e-02
3.072917e-02	2.722168e-02
3.075000e-02	2.099609e-02
3.077083e-02	1.470947e-02
3.079167e-02	8.392334e-03
3.081250e-02	2.014160e-03
3.083333e-02	-4.333496e-03
3.085417e-02	-1.068115e-02
3.087500e-02	-1.699829e-02
3.089583e-02	-2.328491e-02
3.091667e-02	-2.944946e-02
3.093750e-02	-3.555298e-02
3.095833e-02	-4.150391e-02
3.097917e-02	-4.733276e-02
3.100000e-02	-5.300903e-02
3.102083e-02	-5.850220e-02
3.104167e-02	-6.381226e-02
3.106250e-02	-6.890869e-02
3.108333e-02	-7.376099e-02
3.110417e-02	-7.839966e-02
3.112500e-02	-8.273315e-02
3.114583e-02	-8.682251e-02
3.116667e-02	-9.063721e-02
3.118750e-02	-9.411621e-02
3.120833e-02	-9.732056e-02
3.122917e-02	-1.001587e-01
3.125000e-02	-1.026917e-01
3.127083e-02	-1.048889e-01
3.129167e-02	-1.067200e-01
3.131250e-02	-1.082153e-01
3.133333e-02	-1.093445e-01
3.135417e-02	-1.101074e-01
3.137500e-02	-1.105042e-01
3.139583e-02	-1.105347e-01
3.141667e-02	-1.102295e-01
3.143750e-02	-1.095276e-01
3.145833e-02	-1.084595e-01
3.147917e-02	-1.070251e-01
3.150000e-02	-1.052551e-01
3.152083e-02	-1.031494e-01
3.154167e-02	-1.006775e-01
3.156250e-02	-9.786987e-02
3.158333e-02	-9.475708e-02
3.160417e-02	-9.130859e-02
3.162500e-02	-8.755493e-02
3.164583e-02	-8.352661e-02
3.166667e-02	-7.922363e-02
3.168750e-02	-7.464600e-02
3.170833e-02	-6.982422e-02
3.172917e-02	-6.478882e-02
3.175000e-02	-5.950928e-02
3.177083e-02	-5.404663e-02
3.179167e-02	-4.840088e-02
3.181250e-02	-4.260254e-02
3.183333e-02	-3.668213e-02
3.185417e-02	-3.060913e-02
3.187500e-02	-2.444458e-02
3.189583e-02	-1.818848e-02
3.191667e-02	-1.187134e-02
3.193750e-02	-5.523682e-03
3.195833e-02	8.239746e-04
3.197917e-02	7.202148e-03
3.200000e-02	1.354980e-02
3.202083e-02	1.983643e-02
3.204167e-02	2.606201e-02
3.206250e-02	3.219604e-02
3.208333e-02	3.823853e-02
3.210417e-02	4.412842e-02
3.212500e-02	4.989624e-02
3.214583e-02	5.551147e-02
3.216667e-02	6.091309e-02
3.218750e-02	6.613159e-02
3.220833e-02	7.110596e-02
3.222917e-02	7.586670e-02
3.225000e-02	8.035278e-02
3.227083e-02	8.459473e-02
3.229167e-02	8.856201e-02
3.231250e-02	9.222412e-02
3.233333e-02	9.558105e-02
3.235417e-02	9.860229e-02
3.237500e-02	1.013184e-01
3.239583e-02	1.036987e-01
3.241667e-02	1.057434e-01
3.243750e-02	1.074219e-01
3.245833e-02	1.087341e-01
3.247917e-02	1.097107e-01
3.250000e-02	1.103210e-01
3.252083e-02	1.105347e-01
3.254167e-02	1.104126e-01
3.256250e-02	1.099243e-01
3.258333e-02	1.090393e-01
3.260417e-02	1.078186e-01
3.262500e-02	1.062317e-01
3.264583e-02	1.043091e-01
3.266667e-02	1.020203e-01
3.268750e-02	9.939575e-02
3.270833e-02	9.646606e-02
3.272917e-02	9.320068e-02
3.275000e-02	8.959961e-02
3.277083e-02	8.572388e-02
3.279167e-02	8.157349e-02
3.281250e-02	7.714844e-02
3.283333e-02	7.244873e-02
3.285417e-02	6.753540e-02
3.287500e-02	6.237793e-02
3.289583e-02	5.703735e-02
3.291667e-02	5.148315e-02
3.293750e-02	4.574585e-02
3.295833e-02	3.988647e-02
3.297917e-02	3.390503e-02
3.300000e-02	2.777100e-02
3.302083e-02	2.157593e-02
3.304167e-02	1.528931e-02
3.306250e-02	8.972168e-03
3.308333e-02	2.593994e-03
3.310417e-02	-3.753662e-03
3.312500e-02	-1.010132e-02
3.314583e-02	-1.644897e-02
3.316667e-02	-2.270508e-02
3.318750e-02	-2.890015e-02
3.320833e-02	-3.500366e-02
3.322917e-02	-4.098511e-02
3.325000e-02	-4.681396e-02
3.327083e-02	-5.249023e-02
3.329167e-02	-5.801392e-02
3.331250e-02	-6.332397e-02
3.333333e-02	-6.845093e-02
3.335417e-02	-7.333374e-02
3.337500e-02	-7.797241e-02
3.339583e-02	-8.236694e-02
3.341667e-02	-8.648682e-02
3.343750e-02	-9.030151e-02
3.345833e-02	-9.381104e-02
3.347917e-02	-9.704590e-02
3.350000e-02	-9.991455e-02
3.352083e-02	-1.024780e-01
3.354167e-02	-1.047058e-01
3.356250e-02	-1.065674e-01
3.358333e-02	-1.080933e-01
3.360417e-02	-1.092529e-01
3.362500e-02	-1.100464e-01
3.364583e-02	-1.105042e-01
3.366667e-02	-1.105652e-01
3.368750e-02	-1.102600e-01
3.370833e-02	-1.095886e-01
3.372917e-02	-1.085815e-01
3.375000e-02	-1.071777e-01
3.377083e-02	-1.054382e-01
3.379167e-02	-1.033325e-01
3.381250e-02	-1.009216e-01
3.383333e-02	-9.814453e-02
3.385417e-02	-9.503174e-02
3.387500e-02	-9.164429e-02
3.389583e-02	-8.792114e-02
3.391667e-02	-8.392334e-02
3.393750e-02	-7.962036e-02
3.395833e-02	-7.507324e-02
3.397917e-02	-7.028198e-02
3.400000e-02	-6.524658e-02
3.402083e-02	-5.999756e-02
3.404167e-02	-5.456543e-02
3.406250e-02	-4.891968e-02
3.408333e-02	-4.315186e-02
3.410417e-02	-3.720093e-02
3.412500e-02	-3.115845e-02
3.414583e-02	-2.499390e-02
3.416667e-02	-1.876831e-02
3.418750e-02	-1.245117e-02
3.420833e-02	-6.103516e-03
3.422917e-02	2.441406e-04
3.425000e-02	6.622314e-03
3.427083e-02	1.296997e-02
3.429167e-02	1.925659e-02
3.431250e-02	2.548218e-02
3.433333e-02	3.164673e-02
3.435417e-02	3.768921e-02
3.437500e-02	4.360962e-02
3.439583e-02	4.937744e-02
3.441667e-02	5.499268e-02
3.443750e-02	6.042480e-02
3.445833e-02	6.564331e-02
3.447917e-02	7.067871e-02
3.450000e-02	7.543945e-02
3.452083e-02	7.995605e-02
3.454167e-02	8.422852e-02
3.456250e-02	8.822632e-02
3.458333e-02	9.188843e-02
3.460417e-02	9.527588e-02
3.462500e-02	9.835815e-02
3.464583e-02	1.011047e-01
3.466667e-02	1.034851e-01
3.468750e-02	1.055603e-01
3.470833e-02	1.072693e-01
3.472917e-02	1.086426e-01
3.475000e-02	1.096191e-01
3.477083e-02	1.102600e-01
3.479167e-02	1.105347e-01
3.481250e-02	1.104431e-01
3.483333e-02	1.099854e-01
3.485417e-02	1.091309e-01
3.487500e-02	1.079407e-01
3.489583e-02	1.063843e-01
3.491667e-02	1.044922e-01
3.493750e-02	1.022339e-01
3.495833e-02	9.967041e-02
3.497917e-02	9.674072e-02
3.500000e-02	9.350586e-02
3.502083e-02	8.993530e-02
3.504167e-02	8.609009e-02
3.506250e-02	8.197021e-02
3.508333e-02	7.754517e-02
3.510417e-02	7.290649e-02
3.512500e-02	6.799316e-02
3.514583e-02	6.286621e-02
3.516667e-02	5.752563e-02
3.518750e-02	5.200195e-02
3.520833e-02	4.629517e-02
3.522917e-02	4.043579e-02
3.525000e-02	3.445435e-02
3.527083e-02	2.835083e-02
3.529167e-02	2.212524e-02
3.531250e-02	1.586914e-02
3.533333e-02	9.552002e-03
3.535417e-02	3.173828e-03
3.537500e-02	-3.173828e-03
3.539583e-02	-9.552002e-03
3.541667e-02	-1.586914e-02
3.543750e-02	-2.212524e-02
3.545833e-02	-2.832031e-02
3.547917e-02	-3.445435e-02
3.550000e-02	-4.043579e-02
3.552083e-02	-4.629517e-02
3.554167e-02	-5.200195e-02
3.556250e-02	-5.752563e-02
3.558333e-02	-6.286621e-02
3.560417e-02	-6.799316e-02
3.562500e-02	-7.290649e-02
3.564583e-02	-7.757568e-02
3.566667e-02	-8.197021e-02
3.568750e-02	-8.612061e-02
3.570833e-02	-8.996582e-02
3.572917e-02	-9.350586e-02
3.575000e-02	-9.674072e-02
3.577083e-02	-9.967041e-02
3.579167e-02	-1.022644e-01
3.581250e-02	-1.045227e-01
3.583333e-02	-1.064148e-01
3.585417e-02	-1.079712e-01
3.587500e-02	-1.091614e-01
3.589583e-02	-1.099854e-01
3.591667e-02	-1.104736e-01
3.593750e-02	-1.105652e-01
3.595833e-02	-1.102905e-01
3.597917e-02	-1.096802e-01
3.600000e-02	-1.086731e-01
3.602083e-02	-1.073303e-01
3.604167e-02	-1.056213e-01
3.606250e-02	-1.035461e-01
3.608333e-02	-1.011353e-01
3.610417e-02	-9.841919e-02
3.612500e-02	-9.533691e-02
3.614583e-02	-9.194946e-02
3.616667e-02	-8.825684e-02
3.618750e-02	-8.428955e-02
3.620833e-02	-8.001709e-02
3.622917e-02	-7.550049e-02
3.625000e-02	-7.073975e-02
3.627083e-02	-6.573486e-02
3.629167e-02	-6.048584e-02
3.631250e-02	-5.505371e-02
3.633333e-02	-4.943848e-02
3.635417e-02	-4.367065e-02
3.637500e-02	-3.775024e-02
3.639583e-02	-3.170776e-02
3.641667e-02	-2.557373e-02
3.643750e-02	-1.931763e-02
3.645833e-02	-1.303101e-02
3.647917e-02	-6.683350e-03
3.650000e-02	-3.356934e-04
3.652083e-02	6.042480e-03
3.654167e-02	1.239014e-02
3.656250e-02	1.867676e-02
3.658333e-02	2.493286e-02
3.660417e-02	3.109741e-02
3.662500e-02	3.713989e-02
3.664583e-02	4.306030e-02
3.666667e-02	4.885864e-02
3.668750e-02	5.450439e-02
3.670833e-02	5.993652e-02
3.672917e-02	6.518555e-02
3.675000e-02	7.022095e-02
3.677083e-02	7.501221e-02
3.679167e-02	7.955933e-02
3.681250e-02	8.386230e-02
3.683333e-02	8.786011e-02
3.685417e-02	9.158325e-02
3.687500e-02	9.500122e-02
3.689583e-02	9.808350e-02
3.691667e-02	1.008606e-01
3.693750e-02	1.033020e-01
3.695833e-02	1.054077e-01
3.697917e-02	1.071472e-01
3.700000e-02	1.085205e-01
3.702083e-02	1.095581e-01
3.704167e-02	1.102295e-01
3.706250e-02	1.105347e-01
3.708333e-02	1.104736e-01
3.710417e-02	1.100159e-01
3.712500e-02	1.092224e-01
3.714583e-02	1.080627e-01
3.716667e-02	1.065674e-01
3.718750e-02	1.046753e-01
3.720833e-02	1.024780e-01
3.722917e-02	9.991455e-02
3.725000e-02	9.701538e-02
3.727083e-02	9.381104e-02
3.729167e-02	9.027100e-02
3.731250e-02	8.645630e-02
3.733333e-02	8.233643e-02
3.735417e-02	7.797241e-02
3.737500e-02	7.333374e-02
3.739583e-02	6.845093e-02
3.741667e-02	6.332397e-02
3.743750e-02	5.801392e-02
3.745833e-02	5.249023e-02
3.747917e-02	4.681396e-02
3.750000e-02	4.098511e-02
3.752083e-02	3.500366e-02
3.754167e-02	2.890015e-02
3.756250e-02	2.270508e-02
3.758333e-02	1.644897e-02
3.760417e-02	1.013184e-02
3.762500e-02	3.753662e-03
3.764583e-02	-2.593994e-03
3.766667e-02	-8.972168e-03
3.768750e-02	-1.528931e-02
3.770833e-02	-2.157593e-02
3.772917e-02	-2.777100e-02
3.775000e-02	-3.390503e-02
3.777083e-02	-3.988647e-02
3.779167e-02	-4.574585e-02
3.781250e-02	-5.148315e-02
3.783333e-02	-5.703735e-02
3.785417e-02	-6.237793e-02
3.787500e-02	-6.753540e-02
3.789583e-02	-7.247925e-02
3.791667e-02	-7.714844e-02
3.793750e-02	-8.157349e-02
3.795833e-02	-8.575439e-02
3.797917e-02	-8.963013e-02
3.800000e-02	-9.320068e-02
3.802083e-02	-9.646606e-02
3.804167e-02	-9.942627e-02
3.806250e-02	-1.020508e-01
3.808333e-02	-1.043396e-01
3.810417e-02	-1.062622e-01
3.812500e-02	-1.078491e-01
3.814583e-02	-1.090698e-01
3.816667e-02	-1.099243e-01
3.818750e-02	-1.104431e-01
3.820833e-02	-1.105652e-01
3.822917e-02	-1.103516e-01
3.825000e-02	-1.097412e-01
3.827083e-02	-1.087952e-01
3.829167e-02	-1.074524e-01
3.831250e-02	-1.057739e-01
3.833333e-02	-1.037598e-01
3.835417e-02	-1.013794e-01
3.837500e-02	-9.866333e-02
3.839583e-02	-9.564209e-02
3.841667e-02	-9.228516e-02
3.843750e-02	-8.862305e-02
3.845833e-02	-8.465576e-02
3.847917e-02	-8.041382e-02
3.850000e-02	-7.592773e-02
3.852083e-02	-7.116699e-02
3.854167e-02	-6.619263e-02
3.856250e-02	-6.097412e-02
3.858333e-02	-5.557251e-02
3.860417e-02	-4.995728e-02
3.862500e-02	-4.421997e-02
3.864583e-02	-3.829956e-02
3.866667e-02	-3.225708e-02
3.868750e-02	-2.612305e-02
3.870833e-02	-1.989746e-02
3.872917e-02	-1.361084e-02
3.875000e-02	-7.263184e-03
3.877083e-02	-9.155273e-04
3.879167e-02	5.462646e-03
3.881250e-02	1.181030e-02
3.883333e-02	1.812744e-02
3.885417e-02	2.435303e-02
3.887500e-02	3.051758e-02
3.889583e-02	3.659058e-02
3.891667e-02	4.254150e-02
3.893750e-02	4.833984e-02
3.895833e-02	5.398560e-02
3.897917e-02	5.944824e-02
3.900000e-02	6.472778e-02
3.902083e-02	6.976318e-02
3.904167e-02	7.458496e-02
3.906250e-02	7.916260e-02
3.908333e-02	8.346558e-02
3.910417e-02	8.752441e-02
3.912500e-02	9.124756e-02
3.914583e-02	9.469604e-02
3.916667e-02	9.780884e-02
3.918750e-02	1.006165e-01
3.920833e-02	1.030884e-01
3.922917e-02	1.052246e-01
3.925000e-02	1.069946e-01
3.927083e-02	1.084290e-01
3.929167e-02	1.094666e-01
3.931250e-02	1.101685e-01
3.933333e-02	1.105042e-01
3.935417e-02	1.104736e-01
3.937500e-02	1.100769e-01
3.939583e-02	1.093140e-01
3.941667e-02	1.081848e-01
3.943750e-02	1.067200e-01
3.945833e-02	1.048584e-01
3.947917e-02	1.026917e-01
3.950000e-02	1.001587e-01
3.952083e-02	9.729004e-02
3.954167e-02	9.411621e-02
3.956250e-02	9.060669e-02
3.958333e-02	8.682251e-02
3.960417e-02	8.273315e-02
3.962500e-02	7.836914e-02
3.964583e-02	7.376099e-02
3.966667e-02	6.890869e-02
3.968750e-02	6.381226e-02
3.970833e-02	5.850220e-02
3.972917e-02	5.300903e-02
3.975000e-02	4.733276e-02
3.977083e-02	4.150391e-02
3.979167e-02	3.555298e-02
3.981250e-02	2.944946e-02
3.983333e-02	2.328491e-02
3.985417e-02	1.699829e-02
3.987500e-02	1.068115e-02
3.989583e-02	4.333496e-03
3.991667e-02	-2.014160e-03
3.993750e-02	-8.392334e-03
3.995833e-02	-1.470947e-02
3.997917e-02	-2.099609e-02
4.000000e-02	-2.722168e-02
4.002083e-02	-3.332520e-02
4.004167e-02	-3.933716e-02
4.006250e-02	-4.522705e-02
4.008333e-02	-5.096436e-02
4.010417e-02	-5.651855e-02
4.012500e-02	-6.192017e-02
4.014583e-02	-6.707764e-02
4.016667e-02	-7.202148e-02
4.018750e-02	-7.672119e-02
4.020833e-02	-8.117676e-02
4.022917e-02	-8.538818e-02
4.025000e-02	-8.929443e-02
4.027083e-02	-9.289551e-02
4.029167e-02	-9.619141e-02
4.031250e-02	-9.918213e-02
4.033333e-02	-1.018066e-01
4.035417e-02	-1.041260e-01
4.037500e-02	-1.061096e-01
4.039583e-02	-1.077271e-01
4.041667e-02	-1.089783e-01
4.043750e-02	-1.098633e-01
4.045833e-02	-1.104126e-01
4.047917e-02	-1.105652e-01
4.050000e-02	-1.103821e-01
4.052083e-02	-1.098022e-01
4.054167e-02	-1.088867e-01
4.056250e-02	-1.076050e-01
4.058333e-02	-1.059570e-01
4.060417e-02	-1.039429e-01
4.062500e-02	-1.015930e-01
4.064583e-02	-9.893799e-02
4.066667e-02	-9.591675e-02
4.068750e-02	-9.259033e-02
4.070833e-02	-8.895874e-02
4.072917e-02	-8.502197e-02
4.075000e-02	-8.081055e-02
4.077083e-02	-7.635498e-02
4.079167e-02	-7.162476e-02
4.081250e-02	-6.665039e-02
4.083333e-02	-6.146240e-02
4.085417e-02	-5.606079e-02
4.087500e-02	-5.047607e-02
4.089583e-02	-4.473877e-02
4.091667e-02	-3.884888e-02
4.093750e-02	-3.283691e-02
4.095833e-02	-2.670288e-02
4.097917e-02	-2.047729e-02
4.100000e-02	-1.419067e-02
4.102083e-02	-7.843018e-03
4.104167e-02	-1.495361e-03
4.106250e-02	4.882812e-03
4.108333e-02	1.123047e-02
4.110417e-02	1.754761e-02
4.112500e-02	2.380371e-02
4.114583e-02	2.996826e-02
4.116667e-02	3.604126e-02
4.118750e-02	4.199219e-02
4.120833e-02	4.782104e-02
4.122917e-02	5.349731e-02
4.125000e-02	5.895996e-02
4.127083e-02	6.423950e-02
4.129167e-02	6.930542e-02
4.131250e-02	7.415771e-02
4.133333e-02	7.876587e-02
4.135417e-02	8.309937e-02
4.137500e-02	8.715820e-02
4.139583e-02	9.091187e-02
4.141667e-02	9.439087e-02
4.143750e-02	9.753418e-02
4.145833e-02	1.003723e-01
4.147917e-02	1.028748e-01
4.150000e-02	1.050415e-01
4.152083e-02	1.068420e-01
4.154167e-02	1.083069e-01
4.156250e-02	1.094055e-01
4.158333e-02	1.101379e-01
4.160417e-02	1.105042e-01
4.162500e-02	1.105042e-01
4.164583e-02	1.101379e-01
4.166667e-02	1.094055e-01
4.168750e-02	1.083069e-01
4.170833e-02	1.068420e-01
4.172917e-02	1.050415e-01
4.175000e-02	1.029053e-01
4.177083e-02	1.004028e-01
4.179167e-02	9.756470e-02
4.181250e-02	9.442139e-02
4.183333e-02	9.094238e-02
4.185417e-02	8.718872e-02
4.187500e-02	8.312988e-02
4.189583e-02	7.879639e-02
4.191667e-02	7.595825e-02
4.193750e-02	7.287598e-02
4.195833e-02	6.954956e-02
4.197917e-02	6.600952e-02
4.200000e-02	6.225586e-02
4.202083e-02	5.825806e-02
4.204167e-02	5.410767e-02
4.206250e-02	5.068970e-02
4.208333e-02	4.711914e-02
4.210417e-02	4.339600e-02
4.212500e-02	3.952026e-02
4.214583e-02	3.552246e-02
4.216667e-02	3.140259e-02
4.218750e-02	2.716064e-02
4.220833e-02	2.285767e-02
4.222917e-02	1.846313e-02
4.225000e-02	1.400757e-02
4.227083e-02	9.521484e-03
4.229167e-02	4.974365e-03
4.231250e-02	4.272461e-04
4.233333e-02	-4.119873e-03
4.235417e-02	-8.666992e-03
4.237500e-02	-1.315308e-02
4.239583e-02	-1.763916e-02
4.241667e-02	-2.203369e-02
4.243750e-02	-2.636719e-02
4.245833e-02	-3.060913e-02
4.247917e-02	-3.475952e-02
4.250000e-02	-3.878784e-02
4.252083e-02	-4.269409e-02
4.254167e-02	-4.644775e-02
4.256250e-02	-5.004883e-02
4.258333e-02	-5.349731e-02
4.260417e-02	-5.673218e-02
4.262500e-02	-5.981445e-02
4.264583e-02	-6.268311e-02
4.266667e-02	-6.536865e-02
4.268750e-02	-6.781006e-02
4.270833e-02	-7.003784e-02
4.272917e-02	-7.202148e-02
4.275000e-02	-7.379150e-02
4.277083e-02	-7.528687e-02
4.279167e-02	-7.653809e-02
4.281250e-02	-7.754517e-02
4.283333e-02	-7.830811e-02
4.285417e-02	-7.879639e-02
4.287500e-02	-7.901001e-02
4.289583e-02	-7.897949e-02
4.291667e-02	-7.870483e-02
4.293750e-02	-7.812500e-02
4.295833e-02	-7.733154e-02
4.297917e-02	-7.623291e-02
4.300000e-02	-7.492065e-02
4.302083e-02	-7.336426e-02
4.304167e-02	-7.153320e-02
4.306250e-02	-6.948853e-02
4.308333e-02	-6.719971e-02
4.310417e-02	-6.469727e-02
4.312500e-02	-6.198120e-02
4.314583e-02	-5.905151e-02
4.316667e-02	-5.590820e-02
4.318750e-02	-5.261230e-02
4.320833e-02	-4.913330e-02
4.322917e-02	-4.547119e-02
4.325000e-02	-4.168701e-02
4.327083e-02	-3.775024e-02
4.329167e-02	-3.369141e-02
4.331250e-02	-2.951050e-02
4.333333e-02	-2.526855e-02
4.335417e-02	-2.090454e-02
4.337500e-02	-1.647949e-02
4.339583e-02	-1.199341e-02
4.341667e-02	-7.476807e-03
4.343750e-02	-2.960205e-03
4.345833e-02	1.617432e-03
4.347917e-02	6.134033e-03
4.350000e-02	1.068115e-02
4.352083e-02	1.516724e-02
4.354167e-02	1.959229e-02
4.356250e-02	2.398682e-02
4.358333e-02	2.825928e-02
4.360417e-02	3.247070e-02
4.362500e-02	3.656006e-02
4.364583e-02	4.052734e-02
4.366667e-02	4.437256e-02
4.368750e-02	4.806519e-02
4.370833e-02	5.160522e-02
4.372917e-02	5.496216e-02
4.375000e-02	5.813599e-02
4.377083e-02	6.109619e-02
4.379167e-02	6.390381e-02
4.381250e-02	6.646729e-02
4.383333e-02	6.881714e-02
4.385417e-02	7.092285e-02
4.387500e-02	7.281494e-02
4.389583e-02	7.446289e-02
4.391667e-02	7.586670e-02
4.393750e-02	7.699585e-02
4.395833e-02	7.788086e-02
4.397917e-02	7.852173e-02
4.400000e-02	7.888794e-02
4.402083e-02	7.901001e-02
4.404167e-02	7.885742e-02
4.406250e-02	7.843018e-02
4.408333e-02	7.775879e-02
4.410417e-02	7.684326e-02
4.412500e-02	7.565308e-02
4.414583e-02	7.421875e-02
4.416667e-02	7.250977e-02
4.418750e-02	7.058716e-02
4.420833e-02	6.842041e-02
4.422917e-02	6.604004e-02
4.425000e-02	6.344604e-02
4.427083e-02	6.063843e-02
4.429167e-02	5.761719e-02
4.431250e-02	5.441284e-02
4.433333e-02	5.102539e-02
4.435417e-02	4.745483e-02
4.437500e-02	4.373169e-02
4.439583e-02	3.988647e-02
4.441667e-02	3.588867e-02
4.443750e-02	3.176880e-02
4.445833e-02	2.755737e-02
4.447917e-02	2.325439e-02
4.450000e-02	1.885986e-02
4.452083e-02	1.440430e-02
4.454167e-02	9.918213e-03
4.456250e-02	5.401611e-03
4.458333e-02	8.544922e-04
4.460417e-02	-3.692627e-03
4.462500e-02	-8.239746e-03
4.464583e-02	-1.275635e-02
4.466667e-02	-1.721191e-02
4.468750e-02	-2.163696e-02
4.470833e-02	-2.597046e-02
4.472917e-02	-3.024292e-02
4.475000e-02	-3.439331e-02
4.477083e-02	-3.842163e-02
4.479167e-02	-4.232788e-02
4.481250e-02	-4.611206e-02
4.483333e-02	-4.971313e-02
4.485417e-02	-5.319214e-02
4.487500e-02	-5.645752e-02
4.489583e-02	-5.953979e-02
4.491667e-02	-6.243896e-02
4.493750e-02	-6.512451e-02
4.495833e-02	-6.759644e-02
4.497917e-02	-6.982422e-02
4.500000e-02	-7.186890e-02
4.502083e-02	-7.363892e-02
4.504167e-02	-7.516479e-02
4.506250e-02	-7.644653e-02
4.508333e-02	-7.748413e-02
4.510417e-02	-7.824707e-02
4.512500e-02	-7.876587e-02
4.514583e-02	-7.901001e-02
4.516667e-02	-7.901001e-02
4.518750e-02	-7.873535e-02
4.520833e-02	-7.818604e-02
4.522917e-02	-7.739258e-02
4.525000e-02	-7.635498e-02
4.527083e-02	-7.504272e-02
4.529167e-02	-7.351685e-02
4.531250e-02	-7.171631e-02
4.533333e-02	-6.967163e-02
4.535417e-02	-6.741333e-02
4.537500e-02	-6.494141e-02
4.539583e-02	-6.222534e-02
4.541667e-02	-5.932617e-02
4.543750e-02	-5.621338e-02
4.545833e-02	-5.291748e-02
4.547917e-02	-4.946899e-02
4.550000e-02	-4.583740e-02
4.552083e-02	-4.205322e-02
4.554167e-02	-3.811646e-02
4.556250e-02	-3.405762e-02
4.558333e-02	-2.990723e-02
4.560417e-02	-2.563477e-02
4.562500e-02	-2.130127e-02
4.564583e-02	-1.687622e-02
4.566667e-02	-1.242065e-02
4.568750e-02	-7.904053e-03
4.570833e-02	-3.356934e-03
4.572917e-02	1.190186e-03
4.575000e-02	5.737305e-03
4.577083e-02	1.025391e-02
4.579167e-02	1.477051e-02
4.581250e-02	1.919556e-02
4.583333e-02	2.359009e-02
4.585417e-02	2.789307e-02
4.587500e-02	3.210449e-02
4.589583e-02	3.619385e-02
4.591667e-02	4.019165e-02
4.593750e-02	4.403687e-02
4.595833e-02	4.772949e-02
4.597917e-02	5.126953e-02
4.600000e-02	5.465698e-02
4.602083e-02	5.786133e-02
4.604167e-02	6.085205e-02
4.606250e-02	6.365967e-02
4.608333e-02	6.622314e-02
4.610417e-02	6.860352e-02
4.612500e-02	7.073975e-02
4.614583e-02	7.266235e-02
4.616667e-02	7.431030e-02
4.618750e-02	7.574463e-02
4.620833e-02	7.690430e-02
4.622917e-02	7.781982e-02
4.625000e-02	7.849121e-02
4.627083e-02	7.888794e-02
4.629167e-02	7.901001e-02
4.631250e-02	7.888794e-02
4.633333e-02	7.849121e-02
4.635417e-02	7.781982e-02
4.637500e-02	7.693481e-02
4.639583e-02	7.574463e-02
4.641667e-02	7.434082e-02
4.643750e-02	7.269287e-02
4.645833e-02	7.077026e-02
4.647917e-02	6.863403e-02
4.650000e-02	6.628418e-02
4.652083e-02	6.369019e-02
4.654167e-02	6.088257e-02
4.656250e-02	5.789185e-02
4.658333e-02	5.468750e-02
4.660417e-02	5.133057e-02
4.662500e-02	4.779053e-02
4.664583e-02	4.409790e-02
4.666667e-02	4.022217e-02
4.668750e-02	3.625488e-02
4.670833e-02	3.216553e-02
4.672917e-02	2.795410e-02
4.675000e-02	2.365112e-02
4.677083e-02	1.925659e-02
4.679167e-02	1.483154e-02
4.681250e-02	1.034546e-02
4.683333e-02	5.798340e-03
4.685417e-02	1.251221e-03
4.687500e-02	-3.295898e-03
4.689583e-02	-7.843018e-03
4.691667e-02	-1.235962e-02
4.693750e-02	-1.681519e-02
4.695833e-02	-2.124023e-02
4.697917e-02	-2.557373e-02
4.700000e-02	-2.984619e-02
4.702083e-02	-3.399658e-02
4.704167e-02	-3.805542e-02
4.706250e-02	-4.199219e-02
4.708333e-02	-4.577637e-02
4.710417e-02	-4.940796e-02
4.712500e-02	-5.285645e-02
4.714583e-02	-5.615234e-02
4.716667e-02	-5.926514e-02
4.718750e-02	-6.219482e-02
4.720833e-02	-6.488037e-02
4.722917e-02	-6.738281e-02
4.725000e-02	-6.964111e-02
4.727083e-02	-7.168579e-02
4.729167e-02	-7.348633e-02
4.731250e-02	-7.504272e-02
4.733333e-02	-7.635498e-02
4.735417e-02	-7.739258e-02
4.737500e-02	-7.818604e-02
4.739583e-02	-7.873535e-02
4.741667e-02	-7.901001e-02
4.743750e-02	-7.901001e-02
4.745833e-02	-7.876587e-02
4.747917e-02	-7.824707e-02
4.750000e-02	-7.748413e-02
4.752083e-02	-7.644653e-02
4.754167e-02	-7.519531e-02
4.756250e-02	-7.363892e-02
4.758333e-02	-7.186890e-02
4.760417e-02	-6.988525e-02
4.762500e-02	-6.762695e-02
4.764583e-02	-6.515503e-02
4.766667e-02	-6.246948e-02
4.768750e-02	-5.960083e-02
4.770833e-02	-5.648804e-02
4.772917e-02	-5.322266e-02
4.775000e-02	-4.977417e-02
4.777083e-02	-4.617310e-02
4.779167e-02	-4.238892e-02
4.781250e-02	-3.848267e-02
4.783333e-02	-3.445435e-02
4.785417e-02	-3.027344e-02
4.787500e-02	-2.603149e-02
4.789583e-02	-2.169800e-02
4.791667e-02	-1.727295e-02
4.793750e-02	-1.281738e-02
4.795833e-02	-8.300781e-03
4.797917e-02	-3.784180e-03
4.800000e-02	7.629395e-04
4.802083e-02	5.310059e-03
4.804167e-02	9.857178e-03
4.806250e-02	1.434326e-02
4.808333e-02	1.879883e-02
4.810417e-02	2.319336e-02
4.812500e-02	2.749634e-02
4.814583e-02	3.170776e-02
4.816667e-02	3.582764e-02
4.818750e-02	3.982544e-02
4.820833e-02	4.367065e-02
4.822917e-02	4.739380e-02
4.825000e-02	5.096436e-02
4.827083e-02	5.435181e-02
4.829167e-02	5.755615e-02
4.831250e-02	6.057739e-02
4.833333e-02	6.341553e-02
4.835417e-02	6.600952e-02
4.837500e-02	6.838989e-02
4.839583e-02	7.055664e-02
4.841667e-02	7.247925e-02
4.843750e-02	7.418823e-02
4.845833e-02	7.562256e-02
4.847917e-02	7.681274e-02
4.850000e-02	7.775879e-02
4.852083e-02	7.843018e-02
4.854167e-02	7.885742e-02
4.856250e-02	7.901001e-02
4.858333e-02	7.888794e-02
4.860417e-02	7.852173e-02
4.862500e-02	7.791138e-02
4.864583e-02	7.702637e-02
4.866667e-02	7.586670e-02
4.868750e-02	7.449341e-02
4.870833e-02	7.284546e-02
4.872917e-02	7.095337e-02
4.875000e-02	6.884766e-02
4.877083e-02	6.649780e-02
4.879167e-02	6.393433e-02
4.881250e-02	6.115723e-02
4.883333e-02	5.816650e-02
4.885417e-02	5.499268e-02
4.887500e-02	5.163574e-02
4.889583e-02	4.812622e-02
4.891667e-02	4.443359e-02
4.893750e-02	4.058838e-02
4.895833e-02	3.662109e-02
4.897917e-02	3.253174e-02
4.900000e-02	2.832031e-02
4.902083e-02	2.404785e-02
4.904167e-02	1.965332e-02
4.906250e-02	1.522827e-02
4.908333e-02	1.074219e-02
4.910417e-02	6.225586e-03
4.912500e-02	1.678467e-03
4.914583e-02	-2.868652e-03
4.916667e-02	-7.415771e-03
4.918750e-02	-1.193237e-02
4.920833e-02	-1.641846e-02
4.922917e-02	-2.084351e-02
4.925000e-02	-2.517700e-02
4.927083e-02	-2.944946e-02
4.929167e-02	-3.363037e-02
4.931250e-02	-3.768921e-02
4.933333e-02	-4.162598e-02
4.935417e-02	-4.544067e-02
4.937500e-02	-4.907227e-02
4.939583e-02	-5.255127e-02
4.941667e-02	-5.587769e-02
4.943750e-02	-5.899048e-02
4.945833e-02	-6.192017e-02
4.947917e-02	-6.463623e-02
4.950000e-02	-6.716919e-02
4.952083e-02	-6.945801e-02
4.954167e-02	-7.150269e-02
4.956250e-02	-7.333374e-02
4.958333e-02	-7.489014e-02
4.960417e-02	-7.623291e-02
4.962500e-02	-7.730103e-02
4.964583e-02	-7.812500e-02
4.966667e-02	-7.867432e-02
4.968750e-02	-7.897949e-02
4.970833e-02	-7.901001e-02
4.972917e-02	-7.879639e-02
4.975000e-02	-7.830811e-02
4.977083e-02	-7.757568e-02
4.979167e-02	-7.656860e-02
4.981250e-02	-7.531738e-02
4.983333e-02	-7.379150e-02
4.985417e-02	-7.205200e-02
4.987500e-02	-7.006836e-02
4.989583e-02	-6.784058e-02
4.991667e-02	-6.539917e-02
4.993750e-02	-6.274414e-02
4.995833e-02	-5.987549e-02
4.997917e-02	-5.679321e-02
5.000000e-02	-5.352783e-02
5.002083e-02	-5.010986e-02
5.004167e-02	-4.647827e-02
5.006250e-02	-4.272461e-02
5.008333e-02	-3.884888e-02
5.010417e-02	-3.482056e-02
5.012500e-02	-3.067017e-02
5.014583e-02	-2.642822e-02
5.016667e-02	-2.209473e-02
5.018750e-02	-1.770020e-02
5.020833e-02	-1.324463e-02
5.022917e-02	-8.728027e-03
5.025000e-02	-4.180908e-03
5.027083e-02	3.662109e-04
5.029167e-02	4.913330e-03
5.031250e-02	9.429932e-03
5.033333e-02	1.394653e-02
5.035417e-02	1.840210e-02
5.037500e-02	2.279663e-02
5.039583e-02	2.709961e-02
5.041667e-02	3.134155e-02
5.043750e-02	3.546143e-02
5.045833e-02	3.945923e-02
5.047917e-02	4.333496e-02
5.050000e-02	4.705811e-02
5.052083e-02	5.065918e-02
5.054167e-02	5.404663e-02
5.056250e-02	5.728149e-02
5.058333e-02	6.030273e-02
5.060417e-02	6.314087e-02
5.062500e-02	6.579590e-02
5.064583e-02	6.820679e-02
5.066667e-02	7.037354e-02
5.068750e-02	7.232666e-02
5.070833e-02	7.403564e-02
5.072917e-02	7.550049e-02
5.075000e-02	7.672119e-02
5.077083e-02	7.766724e-02
5.079167e-02	7.836914e-02
5.081250e-02	7.882690e-02
5.083333e-02	7.901001e-02
5.085417e-02	7.891846e-02
5.087500e-02	7.858276e-02
5.089583e-02	7.797241e-02
5.091667e-02	7.711792e-02
5.093750e-02	7.598877e-02
5.095833e-02	7.461548e-02
5.097917e-02	7.299805e-02
5.100000e-02	7.113647e-02
5.102083e-02	6.903076e-02
5.104167e-02	6.671143e-02
5.106250e-02	6.417847e-02
5.108333e-02	6.140137e-02
5.110417e-02	5.844116e-02
5.112500e-02	5.529785e-02
5.114583e-02	5.194092e-02
5.116667e-02	4.843140e-02
5.118750e-02	4.476929e-02
5.120833e-02	4.095459e-02
5.122917e-02	3.698730e-02
5.125000e-02	3.289795e-02
5.127083e-02	2.871704e-02
5.129167e-02	2.444458e-02
5.131250e-02	2.008057e-02
5.133333e-02	1.562500e-02
5.135417e-02	1.113892e-02
5.137500e-02	6.622314e-03
5.139583e-02	2.075195e-03
5.141667e-02	-2.471924e-03
5.143750e-02	-7.019043e-03
5.145833e-02	-1.153564e-02
5.147917e-02	-1.602173e-02
5.150000e-02	-2.044678e-02
5.152083e-02	-2.481079e-02
5.154167e-02	-2.908325e-02
5.156250e-02	-3.326416e-02
5.158333e-02	-3.732300e-02
5.160417e-02	-4.129028e-02
5.162500e-02	-4.507446e-02
5.164583e-02	-4.876709e-02
5.166667e-02	-5.224609e-02
5.168750e-02	-5.557251e-02
5.170833e-02	-5.871582e-02
5.172917e-02	-6.167603e-02
5.175000e-02	-6.442261e-02
5.177083e-02	-6.695557e-02
5.179167e-02	-6.924438e-02
5.181250e-02	-7.131958e-02
5.183333e-02	-7.318115e-02
5.185417e-02	-7.476807e-02
5.187500e-02	-7.611084e-02
5.189583e-02	-7.720947e-02
5.191667e-02	-7.806396e-02
5.193750e-02	-7.864380e-02
5.195833e-02	-7.897949e-02
5.197917e-02	-7.904053e-02
5.200000e-02	-7.882690e-02
5.202083e-02	-7.836914e-02
5.204167e-02	-7.763672e-02
5.206250e-02	-7.666016e-02
5.208333e-02	-7.543945e-02
5.210417e-02	-7.394409e-02
5.212500e-02	-7.223511e-02
5.214583e-02	-7.025146e-02
5.216667e-02	-6.805420e-02
5.218750e-02	-6.561279e-02
5.220833e-02	-6.298828e-02
5.222917e-02	-6.011963e-02
5.225000e-02	-5.706787e-02
5.227083e-02	-5.383301e-02
5.229167e-02	-5.041504e-02
5.231250e-02	-4.681396e-02
5.233333e-02	-4.309082e-02
5.235417e-02	-3.921509e-02
5.237500e-02	-3.518677e-02
5.239583e-02	-3.103638e-02
5.241667e-02	-2.682495e-02
5.243750e-02	-2.249146e-02
5.245833e-02	-1.809692e-02
5.247917e-02	-1.364136e-02
5.250000e-02	-9.124756e-03
5.252083e-02	-4.608154e-03
5.254167e-02	-6.103516e-05
5.256250e-02	4.486084e-03
5.258333e-02	9.033203e-03
5.260417e-02	1.351929e-02
5.262500e-02	1.800537e-02
5.264583e-02	2.239990e-02
5.266667e-02	2.673340e-02
5.268750e-02	3.094482e-02
5.270833e-02	3.509521e-02
5.272917e-02	3.909302e-02
5.275000e-02	4.299927e-02
5.277083e-02	4.672241e-02
5.279167e-02	5.032349e-02
5.281250e-02	5.374146e-02
5.283333e-02	5.700684e-02
5.285417e-02	6.005859e-02
5.287500e-02	6.289673e-02
5.289583e-02	6.555176e-02
5.291667e-02	6.799316e-02
5.293750e-02	7.019043e-02
5.295833e-02	7.217407e-02
5.297917e-02	7.388306e-02
5.300000e-02	7.537842e-02
5.302083e-02	7.662964e-02
5.304167e-02	7.760620e-02
5.306250e-02	7.833862e-02
5.308333e-02	7.879639e-02
5.310417e-02	7.897949e-02
5.312500e-02	7.894897e-02
5.314583e-02	7.861328e-02
5.316667e-02	7.803345e-02
5.318750e-02	7.720947e-02
5.320833e-02	7.611084e-02
5.322917e-02	7.476807e-02
5.325000e-02	7.315063e-02
5.327083e-02	7.131958e-02
5.329167e-02	6.924438e-02
5.331250e-02	6.695557e-02
5.333333e-02	6.442261e-02
5.335417e-02	6.167603e-02
5.337500e-02	5.871582e-02
5.339583e-02	5.560303e-02
5.341667e-02	5.227661e-02
5.343750e-02	4.876709e-02
5.345833e-02	4.510498e-02
5.347917e-02	4.129028e-02
5.350000e-02	3.735352e-02
5.352083e-02	3.329468e-02
5.354167e-02	2.911377e-02
5.356250e-02	2.481079e-02
5.358333e-02	2.047729e-02
5.360417e-02	1.605225e-02
5.362500e-02	1.156616e-02
5.364583e-02	7.049561e-03
5.366667e-02	2.502441e-03
5.368750e-02	-2.044678e-03
5.370833e-02	-6.591797e-03
5.372917e-02	-1.110840e-02
5.375000e-02	-1.559448e-02
5.377083e-02	-2.005005e-02
5.379167e-02	-2.441406e-02
5.381250e-02	-2.868652e-02
5.383333e-02	-3.289795e-02
5.385417e-02	-3.695679e-02
5.387500e-02	-4.092407e-02
5.389583e-02	-4.473877e-02
5.391667e-02	-4.843140e-02
5.393750e-02	-5.194092e-02
5.395833e-02	-5.529785e-02
5.397917e-02	-5.844116e-02
5.400000e-02	-6.140137e-02
5.402083e-02	-6.417847e-02
5.404167e-02	-6.671143e-02
5.406250e-02	-6.906128e-02
5.408333e-02	-7.113647e-02
5.410417e-02	-7.302856e-02
5.412500e-02	-7.464600e-02
5.414583e-02	-7.601929e-02
5.416667e-02	-7.711792e-02
5.418750e-02	-7.800293e-02
5.420833e-02	-7.861328e-02
5.422917e-02	-7.894897e-02
5.425000e-02	-7.904053e-02
5.427083e-02	-7.885742e-02
5.429167e-02	-7.843018e-02
5.431250e-02	-7.772827e-02
5.433333e-02	-7.678223e-02
5.435417e-02	-7.556152e-02
5.437500e-02	-7.409668e-02
5.439583e-02	-7.238770e-02
5.441667e-02	-7.043457e-02
5.443750e-02	-6.826782e-02
5.445833e-02	-6.585693e-02
5.447917e-02	-6.323242e-02
5.450000e-02	-6.039429e-02
5.452083e-02	-5.737305e-02
5.454167e-02	-5.413818e-02
5.456250e-02	-5.072021e-02
5.458333e-02	-4.714966e-02
5.460417e-02	-4.342651e-02
5.462500e-02	-3.955078e-02
5.464583e-02	-3.555298e-02
5.466667e-02	-3.143311e-02
5.468750e-02	-2.722168e-02
5.470833e-02	-2.288818e-02
5.472917e-02	-1.849365e-02
5.475000e-02	-1.403809e-02
5.477083e-02	-9.552002e-03
5.479167e-02	-5.004883e-03
5.481250e-02	-4.577637e-04
5.483333e-02	4.089355e-03
5.485417e-02	8.605957e-03
5.487500e-02	1.312256e-02
5.489583e-02	1.757812e-02
5.491667e-02	2.200317e-02
5.493750e-02	2.633667e-02
5.495833e-02	3.057861e-02
5.497917e-02	3.472900e-02
5.500000e-02	3.875732e-02
5.502083e-02	4.263306e-02
5.504167e-02	4.641724e-02
5.506250e-02	5.001831e-02
5.508333e-02	5.343628e-02
5.510417e-02	5.670166e-02
5.512500e-02	5.978394e-02
5.514583e-02	6.265259e-02
5.516667e-02	6.530762e-02
5.518750e-02	6.777954e-02
5.520833e-02	7.000732e-02
5.522917e-02	7.199097e-02
5.525000e-02	7.373047e-02
5.527083e-02	7.525635e-02
5.529167e-02	7.650757e-02
5.531250e-02	7.751465e-02
5.533333e-02	7.827759e-02
5.535417e-02	7.876587e-02
5.537500e-02	7.897949e-02
5.539583e-02	7.894897e-02
5.541667e-02	7.864380e-02
5.543750e-02	7.809448e-02
5.545833e-02	7.727051e-02
5.547917e-02	7.620239e-02
5.550000e-02	7.489014e-02
5.552083e-02	7.330322e-02
5.554167e-02	7.150269e-02
5.556250e-02	6.945801e-02
5.558333e-02	6.716919e-02
5.560417e-02	6.466675e-02
5.562500e-02	6.192017e-02
5.564583e-02	5.899048e-02
5.566667e-02	5.587769e-02
5.568750e-02	5.258179e-02
5.570833e-02	4.910278e-02
5.572917e-02	4.544067e-02
5.575000e-02	4.165649e-02
5.577083e-02	3.771973e-02
5.579167e-02	3.366089e-02
5.581250e-02	2.947998e-02
5.583333e-02	2.520752e-02
5.585417e-02	2.087402e-02
5.587500e-02	1.644897e-02
5.589583e-02	1.196289e-02
5.591667e-02	7.446289e-03
5.593750e-02	2.899170e-03
5.595833e-02	-1.647949e-03
5.597917e-02	-6.195068e-03
5.600000e-02	-1.071167e-02
5.602083e-02	-1.519775e-02
5.604167e-02	-1.962280e-02
5.606250e-02	-2.401733e-02
5.608333e-02	-2.832031e-02
5.610417e-02	-3.250122e-02
5.612500e-02	-3.659058e-02
5.614583e-02	-4.055786e-02
5.616667e-02	-4.440308e-02
5.618750e-02	-4.809570e-02
5.620833e-02	-5.163574e-02
5.622917e-02	-5.499268e-02
5.625000e-02	-5.816650e-02
5.627083e-02	-6.115723e-02
5.629167e-02	-6.393433e-02
5.631250e-02	-6.649780e-02
5.633333e-02	-6.884766e-02
5.635417e-02	-7.095337e-02
5.637500e-02	-7.284546e-02
5.639583e-02	-7.449341e-02
5.641667e-02	-7.589722e-02
5.643750e-02	-7.702637e-02
5.645833e-02	-7.794189e-02
5.647917e-02	-7.855225e-02
5.650000e-02	-7.891846e-02
5.652083e-02	-7.904053e-02
5.654167e-02	-7.888794e-02
5.656250e-02	-7.846069e-02
5.658333e-02	-7.778931e-02
5.660417e-02	-7.687378e-02
5.662500e-02	-7.568359e-02
5.664583e-02	-7.424927e-02
5.666667e-02	-7.254028e-02
5.668750e-02	-7.061768e-02
5.670833e-02	-6.848145e-02
5.672917e-02	-6.607056e-02
5.675000e-02	-6.347656e-02
5.677083e-02	-6.066895e-02
5.679167e-02	-5.764771e-02
5.681250e-02	-5.444336e-02
5.683333e-02	-5.105591e-02
5.685417e-02	-4.748535e-02
5.687500e-02	-4.376221e-02
5.689583e-02	-3.991699e-02
5.691667e-02	-3.591919e-02
5.693750e-02	-3.179932e-02
5.695833e-02	-2.758789e-02
5.697917e-02	-2.328491e-02
5.700000e-02	-1.889038e-02
5.702083e-02	-1.446533e-02
5.704167e-02	-9.948730e-03
5.706250e-02	-5.432129e-03
5.708333e-02	-8.850098e-04
5.710417e-02	3.662109e-03
5.712500e-02	8.209229e-03
5.714583e-02	1.272583e-02
5.716667e-02	1.718140e-02
5.718750e-02	2.160645e-02
5.720833e-02	2.593994e-02
5.722917e-02	3.018188e-02
5.725000e-02	3.433228e-02
5.727083e-02	3.839111e-02
5.729167e-02	4.229736e-02
5.731250e-02	4.608154e-02
5.733333e-02	4.968262e-02
5.735417e-02	5.313110e-02
5.737500e-02	5.642700e-02
5.739583e-02	5.950928e-02
5.741667e-02	6.240845e-02
5.743750e-02	6.509399e-02
5.745833e-02	6.756592e-02
5.747917e-02	6.979370e-02
5.750000e-02	7.180786e-02
5.752083e-02	7.360840e-02
5.754167e-02	7.513428e-02
5.756250e-02	7.641602e-02
5.758333e-02	7.745361e-02
5.760417e-02	7.821655e-02
5.762500e-02	7.873535e-02
5.764583e-02	7.897949e-02
5.766667e-02	7.897949e-02
5.768750e-02	7.870483e-02
5.770833e-02	7.815552e-02
5.772917e-02	7.736206e-02
5.775000e-02	7.632446e-02
5.777083e-02	7.501221e-02
5.779167e-02	7.345581e-02
5.781250e-02	7.168579e-02
5.783333e-02	6.964111e-02
5.785417e-02	6.738281e-02
5.787500e-02	6.488037e-02
5.789583e-02	6.219482e-02
5.791667e-02	5.926514e-02
5.793750e-02	5.618286e-02
5.795833e-02	5.288696e-02
5.797917e-02	4.940796e-02
5.800000e-02	4.577637e-02
5.802083e-02	4.199219e-02
5.804167e-02	3.808594e-02
5.806250e-02	3.402710e-02
5.808333e-02	2.987671e-02
5.810417e-02	2.560425e-02
5.812500e-02	2.127075e-02
5.814583e-02	1.684570e-02
5.816667e-02	1.239014e-02
5.818750e-02	7.873535e-03
5.820833e-02	3.326416e-03
5.822917e-02	-1.220703e-03
5.825000e-02	-5.767822e-03
5.827083e-02	-1.028442e-02
5.829167e-02	-1.480103e-02
5.831250e-02	-1.922607e-02
5.833333e-02	-2.362061e-02
5.835417e-02	-2.792358e-02
5.837500e-02	-3.213501e-02
5.839583e-02	-3.622437e-02
5.841667e-02	-4.022217e-02
5.843750e-02	-4.406738e-02
5.845833e-02	-4.776001e-02
5.847917e-02	-5.130005e-02
5.850000e-02	-5.468750e-02
5.852083e-02	-5.789185e-02
5.854167e-02	-6.088257e-02
5.856250e-02	-6.369019e-02
5.858333e-02	-6.628418e-02
5.860417e-02	-6.863403e-02
5.862500e-02	-7.077026e-02
5.864583e-02	-7.269287e-02
5.866667e-02	-7.437134e-02
5.868750e-02	-7.577515e-02
5.870833e-02	-7.693481e-02
5.872917e-02	-7.785034e-02
5.875000e-02	-7.852173e-02
5.877083e-02	-7.891846e-02
5.879167e-02	-7.904053e-02
5.881250e-02	-7.891846e-02
5.883333e-02	-7.852173e-02
5.885417e-02	-7.788086e-02
5.887500e-02	-7.696533e-02
5.889583e-02	-7.580566e-02
5.891667e-02	-7.437134e-02
5.893750e-02	-7.272339e-02
5.895833e-02	-7.080078e-02
5.897917e-02	-6.866455e-02
5.900000e-02	-6.631470e-02
5.902083e-02	-6.372070e-02
5.904167e-02	-6.094360e-02
5.906250e-02	-5.792236e-02
5.908333e-02	-5.474854e-02
5.910417e-02	-5.136108e-02
5.912500e-02	-4.782104e-02
5.914583e-02	-4.412842e-02
5.916667e-02	-4.028320e-02
5.918750e-02	-3.628540e-02
5.920833e-02	-3.219604e-02
5.922917e-02	-2.798462e-02
5.925000e-02	-2.368164e-02
5.927083e-02	-1.928711e-02
5.929167e-02	-1.486206e-02
5.931250e-02	-1.037598e-02
5.933333e-02	-5.828857e-03
5.935417e-02	-1.281738e-03
5.937500e-02	3.265381e-03
5.939583e-02	7.781982e-03
5.941667e-02	1.229858e-02
5.943750e-02	1.678467e-02
5.945833e-02	2.120972e-02
5.947917e-02	2.554321e-02
5.950000e-02	2.981567e-02
5.952083e-02	3.396606e-02
5.954167e-02	3.802490e-02
5.956250e-02	4.193115e-02
5.958333e-02	4.571533e-02
5.960417e-02	4.937744e-02
5.962500e-02	5.282593e-02
5.964583e-02	5.612183e-02
5.966667e-02	5.923462e-02
5.968750e-02	6.213379e-02
5.970833e-02	6.484985e-02
5.972917e-02	6.735229e-02
5.975000e-02	6.961060e-02
5.977083e-02	7.165527e-02
5.979167e-02	7.345581e-02
5.981250e-02	7.498169e-02
5.983333e-02	7.629395e-02
5.985417e-02	7.736206e-02
5.987500e-02	7.815552e-02
5.989583e-02	7.867432e-02
5.991667e-02	7.897949e-02
5.993750e-02	7.897949e-02
5.995833e-02	7.873535e-02
5.997917e-02	7.821655e-02
6.000000e-02	7.745361e-02
6.002083e-02	7.641602e-02
6.004167e-02	7.513428e-02
6.006250e-02	7.360840e-02
6.008333e-02	7.183838e-02
6.010417e-02	6.982422e-02
6.012500e-02	6.759644e-02
6.014583e-02	6.512451e-02
6.016667e-02	6.243896e-02
6.018750e-02	5.953979e-02
6.020833e-02	5.645752e-02
6.022917e-02	5.319214e-02
6.025000e-02	4.974365e-02
6.027083e-02	4.611206e-02
6.029167e-02	4.235840e-02
6.031250e-02	3.845215e-02
6.033333e-02	3.439331e-02
6.035417e-02	3.024292e-02
6.037500e-02	2.600098e-02
6.039583e-02	2.166748e-02
6.041667e-02	1.724243e-02
6.043750e-02	1.278687e-02
6.045833e-02	8.270264e-03
6.047917e-02	3.723145e-03
6.050000e-02	-8.239746e-04
6.052083e-02	-5.371094e-03
6.054167e-02	-9.887695e-03
6.056250e-02	-1.437378e-02
6.058333e-02	-1.882935e-02
6.060417e-02	-2.322388e-02
6.062500e-02	-2.752686e-02
6.064583e-02	-3.173828e-02
6.066667e-02	-3.585815e-02
6.068750e-02	-3.985596e-02
6.070833e-02	-4.373169e-02
6.072917e-02	-4.742432e-02
6.075000e-02	-5.099487e-02
6.077083e-02	-5.438232e-02
6.079167e-02	-5.758667e-02
6.081250e-02	-6.060791e-02
6.083333e-02	-6.344604e-02
6.085417e-02	-6.604004e-02
6.087500e-02	-6.845093e-02
6.089583e-02	-7.058716e-02
6.091667e-02	-7.254028e-02
6.093750e-02	-7.421875e-02
6.095833e-02	-7.565308e-02
6.097917e-02	-7.684326e-02
6.100000e-02	-7.778931e-02
6.102083e-02	-7.846069e-02
6.104167e-02	-7.888794e-02
6.106250e-02	-7.904053e-02
6.108333e-02	-7.894897e-02
6.110417e-02	-7.855225e-02
6.112500e-02	-7.794189e-02
6.114583e-02	-7.705688e-02
6.116667e-02	-7.589722e-02
6.118750e-02	-7.452393e-02
6.120833e-02	-7.287598e-02
6.122917e-02	-7.101440e-02
6.125000e-02	-6.887817e-02
6.127083e-02	-6.652832e-02
6.129167e-02	-6.396484e-02
6.131250e-02	-6.118774e-02
6.133333e-02	-5.819702e-02
6.135417e-02	-5.502319e-02
6.137500e-02	-5.166626e-02
6.139583e-02	-4.815674e-02
6.141667e-02	-4.446411e-02
6.143750e-02	-4.061890e-02
6.145833e-02	-3.665161e-02
6.147917e-02	-3.256226e-02
6.150000e-02	-2.838135e-02
6.152083e-02	-2.407837e-02
6.154167e-02	-1.971436e-02
6.156250e-02	-1.525879e-02
6.158333e-02	-1.077271e-02
6.160417e-02	-6.256104e-03
6.162500e-02	-1.708984e-03
6.164583e-02	2.838135e-03
6.166667e-02	7.385254e-03
6.168750e-02	1.190186e-02
6.170833e-02	1.638794e-02
6.172917e-02	2.081299e-02
6.175000e-02	2.514648e-02
6.177083e-02	2.941895e-02
6.179167e-02	3.359985e-02
6.181250e-02	3.765869e-02
6.183333e-02	4.159546e-02
6.185417e-02	4.537964e-02
6.187500e-02	4.904175e-02
6.189583e-02	5.252075e-02
6.191667e-02	5.584717e-02
6.193750e-02	5.895996e-02
6.195833e-02	6.188965e-02
6.197917e-02	6.460571e-02
6.200000e-02	6.713867e-02
6.202083e-02	6.939697e-02
6.204167e-02	7.147217e-02
6.206250e-02	7.330322e-02
6.208333e-02	7.485962e-02
6.210417e-02	7.620239e-02
6.212500e-02	7.727051e-02
6.214583e-02	7.809448e-02
6.216667e-02	7.864380e-02
6.218750e-02	7.894897e-02
6.220833e-02	7.897949e-02
6.222917e-02	7.876587e-02
6.225000e-02	7.827759e-02
6.227083e-02	7.754517e-02
6.229167e-02	7.653809e-02
6.231250e-02	7.528687e-02
6.233333e-02	7.376099e-02
6.235417e-02	7.202148e-02
6.237500e-02	7.003784e-02
6.239583e-02	6.781006e-02
6.241667e-02	6.536865e-02
6.243750e-02	6.268311e-02
6.245833e-02	5.981445e-02
6.247917e-02	5.676270e-02
6.250000e-02	5.349731e-02
6.252083e-02	5.004883e-02
6.254167e-02	4.763794e-02
6.256250e-02	4.504395e-02
6.258333e-02	4.232788e-02
6.260417e-02	3.945923e-02
6.262500e-02	3.646851e-02
6.264583e-02	3.332520e-02
6.266667e-02	3.009033e-02
6.268750e-02	2.676392e-02
6.270833e-02	2.334595e-02
6.272917e-02	1.983643e-02
6.275000e-02	1.629639e-02
6.277083e-02	1.266479e-02
6.279167e-02	9.002686e-03
6.281250e-02	5.310059e-03
6.283333e-02	1.617432e-03
6.285417e-02	-2.105713e-03
6.287500e-02	-5.828857e-03
6.289583e-02	-9.490967e-03
6.291667e-02	-1.315308e-02
6.293750e-02	-1.535034e-02
6.295833e-02	-1.751709e-02
6.297917e-02	-1.959229e-02
6.300000e-02	-2.160645e-02
6.302083e-02	-2.355957e-02
6.304167e-02	-2.545166e-02
6.306250e-02	-2.722168e-02
6.308333e-02	-2.856445e-02
6.310417e-02	-2.978516e-02
6.312500e-02	-3.091431e-02
6.314583e-02	-3.192139e-02
6.316667e-02	-3.286743e-02
6.318750e-02	-3.366089e-02
6.320833e-02	-3.436279e-02
6.322917e-02	-3.494263e-02
6.325000e-02	-3.543091e-02
6.327083e-02	-3.576660e-02
6.329167e-02	-3.601074e-02
6.331250e-02	-3.613281e-02
6.333333e-02	-3.613281e-02
6.335417e-02	-3.598022e-02
6.337500e-02	-3.573608e-02
6.339583e-02	-3.540039e-02
6.341667e-02	-3.491211e-02
6.343750e-02	-3.430176e-02
6.345833e-02	-3.359985e-02
6.347917e-02	-3.277588e-02
6.350000e-02	-3.186035e-02
6.352083e-02	-3.082275e-02
6.354167e-02	-2.969360e-02
6.356250e-02	-2.844238e-02
6.358333e-02	-2.713013e-02
6.360417e-02	-2.569580e-02
6.362500e-02	-2.420044e-02
6.364583e-02	-2.261353e-02
6.366667e-02	-2.096558e-02
6.368750e-02	-1.922607e-02
6.370833e-02	-1.742554e-02
6.372917e-02	-1.556396e-02
6.375000e-02	-1.367188e-02
6.377083e-02	-1.171875e-02
6.379167e-02	-9.735107e-03
6.381250e-02	-7.720947e-03
6.383333e-02	-5.676270e-03
6.385417e-02	-3.601074e-03
6.387500e-02	-1.525879e-03
6.389583e-02	5.493164e-04
6.391667e-02	2.624512e-03
6.393750e-02	4.699707e-03
6.395833e-02	6.744385e-03
6.397917e-02	8.758545e-03
6.400000e-02	1.077271e-02
6.402083e-02	1.272583e-02
6.404167e-02	1.467896e-02
6.406250e-02	1.654053e-02
6.408333e-02	1.837158e-02
6.410417e-02	2.011108e-02
6.412500e-02	2.182007e-02
6.414583e-02	2.343750e-02
6.416667e-02	2.496338e-02
6.418750e-02	2.642822e-02
6.420833e-02	2.780151e-02
6.422917e-02	2.908325e-02
6.425000e-02	3.027344e-02
6.427083e-02	3.134155e-02
6.429167e-02	3.231812e-02
6.431250e-02	3.320312e-02
6.433333e-02	3.396606e-02
6.435417e-02	3.460693e-02
6.437500e-02	3.515625e-02
6.439583e-02	3.555298e-02
6.441667e-02	3.585815e-02
6.443750e-02	3.604126e-02
6.445833e-02	3.610229e-02
6.447917e-02	3.604126e-02
6.450000e-02	3.585815e-02
6.452083e-02	3.555298e-02
6.454167e-02	3.515625e-02
6.456250e-02	3.460693e-02
6.458333e-02	3.396606e-02
6.460417e-02	3.320312e-02
6.462500e-02	3.234863e-02
6.464583e-02	3.137207e-02
6.466667e-02	3.027344e-02
6.468750e-02	2.908325e-02
6.470833e-02	2.780151e-02
6.472917e-02	2.645874e-02
6.475000e-02	2.499390e-02
6.477083e-02	2.343750e-02
6.479167e-02	2.182007e-02
6.481250e-02	2.014160e-02
6.483333e-02	1.837158e-02
6.485417e-02	1.654053e-02
6.487500e-02	1.467896e-02
6.489583e-02	1.275635e-02
6.491667e-02	1.080322e-02
6.493750e-02	8.789062e-03
6.495833e-02	6.744385e-03
6.497917e-02	4.699707e-03
6.500000e-02	2.624512e-03
6.502083e-02	5.493164e-04
6.504167e-02	-1.525879e-03
6.506250e-02	-3.601074e-03
6.508333e-02	-5.676270e-03
6.510417e-02	-7.690430e-03
6.512500e-02	-9.735107e-03
6.514583e-02	-1.171875e-02
6.516667e-02	-1.367188e-02
6.518750e-02	-1.556396e-02
6.520833e-02	-1.742554e-02
6.522917e-02	-1.919556e-02
6.525000e-02	-2.093506e-02
6.527083e-02	-2.258301e-02
6.529167e-02	-2.416992e-02
6.531250e-02	-2.569580e-02
6.533333e-02	-2.709961e-02
6.535417e-02	-2.844238e-02
6.537500e-02	-2.966309e-02
6.539583e-02	-3.082275e-02
6.541667e-02	-3.186035e-02
6.543750e-02	-3.277588e-02
6.545833e-02	-3.359985e-02
6.547917e-02	-3.430176e-02
6.550000e-02	-3.491211e-02
6.552083e-02	-3.540039e-02
6.554167e-02	-3.573608e-02
6.556250e-02	-3.598022e-02
6.558333e-02	-3.613281e-02
6.560417e-02	-3.613281e-02
6.562500e-02	-3.601074e-02
6.564583e-02	-3.576660e-02
6.566667e-02	-3.543091e-02
6.568750e-02	-3.497314e-02
6.570833e-02	-3.436279e-02
6.572917e-02	-3.366089e-02
6.575000e-02	-3.286743e-02
6.577083e-02	-3.195190e-02
6.579167e-02	-3.091431e-02
6.581250e-02	-2.978516e-02
6.583333e-02	-2.856445e-02
6.585417e-02	-2.725220e-02
6.587500e-02	-2.581787e-02
6.589583e-02	-2.432251e-02
6.591667e-02	-2.276611e-02
6.593750e-02	-2.111816e-02
6.595833e-02	-1.937866e-02
6.597917e-02	-1.757812e-02
6.600000e-02	-1.574707e-02
6.602083e-02	-1.385498e-02
6.604167e-02	-1.190186e-02
6.606250e-02	-9.918213e-03
6.608333e-02	-7.904053e-03
6.610417e-02	-5.859375e-03
6.612500e-02	-3.814697e-03
6.614583e-02	-1.739502e-03
6.616667e-02	3.662109e-04
6.618750e-02	2.441406e-03
6.620833e-02	4.486084e-03
6.622917e-02	6.561279e-03
6.625000e-02	8.575439e-03
6.627083e-02	1.058960e-02
6.629167e-02	1.257324e-02
6.631250e-02	1.449585e-02
6.633333e-02	1.635742e-02
6.635417e-02	1.818848e-02
6.637500e-02	1.995850e-02
6.639583e-02	2.166748e-02
6.641667e-02	2.328491e-02
6.643750e-02	2.484131e-02
6.645833e-02	2.630615e-02
6.647917e-02	2.767944e-02
6.650000e-02	2.896118e-02
6.652083e-02	3.015137e-02
6.654167e-02	3.125000e-02
6.656250e-02	3.225708e-02
6.658333e-02	3.314209e-02
6.660417e-02	3.390503e-02
6.662500e-02	3.454590e-02
6.664583e-02	3.509521e-02
6.666667e-02	3.552246e-02
6.668750e-02	3.582764e-02
6.670833e-02	3.604126e-02
6.672917e-02	3.610229e-02
6.675000e-02	3.604126e-02
6.677083e-02	3.588867e-02
6.679167e-02	3.558350e-02
6.681250e-02	3.518677e-02
6.683333e-02	3.466797e-02
6.685417e-02	3.402710e-02
6.687500e-02	3.329468e-02
6.689583e-02	3.240967e-02
6.691667e-02	3.146362e-02
6.693750e-02	3.039551e-02
6.695833e-02	2.920532e-02
6.697917e-02	2.792358e-02
6.700000e-02	2.658081e-02
6.702083e-02	2.511597e-02
6.704167e-02	2.359009e-02
6.706250e-02	2.197266e-02
6.708333e-02	2.029419e-02
6.710417e-02	1.852417e-02
6.712500e-02	1.672363e-02
6.714583e-02	1.486206e-02
6.716667e-02	1.293945e-02
6.718750e-02	1.095581e-02
6.720833e-02	8.972168e-03
6.722917e-02	6.927490e-03
6.725000e-02	4.882812e-03
6.727083e-02	2.807617e-03
6.729167e-02	7.324219e-04
6.731250e-02	-1.342773e-03
6.733333e-02	-3.417969e-03
6.735417e-02	-5.462646e-03
6.737500e-02	-7.507324e-03
6.739583e-02	-9.552002e-03
6.741667e-02	-1.153564e-02
6.743750e-02	-1.348877e-02
6.745833e-02	-1.538086e-02
6.747917e-02	-1.724243e-02
6.750000e-02	-1.904297e-02
6.752083e-02	-2.078247e-02
6.754167e-02	-2.246094e-02
6.756250e-02	-2.404785e-02
6.758333e-02	-2.554321e-02
6.760417e-02	-2.697754e-02
6.762500e-02	-2.832031e-02
6.764583e-02	-2.957153e-02
6.766667e-02	-3.070068e-02
6.768750e-02	-3.176880e-02
6.770833e-02	-3.268433e-02
6.772917e-02	-3.353882e-02
6.775000e-02	-3.424072e-02
6.777083e-02	-3.485107e-02
6.779167e-02	-3.533936e-02
6.781250e-02	-3.573608e-02
6.783333e-02	-3.598022e-02
6.785417e-02	-3.610229e-02
6.787500e-02	-3.613281e-02
6.789583e-02	-3.604126e-02
6.791667e-02	-3.579712e-02
6.793750e-02	-3.546143e-02
6.795833e-02	-3.500366e-02
6.797917e-02	-3.442383e-02
6.800000e-02	-3.375244e-02
6.802083e-02	-3.292847e-02
6.804167e-02	-3.204346e-02
6.806250e-02	-3.100586e-02
6.808333e-02	-2.990723e-02
6.810417e-02	-2.868652e-02
6.812500e-02	-2.737427e-02
6.814583e-02	-2.597046e-02
6.816667e-02	-2.447510e-02
6.818750e-02	-2.288818e-02
6.820833e-02	-2.127075e-02
6.822917e-02	-1.953125e-02
6.825000e-02	-1.776123e-02
6.827083e-02	-1.593018e-02
6.829167e-02	-1.403809e-02
6.831250e-02	-1.208496e-02
6.833333e-02	-1.010132e-02
6.835417e-02	-8.087158e-03
6.837500e-02	-6.042480e-03
6.839583e-02	-3.997803e-03
6.841667e-02	-1.922607e-03
6.843750e-02	1.525879e-04
6.845833e-02	2.227783e-03
6.847917e-02	4.302979e-03
6.850000e-02	6.378174e-03
6.852083e-02	8.392334e-03
6.854167e-02	1.040649e-02
6.856250e-02	1.239014e-02
6.858333e-02	1.431274e-02
6.860417e-02	1.620483e-02
6.862500e-02	1.803589e-02
6.864583e-02	1.980591e-02
6.866667e-02	2.151489e-02
6.868750e-02	2.313232e-02
6.870833e-02	2.468872e-02
6.872917e-02	2.618408e-02
6.875000e-02	2.755737e-02
6.877083e-02	2.886963e-02
6.879167e-02	3.005981e-02
6.881250e-02	3.115845e-02
6.883333e-02	3.216553e-02
6.885417e-02	3.305054e-02
6.887500e-02	3.384399e-02
6.889583e-02	3.451538e-02
6.891667e-02	3.506470e-02
6.893750e-02	3.549194e-02
6.895833e-02	3.582764e-02
6.897917e-02	3.601074e-02
6.900000e-02	3.610229e-02
6.902083e-02	3.607178e-02
6.904167e-02	3.591919e-02
6.906250e-02	3.561401e-02
6.908333e-02	3.521729e-02
6.910417e-02	3.472900e-02
6.912500e-02	3.408813e-02
6.914583e-02	3.335571e-02
6.916667e-02	3.250122e-02
6.918750e-02	3.155518e-02
6.920833e-02	3.048706e-02
6.922917e-02	2.932739e-02
6.925000e-02	2.804565e-02
6.927083e-02	2.670288e-02
6.929167e-02	2.526855e-02
6.931250e-02	2.374268e-02
6.933333e-02	2.212524e-02
6.935417e-02	2.044678e-02
6.937500e-02	1.870728e-02
6.939583e-02	1.687622e-02
6.941667e-02	1.501465e-02
6.943750e-02	1.312256e-02
6.945833e-02	1.113892e-02
6.947917e-02	9.155273e-03
6.950000e-02	7.141113e-03
6.952083e-02	5.065918e-03
6.954167e-02	3.021240e-03
6.956250e-02	9.460449e-04
6.958333e-02	-1.159668e-03
6.960417e-02	-3.234863e-03
6.962500e-02	-5.279541e-03
6.964583e-02	-7.324219e-03
6.966667e-02	-9.368896e-03
6.968750e-02	-1.135254e-02
6.970833e-02	-1.330566e-02
6.972917e-02	-1.522827e-02
6.975000e-02	-1.708984e-02
6.977083e-02	-1.889038e-02
6.979167e-02	-2.062988e-02
6.981250e-02	-2.230835e-02
6.983333e-02	-2.389526e-02
6.985417e-02	-2.542114e-02
6.987500e-02	-2.685547e-02
6.989583e-02	-2.819824e-02
6.991667e-02	-2.944946e-02
6.993750e-02	-3.060913e-02
6.995833e-02	-3.167725e-02
6.997917e-02	-3.262329e-02
7.000000e-02	-3.344727e-02
7.002083e-02	-3.417969e-02
7.004167e-02	-3.479004e-02
7.006250e-02	-3.530884e-02
7.008333e-02	-3.570557e-02
7.010417e-02	-3.594971e-02
7.012500e-02	-3.610229e-02
7.014583e-02	-3.613281e-02
7.016667e-02	-3.604126e-02
7.018750e-02	-3.582764e-02
7.020833e-02	-3.549194e-02
7.022917e-02	-3.506470e-02
7.025000e-02	-3.448486e-02
7.027083e-02	-3.381348e-02
7.029167e-02	-3.302002e-02
7.031250e-02	-3.210449e-02
7.033333e-02	-3.112793e-02
7.035417e-02	-2.999878e-02
7.037500e-02	-2.880859e-02
7.039583e-02	-2.749634e-02
7.041667e-02	-2.609253e-02
7.043750e-02	-2.462769e-02
7.045833e-02	-2.304077e-02
7.047917e-02	-2.142334e-02
7.050000e-02	-1.968384e-02
7.052083e-02	-1.791382e-02
7.054167e-02	-1.608276e-02
7.056250e-02	-1.419067e-02
7.058333e-02	-1.226807e-02
7.060417e-02	-1.028442e-02
7.062500e-02	-8.270264e-03
7.064583e-02	-6.225586e-03
7.066667e-02	-4.180908e-03
7.068750e-02	-2.105713e-03
7.070833e-02	-3.051758e-05
7.072917e-02	2.044678e-03
7.075000e-02	4.119873e-03
7.077083e-02	6.195068e-03
7.079167e-02	8.209229e-03
7.081250e-02	1.022339e-02
7.083333e-02	1.220703e-02
7.085417e-02	1.412964e-02
7.087500e-02	1.602173e-02
7.089583e-02	1.788330e-02
7.091667e-02	1.965332e-02
7.093750e-02	2.136230e-02
7.095833e-02	2.301025e-02
7.097917e-02	2.456665e-02
7.100000e-02	2.603149e-02
7.102083e-02	2.743530e-02
7.104167e-02	2.874756e-02
7.106250e-02	2.996826e-02
7.108333e-02	3.106689e-02
7.110417e-02	3.207397e-02
7.112500e-02	3.295898e-02
7.114583e-02	3.375244e-02
7.116667e-02	3.445435e-02
7.118750e-02	3.500366e-02
7.120833e-02	3.546143e-02
7.122917e-02	3.579712e-02
7.125000e-02	3.601074e-02
7.127083e-02	3.610229e-02
7.129167e-02	3.607178e-02
7.131250e-02	3.591919e-02
7.133333e-02	3.564453e-02
7.135417e-02	3.527832e-02
7.137500e-02	3.475952e-02
7.139583e-02	3.414917e-02
7.141667e-02	3.341675e-02
7.143750e-02	3.259277e-02
7.145833e-02	3.164673e-02
7.147917e-02	3.057861e-02
7.150000e-02	2.941895e-02
7.152083e-02	2.816772e-02
7.154167e-02	2.682495e-02
7.156250e-02	2.539062e-02
7.158333e-02	2.386475e-02
7.160417e-02	2.227783e-02
7.162500e-02	2.059937e-02
7.164583e-02	1.885986e-02
7.166667e-02	1.705933e-02
7.168750e-02	1.519775e-02
7.170833e-02	1.327515e-02
7.172917e-02	1.132202e-02
7.175000e-02	9.338379e-03
7.177083e-02	7.324219e-03
7.179167e-02	5.249023e-03
7.181250e-02	3.204346e-03
7.183333e-02	1.129150e-03
7.185417e-02	-9.460449e-04
7.187500e-02	-3.021240e-03
7.189583e-02	-5.096436e-03
7.191667e-02	-7.141113e-03
7.193750e-02	-9.185791e-03
7.195833e-02	-1.116943e-02
7.197917e-02	-1.312256e-02
7.200000e-02	-1.504517e-02
7.202083e-02	-1.690674e-02
7.204167e-02	-1.873779e-02
7.206250e-02	-2.047729e-02
7.208333e-02	-2.215576e-02
7.210417e-02	-2.374268e-02
7.212500e-02	-2.529907e-02
7.214583e-02	-2.673340e-02
7.216667e-02	-2.807617e-02
7.218750e-02	-2.935791e-02
7.220833e-02	-3.051758e-02
7.222917e-02	-3.158569e-02
7.225000e-02	-3.253174e-02
7.227083e-02	-3.338623e-02
7.229167e-02	-3.411865e-02
7.231250e-02	-3.475952e-02
7.233333e-02	-3.527832e-02
7.235417e-02	-3.567505e-02
7.237500e-02	-3.594971e-02
7.239583e-02	-3.610229e-02
7.241667e-02	-3.613281e-02
7.243750e-02	-3.604126e-02
7.245833e-02	-3.585815e-02
7.247917e-02	-3.552246e-02
7.250000e-02	-3.509521e-02
7.252083e-02	-3.454590e-02
7.254167e-02	-3.387451e-02
7.256250e-02	-3.308105e-02
7.258333e-02	-3.219604e-02
7.260417e-02	-3.121948e-02
7.262500e-02	-3.012085e-02
7.264583e-02	-2.890015e-02
7.266667e-02	-2.761841e-02
7.268750e-02	-2.621460e-02
7.270833e-02	-2.474976e-02
7.272917e-02	-2.319336e-02
7.275000e-02	-2.157593e-02
7.277083e-02	-1.986694e-02
7.279167e-02	-1.809692e-02
7.281250e-02	-1.626587e-02
7.283333e-02	-1.437378e-02
7.285417e-02	-1.245117e-02
7.287500e-02	-1.046753e-02
7.289583e-02	-8.453369e-03
7.291667e-02	-6.408691e-03
7.293750e-02	-4.364014e-03
7.295833e-02	-2.288818e-03
7.297917e-02	-2.136230e-04
7.300000e-02	1.861572e-03
7.302083e-02	3.936768e-03
7.304167e-02	5.981445e-03
7.306250e-02	8.026123e-03
7.308333e-02	1.004028e-02
7.310417e-02	1.202393e-02
7.312500e-02	1.397705e-02
7.314583e-02	1.586914e-02
7.316667e-02	1.770020e-02
7.318750e-02	1.950073e-02
7.320833e-02	2.120972e-02
7.322917e-02	2.285767e-02
7.325000e-02	2.441406e-02
7.327083e-02	2.590942e-02
7.329167e-02	2.731323e-02
7.331250e-02	2.862549e-02
7.333333e-02	2.984619e-02
7.335417e-02	3.097534e-02
7.337500e-02	3.198242e-02
7.339583e-02	3.289795e-02
7.341667e-02	3.369141e-02
7.343750e-02	3.439331e-02
7.345833e-02	3.497314e-02
7.347917e-02	3.543091e-02
7.350000e-02	3.576660e-02
7.352083e-02	3.598022e-02
7.354167e-02	3.610229e-02
7.356250e-02	3.607178e-02
7.358333e-02	3.594971e-02
7.360417e-02	3.567505e-02
7.362500e-02	3.530884e-02
7.364583e-02	3.482056e-02
7.366667e-02	3.421021e-02
7.368750e-02	3.350830e-02
7.370833e-02	3.265381e-02
7.372917e-02	3.173828e-02
7.375000e-02	3.067017e-02
7.377083e-02	2.954102e-02
7.379167e-02	2.828979e-02
7.381250e-02	2.694702e-02
7.383333e-02	2.551270e-02
7.385417e-02	2.401733e-02
7.387500e-02	2.243042e-02
7.389583e-02	2.075195e-02
7.391667e-02	1.901245e-02
7.393750e-02	1.721191e-02
7.395833e-02	1.538086e-02
7.397917e-02	1.345825e-02
7.400000e-02	1.150513e-02
7.402083e-02	9.521484e-03
7.404167e-02	7.507324e-03
7.406250e-02	5.462646e-03
7.408333e-02	3.387451e-03
7.410417e-02	1.312256e-03
7.412500e-02	-7.629395e-04
7.414583e-02	-2.838135e-03
7.416667e-02	-4.913330e-03
7.418750e-02	-6.958008e-03
7.420833e-02	-9.002686e-03
7.422917e-02	-1.098633e-02
7.425000e-02	-1.293945e-02
7.427083e-02	-1.486206e-02
7.429167e-02	-1.675415e-02
7.431250e-02	-1.855469e-02
7.433333e-02	-2.032471e-02
7.435417e-02	-2.200317e-02
7.437500e-02	-2.362061e-02
7.439583e-02	-2.514648e-02
7.441667e-02	-2.661133e-02
7.443750e-02	-2.795410e-02
7.445833e-02	-2.923584e-02
7.447917e-02	-3.039551e-02
7.450000e-02	-3.149414e-02
7.452083e-02	-3.244019e-02
7.454167e-02	-3.332520e-02
7.456250e-02	-3.405762e-02
7.458333e-02	-3.469849e-02
7.460417e-02	-3.521729e-02
7.462500e-02	-3.564453e-02
7.464583e-02	-3.591919e-02
7.466667e-02	-3.610229e-02
7.468750e-02	-3.613281e-02
7.470833e-02	-3.607178e-02
7.472917e-02	-3.588867e-02
7.475000e-02	-3.558350e-02
7.477083e-02	-3.515625e-02
7.479167e-02	-3.460693e-02
7.481250e-02	-3.393555e-02
7.483333e-02	-3.317261e-02
7.485417e-02	-3.228760e-02
7.487500e-02	-3.131104e-02
7.489583e-02	-3.021240e-02
7.491667e-02	-2.902222e-02
7.493750e-02	-2.774048e-02
7.495833e-02	-2.636719e-02
7.497917e-02	-2.490234e-02
7.500000e-02	-2.334595e-02
7.502083e-02	-2.169800e-02
7.504167e-02	-2.001953e-02
7.506250e-02	-1.824951e-02
7.508333e-02	-1.641846e-02
7.510417e-02	-1.455688e-02
7.512500e-02	-1.260376e-02
7.514583e-02	-1.065063e-02
7.516667e-02	-8.636475e-03
7.518750e-02	-6.622314e-03
7.520833e-02	-4.547119e-03
7.522917e-02	-2.471924e-03
7.525000e-02	-3.967285e-04
7.527083e-02	1.678467e-03
7.529167e-02	3.753662e-03
7.531250e-02	5.798340e-03
7.533333e-02	7.843018e-03
7.535417e-02	9.857178e-03
7.537500e-02	1.184082e-02
7.539583e-02	1.379395e-02
7.541667e-02	1.568604e-02
7.543750e-02	1.754761e-02
7.545833e-02	1.931763e-02
7.547917e-02	2.105713e-02
7.550000e-02	2.270508e-02
7.552083e-02	2.429199e-02
7.554167e-02	2.578735e-02
7.556250e-02	2.719116e-02
7.558333e-02	2.850342e-02
7.560417e-02	2.975464e-02
7.562500e-02	3.088379e-02
7.564583e-02	3.189087e-02
7.566667e-02	3.280640e-02
7.568750e-02	3.363037e-02
7.570833e-02	3.433228e-02
7.572917e-02	3.491211e-02
7.575000e-02	3.540039e-02
7.577083e-02	3.573608e-02
7.579167e-02	3.598022e-02
7.581250e-02	3.610229e-02
7.583333e-02	3.607178e-02
7.585417e-02	3.594971e-02
7.587500e-02	3.570557e-02
7.589583e-02	3.533936e-02
7.591667e-02	3.488159e-02
7.593750e-02	3.427124e-02
7.595833e-02	3.356934e-02
7.597917e-02	3.274536e-02
7.600000e-02	3.182983e-02
7.602083e-02	3.079224e-02
7.604167e-02	2.963257e-02
7.606250e-02	2.841187e-02
7.608333e-02	2.706909e-02
7.610417e-02	2.566528e-02
7.612500e-02	2.416992e-02
7.614583e-02	2.258301e-02
7.616667e-02	2.090454e-02
7.618750e-02	1.919556e-02
7.620833e-02	1.739502e-02
7.622917e-02	1.553345e-02
7.625000e-02	1.364136e-02
7.627083e-02	1.168823e-02
7.629167e-02	9.704590e-03
7.631250e-02	7.690430e-03
7.633333e-02	5.645752e-03
7.635417e-02	3.570557e-03
7.637500e-02	1.495361e-03
7.639583e-02	-5.798340e-04
7.641667e-02	-2.655029e-03
7.643750e-02	-4.730225e-03
7.645833e-02	-6.774902e-03
7.647917e-02	-8.819580e-03
7.650000e-02	-1.080322e-02
7.652083e-02	-1.278687e-02
7.654167e-02	-1.470947e-02
7.656250e-02	-1.657104e-02
7.658333e-02	-1.840210e-02
7.660417e-02	-2.017212e-02
7.662500e-02	-2.185059e-02
7.664583e-02	-2.346802e-02
7.666667e-02	-2.502441e-02
7.668750e-02	-2.645874e-02
7.670833e-02	-2.783203e-02
7.672917e-02	-2.911377e-02
7.675000e-02	-3.030396e-02
7.677083e-02	-3.140259e-02
7.679167e-02	-3.237915e-02
7.681250e-02	-3.323364e-02
7.683333e-02	-3.399658e-02
7.685417e-02	-3.463745e-02
7.687500e-02	-3.518677e-02
7.689583e-02	-3.558350e-02
7.691667e-02	-3.588867e-02
7.693750e-02	-3.607178e-02
7.695833e-02	-3.613281e-02
7.697917e-02	-3.607178e-02
7.700000e-02	-3.588867e-02
7.702083e-02	-3.561401e-02
7.704167e-02	-3.518677e-02
7.706250e-02	-3.466797e-02
7.708333e-02	-3.399658e-02
7.710417e-02	-3.323364e-02
7.712500e-02	-3.237915e-02
7.714583e-02	-3.140259e-02
7.716667e-02	-3.030396e-02
7.718750e-02	-2.914429e-02
7.720833e-02	-2.786255e-02
7.722917e-02	-2.648926e-02
7.725000e-02	-2.502441e-02
7.727083e-02	-2.346802e-02
7.729167e-02	-2.185059e-02
7.731250e-02	-2.017212e-02
7.733333e-02	-1.840210e-02
7.735417e-02	-1.660156e-02
7.737500e-02	-1.470947e-02
7.739583e-02	-1.278687e-02
7.741667e-02	-1.083374e-02
7.743750e-02	-8.819580e-03
7.745833e-02	-6.805420e-03
7.747917e-02	-4.730225e-03
7.750000e-02	-2.685547e-03
7.752083e-02	-6.103516e-04
7.754167e-02	1.495361e-03
7.756250e-02	3.570557e-03
7.758333e-02	5.615234e-03
7.760417e-02	7.659912e-03
7.762500e-02	9.674072e-03
7.764583e-02	1.168823e-02
7.766667e-02	1.361084e-02
7.768750e-02	1.553345e-02
7.770833e-02	1.736450e-02
7.772917e-02	1.916504e-02
7.775000e-02	2.090454e-02
7.777083e-02	2.255249e-02
7.779167e-02	2.413940e-02
7.781250e-02	2.563477e-02
7.783333e-02	2.706909e-02
7.785417e-02	2.841187e-02
7.787500e-02	2.963257e-02
7.789583e-02	3.076172e-02
7.791667e-02	3.179932e-02
7.793750e-02	3.274536e-02
7.795833e-02	3.356934e-02
7.797917e-02	3.427124e-02
7.800000e-02	3.488159e-02
7.802083e-02	3.533936e-02
7.804167e-02	3.570557e-02
7.806250e-02	3.594971e-02
7.808333e-02	3.607178e-02
7.810417e-02	3.610229e-02
7.812500e-02	3.598022e-02
7.814583e-02	3.573608e-02
7.816667e-02	3.540039e-02
7.818750e-02	3.491211e-02
7.820833e-02	3.433228e-02
7.822917e-02	3.363037e-02
7.825000e-02	3.283691e-02
7.827083e-02	3.192139e-02
7.829167e-02	3.088379e-02
7.831250e-02	2.975464e-02
7.833333e-02	2.853394e-02
7.835417e-02	2.719116e-02
7.837500e-02	2.578735e-02
7.839583e-02	2.429199e-02
7.841667e-02	2.270508e-02
7.843750e-02	2.105713e-02
7.845833e-02	1.934814e-02
7.847917e-02	1.754761e-02
7.850000e-02	1.571655e-02
7.852083e-02	1.382446e-02
7.854167e-02	1.187134e-02
7.856250e-02	9.887695e-03
7.858333e-02	7.873535e-03
7.860417e-02	5.828857e-03
7.862500e-02	3.753662e-03
7.864583e-02	1.678467e-03
7.866667e-02	-3.967285e-04
7.868750e-02	-2.471924e-03
7.870833e-02	-4.547119e-03
7.872917e-02	-6.591797e-03
7.875000e-02	-8.636475e-03
7.877083e-02	-1.062012e-02
7.879167e-02	-1.260376e-02
7.881250e-02	-1.452637e-02
7.883333e-02	-1.641846e-02
7.885417e-02	-1.824951e-02
7.887500e-02	-1.998901e-02
7.889583e-02	-2.169800e-02
7.891667e-02	-2.331543e-02
7.893750e-02	-2.487183e-02
7.895833e-02	-2.633667e-02
7.897917e-02	-2.770996e-02
7.900000e-02	-2.902222e-02
7.902083e-02	-3.021240e-02
7.904167e-02	-3.131104e-02
7.906250e-02	-3.228760e-02
7.908333e-02	-3.317261e-02
7.910417e-02	-3.393555e-02
7.912500e-02	-3.460693e-02
7.914583e-02	-3.512573e-02
7.916667e-02	-3.555298e-02
7.918750e-02	-3.588867e-02
7.920833e-02	-3.607178e-02
7.922917e-02	-3.613281e-02
7.925000e-02	-3.610229e-02
7.927083e-02	-3.591919e-02
7.929167e-02	-3.564453e-02
7.931250e-02	-3.521729e-02
7.933333e-02	-3.469849e-02
7.935417e-02	-3.405762e-02
7.937500e-02	-3.332520e-02
7.939583e-02	-3.247070e-02
7.941667e-02	-3.149414e-02
7.943750e-02	-3.042603e-02
7.945833e-02	-2.923584e-02
7.947917e-02	-2.798462e-02
7.950000e-02	-2.661133e-02
7.952083e-02	-2.514648e-02
7.954167e-02	-2.362061e-02
7.956250e-02	-2.200317e-02
7.958333e-02	-2.032471e-02
7.960417e-02	-1.858521e-02
7.962500e-02	-1.675415e-02
7.964583e-02	-1.489258e-02
7.966667e-02	-1.296997e-02
7.968750e-02	-1.101685e-02
7.970833e-02	-9.002686e-03
7.972917e-02	-6.988525e-03
7.975000e-02	-4.943848e-03
7.977083e-02	-2.868652e-03
7.979167e-02	-7.934570e-04
7.981250e-02	1.312256e-03
7.983333e-02	3.356934e-03
7.985417e-02	5.432129e-03
7.987500e-02	7.476807e-03
7.989583e-02	9.490967e-03
7.991667e-02	1.150513e-02
7.993750e-02	1.345825e-02
7.995833e-02	1.535034e-02
7.997917e-02	1.721191e-02
8.000000e-02	1.901245e-02
8.002083e-02	2.075195e-02
8.004167e-02	2.239990e-02
8.006250e-02	2.401733e-02
8.008333e-02	2.551270e-02
8.010417e-02	2.694702e-02
8.012500e-02	2.828979e-02
8.014583e-02	2.954102e-02
8.016667e-02	3.067017e-02
8.018750e-02	3.170776e-02
8.020833e-02	3.265381e-02
8.022917e-02	3.347778e-02
8.025000e-02	3.421021e-02
8.027083e-02	3.482056e-02
8.029167e-02	3.530884e-02
8.031250e-02	3.567505e-02
8.033333e-02	3.594971e-02
8.035417e-02	3.607178e-02
8.037500e-02	3.610229e-02
8.039583e-02	3.598022e-02
8.041667e-02	3.576660e-02
8.043750e-02	3.543091e-02
8.045833e-02	3.497314e-02
8.047917e-02	3.439331e-02
8.050000e-02	3.369141e-02
8.052083e-02	3.289795e-02
8.054167e-02	3.198242e-02
8.056250e-02	3.097534e-02
8.058333e-02	2.984619e-02
8.060417e-02	2.862549e-02
8.062500e-02	2.734375e-02
8.064583e-02	2.590942e-02
8.066667e-02	2.444458e-02
8.068750e-02	2.285767e-02
8.070833e-02	2.120972e-02
8.072917e-02	1.950073e-02
8.075000e-02	1.773071e-02
8.077083e-02	1.586914e-02
8.079167e-02	1.397705e-02
8.081250e-02	1.205444e-02
8.083333e-02	1.007080e-02
8.085417e-02	8.056641e-03
8.087500e-02	6.011963e-03
8.089583e-02	3.936768e-03
8.091667e-02	1.892090e-03
8.093750e-02	-2.136230e-04
8.095833e-02	-2.288818e-03
8.097917e-02	-4.364014e-03
8.100000e-02	-6.408691e-03
8.102083e-02	-8.453369e-03
8.104167e-02	-1.043701e-02
8.106250e-02	-1.242065e-02
8.108333e-02	-1.434326e-02
8.110417e-02	-1.623535e-02
8.112500e-02	-1.806641e-02
8.114583e-02	-1.983643e-02
8.116667e-02	-2.154541e-02
8.118750e-02	-2.319336e-02
8.120833e-02	-2.474976e-02
8.122917e-02	-2.621460e-02
8.125000e-02	-2.758789e-02
8.127083e-02	-2.890015e-02
8.129167e-02	-3.009033e-02
8.131250e-02	-3.118896e-02
8.133333e-02	-3.219604e-02
8.135417e-02	-3.308105e-02
8.137500e-02	-3.387451e-02
8.139583e-02	-3.454590e-02
8.141667e-02	-3.509521e-02
8.143750e-02	-3.552246e-02
8.145833e-02	-3.585815e-02
8.147917e-02	-3.604126e-02
8.150000e-02	-3.613281e-02
8.152083e-02	-3.610229e-02
8.154167e-02	-3.594971e-02
8.156250e-02	-3.567505e-02
8.158333e-02	-3.527832e-02
8.160417e-02	-3.475952e-02
8.162500e-02	-3.411865e-02
8.164583e-02	-3.338623e-02
8.166667e-02	-3.253174e-02
8.168750e-02	-3.158569e-02
8.170833e-02	-3.051758e-02
8.172917e-02	-2.935791e-02
8.175000e-02	-2.810669e-02
8.177083e-02	-2.673340e-02
8.179167e-02	-2.529907e-02
8.181250e-02	-2.377319e-02
8.183333e-02	-2.215576e-02
8.185417e-02	-2.047729e-02
8.187500e-02	-1.873779e-02
8.189583e-02	-1.693726e-02
8.191667e-02	-1.507568e-02
8.193750e-02	-1.315308e-02
8.195833e-02	-1.119995e-02
8.197917e-02	-9.185791e-03
8.200000e-02	-7.171631e-03
8.202083e-02	-5.126953e-03
8.204167e-02	-3.051758e-03
8.206250e-02	-9.765625e-04
8.208333e-02	1.098633e-03
8.210417e-02	3.173828e-03
8.212500e-02	5.249023e-03
8.214583e-02	7.293701e-03
8.216667e-02	9.338379e-03
8.218750e-02	1.132202e-02
8.220833e-02	1.327515e-02
8.222917e-02	1.519775e-02
8.225000e-02	1.702881e-02
8.227083e-02	1.885986e-02
8.229167e-02	2.059937e-02
8.231250e-02	2.227783e-02
8.233333e-02	2.386475e-02
8.235417e-02	2.539062e-02
8.237500e-02	2.682495e-02
8.239583e-02	2.816772e-02
8.241667e-02	2.941895e-02
8.243750e-02	3.057861e-02
8.245833e-02	3.161621e-02
8.247917e-02	3.259277e-02
8.250000e-02	3.341675e-02
8.252083e-02	3.414917e-02
8.254167e-02	3.475952e-02
8.256250e-02	3.527832e-02
8.258333e-02	3.564453e-02
8.260417e-02	3.591919e-02
8.262500e-02	3.607178e-02
8.264583e-02	3.610229e-02
8.266667e-02	3.601074e-02
8.268750e-02	3.579712e-02
8.270833e-02	3.546143e-02
8.272917e-02	3.500366e-02
8.275000e-02	3.445435e-02
8.277083e-02	3.378296e-02
8.279167e-02	3.298950e-02
8.281250e-02	3.207397e-02
8.283333e-02	3.106689e-02
8.285417e-02	2.996826e-02
8.287500e-02	2.874756e-02
8.289583e-02	2.746582e-02
8.291667e-02	2.606201e-02
8.293750e-02	2.456665e-02
8.295833e-02	2.301025e-02
8.297917e-02	2.136230e-02
8.300000e-02	1.965332e-02
8.302083e-02	1.788330e-02
8.304167e-02	1.605225e-02
8.306250e-02	1.416016e-02
8.308333e-02	1.223755e-02
8.310417e-02	1.025391e-02
8.312500e-02	8.239746e-03
8.314583e-02	6.195068e-03
8.316667e-02	4.150391e-03
8.318750e-02	2.075195e-03
8.320833e-02	0.000000e+00
8.322917e-02	-2.105713e-03
8.325000e-02	-4.150391e-03
8.327083e-02	-6.225586e-03
8.329167e-02	-8.270264e-03
8.331250e-02	-1.025391e-02
8.333333e-02	-1.223755e-02
8.335417e-02	-1.419067e-02
8.337500e-02	-1.608276e-02
8.339583e-02	-1.791382e-02
8.341667e-02	-1.968384e-02
8.343750e-02	-2.139282e-02
8.345833e-02	-2.304077e-02
8.347917e-02	-2.459717e-02
8.350000e-02	-2.609253e-02
8.352083e-02	-2.746582e-02
8.354167e-02	-2.877808e-02
8.356250e-02	-2.905273e-02
8.358333e-02	-2.923584e-02
8.360417e-02	-2.929688e-02
8.362500e-02	-2.926636e-02
8.364583e-02	-2.914429e-02
8.366667e-02	-2.893066e-02
8.368750e-02	-2.862549e-02
8.370833e-02	-2.819824e-02
8.372917e-02	-2.770996e-02
8.375000e-02	-2.709961e-02
8.377083e-02	-2.642822e-02
8.379167e-02	-2.566528e-02
8.381250e-02	-2.426147e-02
8.383333e-02	-2.279663e-02
8.385417e-02	-2.127075e-02
8.387500e-02	-1.965332e-02
8.389583e-02	-1.797485e-02
8.391667e-02	-1.623535e-02
8.393750e-02	-1.443481e-02
8.395833e-02	-1.174927e-02
8.397917e-02	-9.033203e-03
8.400000e-02	-6.256104e-03
8.402083e-02	-3.479004e-03
8.404167e-02	-7.019043e-04
8.406250e-02	2.105713e-03
8.408333e-02	4.882812e-03
8.410417e-02	7.812500e-03
8.412500e-02	1.068115e-02
8.414583e-02	1.354980e-02
8.416667e-02	1.635742e-02
8.418750e-02	1.913452e-02
8.420833e-02	2.182007e-02
8.422917e-02	2.444458e-02
8.425000e-02	2.697754e-02
8.427083e-02	2.944946e-02
8.429167e-02	3.179932e-02
8.431250e-02	3.402710e-02
8.433333e-02	3.616333e-02
8.435417e-02	3.820801e-02
8.437500e-02	4.006958e-02
8.439583e-02	4.183960e-02
8.441667e-02	4.345703e-02
8.443750e-02	4.492188e-02
8.445833e-02	4.626465e-02
8.447917e-02	4.742432e-02
8.450000e-02	4.843140e-02
8.452083e-02	4.928589e-02
8.454167e-02	4.998779e-02
8.456250e-02	5.050659e-02
8.458333e-02	5.087280e-02
8.460417e-02	5.105591e-02
8.462500e-02	5.105591e-02
8.464583e-02	5.090332e-02
8.466667e-02	5.059814e-02
8.468750e-02	5.010986e-02
8.470833e-02	4.943848e-02
8.472917e-02	4.861450e-02
8.475000e-02	4.763794e-02
8.477083e-02	4.650879e-02
8.479167e-02	4.522705e-02
8.481250e-02	4.376221e-02
8.483333e-02	4.220581e-02
8.485417e-02	4.046631e-02
8.487500e-02	3.860474e-02
8.489583e-02	3.662109e-02
8.491667e-02	3.448486e-02
8.493750e-02	3.225708e-02
8.495833e-02	2.993774e-02
8.497917e-02	2.749634e-02
8.500000e-02	2.499390e-02
8.502083e-02	2.236938e-02
8.504167e-02	1.968384e-02
8.506250e-02	1.693726e-02
8.508333e-02	1.416016e-02
8.510417e-02	1.129150e-02
8.512500e-02	8.422852e-03
8.514583e-02	5.493164e-03
8.516667e-02	2.563477e-03
8.518750e-02	-3.662109e-04
8.520833e-02	-3.326416e-03
8.522917e-02	-6.256104e-03
8.525000e-02	-9.155273e-03
8.527083e-02	-1.202393e-02
8.529167e-02	-1.486206e-02
8.531250e-02	-1.766968e-02
8.533333e-02	-2.038574e-02
8.535417e-02	-2.307129e-02
8.537500e-02	-2.563477e-02
8.539583e-02	-2.813721e-02
8.541667e-02	-3.054810e-02
8.543750e-02	-3.286743e-02
8.545833e-02	-3.506470e-02
8.547917e-02	-3.713989e-02
8.550000e-02	-3.912354e-02
8.552083e-02	-4.095459e-02
8.554167e-02	-4.263306e-02
8.556250e-02	-4.418945e-02
8.558333e-02	-4.559326e-02
8.560417e-02	-4.684448e-02
8.562500e-02	-4.794312e-02
8.564583e-02	-4.888916e-02
8.566667e-02	-4.965210e-02
8.568750e-02	-5.029297e-02
8.570833e-02	-5.072021e-02
8.572917e-02	-5.099487e-02
8.575000e-02	-5.111694e-02
8.577083e-02	-5.105591e-02
8.579167e-02	-5.084229e-02
8.581250e-02	-5.041504e-02
8.583333e-02	-4.986572e-02
8.585417e-02	-4.913330e-02
8.587500e-02	-4.824829e-02
8.589583e-02	-4.718018e-02
8.591667e-02	-4.598999e-02
8.593750e-02	-4.461670e-02
8.595833e-02	-4.312134e-02
8.597917e-02	-4.147339e-02
8.600000e-02	-3.967285e-02
8.602083e-02	-3.775024e-02
8.604167e-02	-3.570557e-02
8.606250e-02	-3.353882e-02
8.608333e-02	-3.125000e-02
8.610417e-02	-2.886963e-02
8.612500e-02	-2.639771e-02
8.614583e-02	-2.383423e-02
8.616667e-02	-2.120972e-02
8.618750e-02	-1.849365e-02
8.620833e-02	-1.571655e-02
8.622917e-02	-1.290894e-02
8.625000e-02	-1.004028e-02
8.627083e-02	-7.141113e-03
8.629167e-02	-4.211426e-03
8.631250e-02	-1.251221e-03
8.633333e-02	1.678467e-03
8.635417e-02	4.608154e-03
8.637500e-02	7.537842e-03
8.639583e-02	1.043701e-02
8.641667e-02	1.330566e-02
8.643750e-02	1.611328e-02
8.645833e-02	1.889038e-02
8.647917e-02	2.157593e-02
8.650000e-02	2.420044e-02
8.652083e-02	2.676392e-02
8.654167e-02	2.920532e-02
8.656250e-02	3.158569e-02
8.658333e-02	3.384399e-02
8.660417e-02	3.598022e-02
8.662500e-02	3.802490e-02
8.664583e-02	3.991699e-02
8.666667e-02	4.168701e-02
8.668750e-02	4.330444e-02
8.670833e-02	4.479980e-02
8.672917e-02	4.614258e-02
8.675000e-02	4.733276e-02
8.677083e-02	4.833984e-02
8.679167e-02	4.922485e-02
8.681250e-02	4.992676e-02
8.683333e-02	5.047607e-02
8.685417e-02	5.084229e-02
8.687500e-02	5.102539e-02
8.689583e-02	5.105591e-02
8.691667e-02	5.093384e-02
8.693750e-02	5.062866e-02
8.695833e-02	5.017090e-02
8.697917e-02	4.953003e-02
8.700000e-02	4.870605e-02
8.702083e-02	4.776001e-02
8.704167e-02	4.663086e-02
8.706250e-02	4.534912e-02
8.708333e-02	4.391479e-02
8.710417e-02	4.232788e-02
8.712500e-02	4.061890e-02
8.714583e-02	3.878784e-02
8.716667e-02	3.680420e-02
8.718750e-02	3.469849e-02
8.720833e-02	3.247070e-02
8.722917e-02	3.015137e-02
8.725000e-02	2.774048e-02
8.727083e-02	2.520752e-02
8.729167e-02	2.261353e-02
8.731250e-02	1.992798e-02
8.733333e-02	1.721191e-02
8.735417e-02	1.440430e-02
8.737500e-02	1.156616e-02
8.739583e-02	8.666992e-03
8.741667e-02	5.767822e-03
8.743750e-02	2.838135e-03
8.745833e-02	-1.220703e-04
8.747917e-02	-3.051758e-03
8.750000e-02	-5.981445e-03
8.752083e-02	-8.911133e-03
8.754167e-02	-1.177979e-02
8.756250e-02	-1.461792e-02
8.758333e-02	-1.742554e-02
8.760417e-02	-2.014160e-02
8.762500e-02	-2.282715e-02
8.764583e-02	-2.542114e-02
8.766667e-02	-2.792358e-02
8.768750e-02	-3.033447e-02
8.770833e-02	-3.265381e-02
8.772917e-02	-3.488159e-02
8.775000e-02	-3.695679e-02
8.777083e-02	-3.894043e-02
8.779167e-02	-4.077148e-02
8.781250e-02	-4.248047e-02
8.783333e-02	-4.403687e-02
8.785417e-02	-4.547119e-02
8.787500e-02	-4.672241e-02
8.789583e-02	-4.785156e-02
8.791667e-02	-4.879761e-02
8.793750e-02	-4.959106e-02
8.795833e-02	-5.023193e-02
8.797917e-02	-5.068970e-02
8.800000e-02	-5.099487e-02
8.802083e-02	-5.111694e-02
8.804167e-02	-5.105591e-02
8.806250e-02	-5.084229e-02
8.808333e-02	-5.047607e-02
8.810417e-02	-4.992676e-02
8.812500e-02	-4.922485e-02
8.814583e-02	-4.833984e-02
8.816667e-02	-4.730225e-02
8.818750e-02	-4.611206e-02
8.820833e-02	-4.473877e-02
8.822917e-02	-4.324341e-02
8.825000e-02	-4.162598e-02
8.827083e-02	-3.982544e-02
8.829167e-02	-3.793335e-02
8.831250e-02	-3.588867e-02
8.833333e-02	-3.375244e-02
8.835417e-02	-3.146362e-02
8.837500e-02	-2.911377e-02
8.839583e-02	-2.664185e-02
8.841667e-02	-2.407837e-02
8.843750e-02	-2.145386e-02
8.845833e-02	-1.873779e-02
8.847917e-02	-1.596069e-02
8.850000e-02	-1.315308e-02
8.852083e-02	-1.028442e-02
8.854167e-02	-7.385254e-03
8.856250e-02	-4.455566e-03
8.858333e-02	-1.525879e-03
8.860417e-02	1.403809e-03
8.862500e-02	4.333496e-03
8.864583e-02	7.263184e-03
8.866667e-02	1.016235e-02
8.868750e-02	1.303101e-02
8.870833e-02	1.586914e-02
8.872917e-02	1.861572e-02
8.875000e-02	2.133179e-02
8.877083e-02	2.398682e-02
8.879167e-02	2.651978e-02
8.881250e-02	2.899170e-02
8.883333e-02	3.137207e-02
8.885417e-02	3.363037e-02
8.887500e-02	3.579712e-02
8.889583e-02	3.784180e-02
8.891667e-02	3.973389e-02
8.893750e-02	4.153442e-02
8.895833e-02	4.318237e-02
8.897917e-02	4.467773e-02
8.900000e-02	4.602051e-02
8.902083e-02	4.721069e-02
8.904167e-02	4.827881e-02
8.906250e-02	4.913330e-02
8.908333e-02	4.986572e-02
8.910417e-02	5.041504e-02
8.912500e-02	5.081177e-02
8.914583e-02	5.102539e-02
8.916667e-02	5.108643e-02
8.918750e-02	5.096436e-02
8.920833e-02	5.065918e-02
8.922917e-02	5.020142e-02
8.925000e-02	4.959106e-02
8.927083e-02	4.879761e-02
8.929167e-02	4.785156e-02
8.931250e-02	4.672241e-02
8.933333e-02	4.547119e-02
8.935417e-02	4.403687e-02
8.937500e-02	4.248047e-02
8.939583e-02	4.077148e-02
8.941667e-02	3.894043e-02
8.943750e-02	3.698730e-02
8.945833e-02	3.488159e-02
8.947917e-02	3.268433e-02
8.950000e-02	3.036499e-02
8.952083e-02	2.795410e-02
8.954167e-02	2.545166e-02
8.956250e-02	2.285767e-02
8.958333e-02	2.020264e-02
8.960417e-02	1.745605e-02
8.962500e-02	1.464844e-02
8.964583e-02	1.181030e-02
8.966667e-02	8.941650e-03
8.968750e-02	6.011963e-03
8.970833e-02	3.082275e-03
8.972917e-02	1.525879e-04
8.975000e-02	-2.777100e-03
8.977083e-02	-5.706787e-03
8.979167e-02	-8.636475e-03
8.981250e-02	-1.150513e-02
8.983333e-02	-1.437378e-02
8.985417e-02	-1.715088e-02
8.987500e-02	-1.989746e-02
8.989583e-02	-2.258301e-02
8.991667e-02	-2.517700e-02
8.993750e-02	-2.770996e-02
8.995833e-02	-3.012085e-02
8.997917e-02	-3.247070e-02
9.000000e-02	-3.466797e-02
9.002083e-02	-3.677368e-02
9.004167e-02	-3.875732e-02
9.006250e-02	-4.061890e-02
9.008333e-02	-4.232788e-02
9.010417e-02	-4.391479e-02
9.012500e-02	-4.534912e-02
9.014583e-02	-4.663086e-02
9.016667e-02	-4.776001e-02
9.018750e-02	-4.873657e-02
9.020833e-02	-4.953003e-02
9.022917e-02	-5.017090e-02
9.025000e-02	-5.065918e-02
9.027083e-02	-5.096436e-02
9.029167e-02	-5.111694e-02
9.031250e-02	-5.108643e-02
9.033333e-02	-5.087280e-02
9.035417e-02	-5.050659e-02
9.037500e-02	-4.998779e-02
9.039583e-02	-4.928589e-02
9.041667e-02	-4.843140e-02
9.043750e-02	-4.739380e-02
9.045833e-02	-4.620361e-02
9.047917e-02	-4.489136e-02
9.050000e-02	-4.339600e-02
9.052083e-02	-4.177856e-02
9.054167e-02	-4.000854e-02
9.056250e-02	-3.811646e-02
9.058333e-02	-3.607178e-02
9.060417e-02	-3.393555e-02
9.062500e-02	-3.167725e-02
9.064583e-02	-2.932739e-02
9.066667e-02	-2.685547e-02
9.068750e-02	-2.432251e-02
9.070833e-02	-2.169800e-02
9.072917e-02	-1.898193e-02
9.075000e-02	-1.623535e-02
9.077083e-02	-1.342773e-02
9.079167e-02	-1.055908e-02
9.081250e-02	-7.659912e-03
9.083333e-02	-4.730225e-03
9.085417e-02	-1.800537e-03
9.087500e-02	1.159668e-03
9.089583e-02	4.089355e-03
9.091667e-02	7.019043e-03
9.093750e-02	9.918213e-03
9.095833e-02	1.278687e-02
9.097917e-02	1.559448e-02
9.100000e-02	1.837158e-02
9.102083e-02	2.108765e-02
9.104167e-02	2.374268e-02
9.106250e-02	2.630615e-02
9.108333e-02	2.877808e-02
9.110417e-02	3.115845e-02
9.112500e-02	3.344727e-02
9.114583e-02	3.561401e-02
9.116667e-02	3.765869e-02
9.118750e-02	3.958130e-02
9.120833e-02	4.138184e-02
9.122917e-02	4.302979e-02
9.125000e-02	4.455566e-02
9.127083e-02	4.589844e-02
9.129167e-02	4.711914e-02
9.131250e-02	4.818726e-02
9.133333e-02	4.907227e-02
9.135417e-02	4.980469e-02
9.137500e-02	5.038452e-02
9.139583e-02	5.078125e-02
9.141667e-02	5.102539e-02
9.143750e-02	5.108643e-02
9.145833e-02	5.096436e-02
9.147917e-02	5.068970e-02
9.150000e-02	5.026245e-02
9.152083e-02	4.965210e-02
9.154167e-02	4.885864e-02
9.156250e-02	4.794312e-02
9.158333e-02	4.684448e-02
9.160417e-02	4.559326e-02
9.162500e-02	4.418945e-02
9.164583e-02	4.263306e-02
9.166667e-02	4.095459e-02
9.168750e-02	3.912354e-02
9.170833e-02	3.717041e-02
9.172917e-02	3.509521e-02
9.175000e-02	3.289795e-02
9.177083e-02	3.057861e-02
9.179167e-02	2.816772e-02
9.181250e-02	2.566528e-02
9.183333e-02	2.310181e-02
9.185417e-02	2.044678e-02
9.187500e-02	1.770020e-02
9.189583e-02	1.492310e-02
9.191667e-02	1.208496e-02
9.193750e-02	9.216309e-03
9.195833e-02	6.286621e-03
9.197917e-02	3.356934e-03
9.200000e-02	4.272461e-04
9.202083e-02	-2.532959e-03
9.204167e-02	-5.462646e-03
9.206250e-02	-8.361816e-03
9.208333e-02	-1.126099e-02
9.210417e-02	-1.409912e-02
9.212500e-02	-1.690674e-02
9.214583e-02	-1.965332e-02
9.216667e-02	-2.233887e-02
9.218750e-02	-2.496338e-02
9.220833e-02	-2.746582e-02
9.222917e-02	-2.990723e-02
9.225000e-02	-3.225708e-02
9.227083e-02	-3.448486e-02
9.229167e-02	-3.659058e-02
9.231250e-02	-3.857422e-02
9.233333e-02	-4.046631e-02
9.235417e-02	-4.217529e-02
9.237500e-02	-4.376221e-02
9.239583e-02	-4.522705e-02
9.241667e-02	-4.650879e-02
9.243750e-02	-4.766846e-02
9.245833e-02	-4.864502e-02
9.247917e-02	-4.946899e-02
9.250000e-02	-5.014038e-02
9.252083e-02	-5.062866e-02
9.254167e-02	-5.093384e-02
9.256250e-02	-5.111694e-02
9.258333e-02	-5.108643e-02
9.260417e-02	-5.090332e-02
9.262500e-02	-5.056763e-02
9.264583e-02	-5.004883e-02
9.266667e-02	-4.934692e-02
9.268750e-02	-4.849243e-02
9.270833e-02	-4.748535e-02
9.272917e-02	-4.632568e-02
9.275000e-02	-4.501343e-02
9.277083e-02	-4.354858e-02
9.279167e-02	-4.193115e-02
9.281250e-02	-4.016113e-02
9.283333e-02	-3.829956e-02
9.285417e-02	-3.628540e-02
9.287500e-02	-3.414917e-02
9.289583e-02	-3.189087e-02
9.291667e-02	-2.954102e-02
9.293750e-02	-2.709961e-02
9.295833e-02	-2.456665e-02
9.297917e-02	-2.194214e-02
9.300000e-02	-1.925659e-02
9.302083e-02	-1.647949e-02
9.304167e-02	-1.367188e-02
9.306250e-02	-1.080322e-02
9.308333e-02	-7.934570e-03
9.310417e-02	-5.004883e-03
9.312500e-02	-2.075195e-03
9.314583e-02	8.850098e-04
9.316667e-02	3.814697e-03
9.318750e-02	6.744385e-03
9.320833e-02	9.643555e-03
9.322917e-02	1.251221e-02
9.325000e-02	1.535034e-02
9.327083e-02	1.812744e-02
9.329167e-02	2.084351e-02
9.331250e-02	2.349854e-02
9.333333e-02	2.606201e-02
9.335417e-02	2.856445e-02
9.337500e-02	3.094482e-02
9.339583e-02	3.323364e-02
9.341667e-02	3.540039e-02
9.343750e-02	3.747559e-02
9.345833e-02	3.939819e-02
9.347917e-02	4.122925e-02
9.350000e-02	4.287720e-02
9.352083e-02	4.440308e-02
9.354167e-02	4.577637e-02
9.356250e-02	4.702759e-02
9.358333e-02	4.809570e-02
9.360417e-02	4.901123e-02
9.362500e-02	4.974365e-02
9.364583e-02	5.032349e-02
9.366667e-02	5.075073e-02
9.368750e-02	5.099487e-02
9.370833e-02	5.108643e-02
9.372917e-02	5.099487e-02
9.375000e-02	5.072021e-02
9.377083e-02	5.029297e-02
9.379167e-02	4.971313e-02
9.381250e-02	4.895020e-02
9.383333e-02	4.803467e-02
9.385417e-02	4.693604e-02
9.387500e-02	4.571533e-02
9.389583e-02	4.431152e-02
9.391667e-02	4.278564e-02
9.393750e-02	4.110718e-02
9.395833e-02	3.930664e-02
9.397917e-02	3.735352e-02
9.400000e-02	3.527832e-02
9.402083e-02	3.308105e-02
9.404167e-02	3.079224e-02
9.406250e-02	2.841187e-02
9.408333e-02	2.590942e-02
9.410417e-02	2.334595e-02
9.412500e-02	2.069092e-02
9.414583e-02	1.794434e-02
9.416667e-02	1.516724e-02
9.418750e-02	1.232910e-02
9.420833e-02	9.460449e-03
9.422917e-02	6.561279e-03
9.425000e-02	3.631592e-03
9.427083e-02	7.019043e-04
9.429167e-02	-2.258301e-03
9.431250e-02	-5.187988e-03
9.433333e-02	-8.117676e-03
9.435417e-02	-1.098633e-02
9.437500e-02	-1.385498e-02
9.439583e-02	-1.666260e-02
9.441667e-02	-1.940918e-02
9.443750e-02	-2.209473e-02
9.445833e-02	-2.471924e-02
9.447917e-02	-2.725220e-02
9.450000e-02	-2.969360e-02
9.452083e-02	-3.204346e-02
9.454167e-02	-3.427124e-02
9.456250e-02	-3.640747e-02
9.458333e-02	-3.842163e-02
9.460417e-02	-4.028320e-02
9.462500e-02	-4.202271e-02
9.464583e-02	-4.364014e-02
9.466667e-02	-4.510498e-02
9.468750e-02	-4.641724e-02
9.470833e-02	-4.757690e-02
9.472917e-02	-4.855347e-02
9.475000e-02	-4.940796e-02
9.477083e-02	-5.007935e-02
9.479167e-02	-5.056763e-02
9.481250e-02	-5.093384e-02
9.483333e-02	-5.108643e-02
9.485417e-02	-5.108643e-02
9.487500e-02	-5.093384e-02
9.489583e-02	-5.059814e-02
9.491667e-02	-5.007935e-02
9.493750e-02	-4.940796e-02
9.495833e-02	-4.858398e-02
9.497917e-02	-4.760742e-02
9.500000e-02	-4.644775e-02
9.502083e-02	-4.513550e-02
9.504167e-02	-4.367065e-02
9.506250e-02	-4.208374e-02
9.508333e-02	-4.034424e-02
9.510417e-02	-3.845215e-02
9.512500e-02	-3.646851e-02
9.514583e-02	-3.433228e-02
9.516667e-02	-3.210449e-02
9.518750e-02	-2.975464e-02
9.520833e-02	-2.731323e-02
9.522917e-02	-2.478027e-02
9.525000e-02	-2.218628e-02
9.527083e-02	-1.950073e-02
9.529167e-02	-1.672363e-02
9.531250e-02	-1.391602e-02
9.533333e-02	-1.107788e-02
9.535417e-02	-8.178711e-03
9.537500e-02	-5.279541e-03
9.539583e-02	-2.319336e-03
9.541667e-02	6.103516e-04
9.543750e-02	3.540039e-03
9.545833e-02	6.469727e-03
9.547917e-02	9.368896e-03
9.550000e-02	1.226807e-02
9.552083e-02	1.510620e-02
9.554167e-02	1.788330e-02
9.556250e-02	2.059937e-02
9.558333e-02	2.325439e-02
9.560417e-02	2.584839e-02
9.562500e-02	2.832031e-02
9.564583e-02	3.073120e-02
9.566667e-02	3.302002e-02
9.568750e-02	3.521729e-02
9.570833e-02	3.729248e-02
9.572917e-02	3.924561e-02
9.575000e-02	4.104614e-02
9.577083e-02	4.272461e-02
9.579167e-02	4.428101e-02
9.581250e-02	4.568481e-02
9.583333e-02	4.690552e-02
9.585417e-02	4.800415e-02
9.587500e-02	4.891968e-02
9.589583e-02	4.968262e-02
9.591667e-02	5.029297e-02
9.593750e-02	5.072021e-02
9.595833e-02	5.099487e-02
9.597917e-02	5.108643e-02
9.600000e-02	5.099487e-02
9.602083e-02	5.075073e-02
9.604167e-02	5.035400e-02
9.606250e-02	4.977417e-02
9.608333e-02	4.901123e-02
9.610417e-02	4.812622e-02
9.612500e-02	4.705811e-02
9.614583e-02	4.583740e-02
9.616667e-02	4.446411e-02
9.618750e-02	4.293823e-02
9.620833e-02	4.125977e-02
9.622917e-02	3.945923e-02
9.625000e-02	3.753662e-02
9.627083e-02	3.546143e-02
9.629167e-02	3.329468e-02
9.631250e-02	3.100586e-02
9.633333e-02	2.862549e-02
9.635417e-02	2.615356e-02
9.637500e-02	2.355957e-02
9.639583e-02	2.093506e-02
9.641667e-02	1.821899e-02
9.643750e-02	1.541138e-02
9.645833e-02	1.260376e-02
9.647917e-02	9.735107e-03
9.650000e-02	6.835938e-03
9.652083e-02	3.906250e-03
9.654167e-02	9.460449e-04
9.656250e-02	-1.983643e-03
9.658333e-02	-4.913330e-03
9.660417e-02	-7.843018e-03
9.662500e-02	-1.074219e-02
9.664583e-02	-1.358032e-02
9.666667e-02	-1.641846e-02
9.668750e-02	-1.916504e-02
9.670833e-02	-2.185059e-02
9.672917e-02	-2.447510e-02
9.675000e-02	-2.703857e-02
9.677083e-02	-2.947998e-02
9.679167e-02	-3.182983e-02
9.681250e-02	-3.408813e-02
9.683333e-02	-3.622437e-02
9.685417e-02	-3.823853e-02
9.687500e-02	-4.013062e-02
9.689583e-02	-4.187012e-02
9.691667e-02	-4.348755e-02
9.693750e-02	-4.498291e-02
9.695833e-02	-4.629517e-02
9.697917e-02	-4.745483e-02
9.700000e-02	-4.849243e-02
9.702083e-02	-4.934692e-02
9.704167e-02	-5.001831e-02
9.706250e-02	-5.053711e-02
9.708333e-02	-5.090332e-02
9.710417e-02	-5.108643e-02
9.712500e-02	-5.111694e-02
9.714583e-02	-5.096436e-02
9.716667e-02	-5.062866e-02
9.718750e-02	-5.014038e-02
9.720833e-02	-4.949951e-02
9.722917e-02	-4.867554e-02
9.725000e-02	-4.769897e-02
9.727083e-02	-4.653931e-02
9.729167e-02	-4.525757e-02
9.731250e-02	-4.382324e-02
9.733333e-02	-4.223633e-02
9.735417e-02	-4.049683e-02
9.737500e-02	-3.863525e-02
9.739583e-02	-3.665161e-02
9.741667e-02	-3.454590e-02
9.743750e-02	-3.231812e-02
9.745833e-02	-2.996826e-02
9.747917e-02	-2.755737e-02
9.750000e-02	-2.502441e-02
9.752083e-02	-2.239990e-02
9.754167e-02	-1.974487e-02
9.756250e-02	-1.699829e-02
9.758333e-02	-1.419067e-02
9.760417e-02	-1.135254e-02
9.762500e-02	-8.453369e-03
9.764583e-02	-5.523682e-03
9.766667e-02	-2.593994e-03
9.768750e-02	3.356934e-04
9.770833e-02	3.295898e-03
9.772917e-02	6.225586e-03
9.775000e-02	9.124756e-03
9.777083e-02	1.199341e-02
9.779167e-02	1.483154e-02
9.781250e-02	1.763916e-02
9.783333e-02	2.035522e-02
9.785417e-02	2.301025e-02
9.787500e-02	2.560425e-02
9.789583e-02	2.810669e-02
9.791667e-02	3.051758e-02
9.793750e-02	3.283691e-02
9.795833e-02	3.503418e-02
9.797917e-02	3.710938e-02
9.800000e-02	3.906250e-02
9.802083e-02	4.089355e-02
9.804167e-02	4.260254e-02
9.806250e-02	4.415894e-02
9.808333e-02	4.556274e-02
9.810417e-02	4.681396e-02
9.812500e-02	4.791260e-02
9.814583e-02	4.885864e-02
9.816667e-02	4.962158e-02
9.818750e-02	5.023193e-02
9.820833e-02	5.068970e-02
9.822917e-02	5.096436e-02
9.825000e-02	5.108643e-02
9.827083e-02	5.102539e-02
9.829167e-02	5.078125e-02
9.831250e-02	5.038452e-02
9.833333e-02	4.983521e-02
9.835417e-02	4.910278e-02
9.837500e-02	4.821777e-02
9.839583e-02	4.714966e-02
9.841667e-02	4.595947e-02
9.843750e-02	4.458618e-02
9.845833e-02	4.306030e-02
9.847917e-02	4.141235e-02
9.850000e-02	3.964233e-02
9.852083e-02	3.771973e-02
9.854167e-02	3.567505e-02
9.856250e-02	3.350830e-02
9.858333e-02	3.121948e-02
9.860417e-02	2.883911e-02
9.862500e-02	2.636719e-02
9.864583e-02	2.380371e-02
9.866667e-02	2.117920e-02
9.868750e-02	1.846313e-02
9.870833e-02	1.568604e-02
9.872917e-02	1.284790e-02
9.875000e-02	9.979248e-03
9.877083e-02	7.080078e-03
9.879167e-02	4.150391e-03
9.881250e-02	1.220703e-03
9.883333e-02	-1.708984e-03
9.885417e-02	-4.669189e-03
9.887500e-02	-7.568359e-03
9.889583e-02	-1.046753e-02
9.891667e-02	-1.333618e-02
9.893750e-02	-1.614380e-02
9.895833e-02	-1.892090e-02
9.897917e-02	-2.160645e-02
9.900000e-02	-2.426147e-02
9.902083e-02	-2.679443e-02
9.904167e-02	-2.926636e-02
9.906250e-02	-3.161621e-02
9.908333e-02	-3.387451e-02
9.910417e-02	-3.604126e-02
9.912500e-02	-3.805542e-02
9.914583e-02	-3.994751e-02
9.916667e-02	-4.171753e-02
9.918750e-02	-4.336548e-02
9.920833e-02	-4.483032e-02
9.922917e-02	-4.617310e-02
9.925000e-02	-4.736328e-02
9.927083e-02	-4.840088e-02
9.929167e-02	-4.925537e-02
9.931250e-02	-4.995728e-02
9.933333e-02	-5.050659e-02
9.935417e-02	-5.087280e-02
9.937500e-02	-5.108643e-02
9.939583e-02	-5.111694e-02
9.941667e-02	-5.096436e-02
9.943750e-02	-5.065918e-02
9.945833e-02	-5.020142e-02
9.947917e-02	-4.956055e-02
9.950000e-02	-4.873657e-02
9.952083e-02	-4.779053e-02
9.954167e-02	-4.666138e-02
9.956250e-02	-4.537964e-02
9.958333e-02	-4.394531e-02
9.960417e-02	-4.238892e-02
9.962500e-02	-4.064941e-02
9.964583e-02	-3.881836e-02
9.966667e-02	-3.683472e-02
9.968750e-02	-3.472900e-02
9.970833e-02	-3.253174e-02
9.972917e-02	-3.018188e-02
9.975000e-02	-2.777100e-02
9.977083e-02	-2.526855e-02
9.979167e-02	-2.264404e-02
9.981250e-02	-1.998901e-02
9.983333e-02	-1.724243e-02
9.985417e-02	-1.443481e-02
9.987500e-02	-1.159668e-02
9.989583e-02	-8.697510e-03
9.991667e-02	-5.798340e-03
9.993750e-02	-2.868652e-03
9.995833e-02	6.103516e-05
9.997917e-02	3.021240e-03
1.000000e-01	5.950928e-03
1.000208e-01	8.850098e-03
1.000417e-01	1.174927e-02
1.000625e-01	1.458740e-02
1.000833e-01	1.736450e-02
1.001042e-01	2.011108e-02
1.001250e-01	2.279663e-02
1.001458e-01	2.539062e-02
1.001667e-01	2.789307e-02
1.001875e-01	3.030396e-02
1.002083e-01	3.262329e-02
1.002292e-01	3.482056e-02
1.002500e-01	3.692627e-02
1.002708e-01	3.890991e-02
1.002917e-01	4.074097e-02
1.003125e-01	4.244995e-02
1.003333e-01	4.400635e-02
1.003542e-01	4.544067e-02
1.003750e-01	4.669189e-02
1.003958e-01	4.782104e-02
1.004167e-01	4.876709e-02
1.004375e-01	4.956055e-02
1.004583e-01	5.020142e-02
1.004792e-01	5.065918e-02
1.005000e-01	5.093384e-02
1.005208e-01	5.108643e-02
1.005417e-01	5.102539e-02
1.005625e-01	5.081177e-02
1.005833e-01	5.044556e-02
1.006042e-01	4.989624e-02
1.006250e-01	4.916382e-02
1.006458e-01	4.827881e-02
1.006667e-01	4.724121e-02
1.006875e-01	4.605103e-02
1.007083e-01	4.470825e-02
1.007292e-01	4.321289e-02
1.007500e-01	4.156494e-02
1.007708e-01	3.979492e-02
1.007917e-01	3.790283e-02
1.008125e-01	3.585815e-02
1.008333e-01	3.369141e-02
1.008542e-01	3.143311e-02
1.008750e-01	2.905273e-02
1.008958e-01	2.661133e-02
1.009167e-01	2.404785e-02
1.009375e-01	2.142334e-02
1.009583e-01	1.870728e-02
1.009792e-01	1.593018e-02
1.010000e-01	1.312256e-02
1.010208e-01	1.025391e-02
1.010417e-01	7.354736e-03
1.010625e-01	4.425049e-03
1.010833e-01	1.495361e-03
1.011042e-01	-1.464844e-03
1.011250e-01	-4.394531e-03
1.011458e-01	-7.324219e-03
1.011667e-01	-1.022339e-02
1.011875e-01	-1.309204e-02
1.012083e-01	-1.589966e-02
1.012292e-01	-1.867676e-02
1.012500e-01	-2.136230e-02
1.012708e-01	-2.401733e-02
1.012917e-01	-2.658081e-02
1.013125e-01	-2.905273e-02
1.013333e-01	-3.140259e-02
1.013542e-01	-3.369141e-02
1.013750e-01	-3.582764e-02
1.013958e-01	-3.787231e-02
1.014167e-01	-3.979492e-02
1.014375e-01	-4.156494e-02
1.014583e-01	-4.321289e-02
1.014792e-01	-4.470825e-02
1.015000e-01	-4.605103e-02
1.015208e-01	-4.727173e-02
1.015417e-01	-4.830933e-02
1.015625e-01	-4.919434e-02
1.015833e-01	-4.989624e-02
1.016042e-01	-5.047607e-02
1.016250e-01	-5.084229e-02
1.016458e-01	-5.105591e-02
1.016667e-01	-5.111694e-02
1.016875e-01	-5.099487e-02
1.017083e-01	-5.068970e-02
1.017292e-01	-5.023193e-02
1.017500e-01	-4.962158e-02
1.017708e-01	-4.882812e-02
1.017917e-01	-4.788208e-02
1.018125e-01	-4.678345e-02
1.018333e-01	-4.550171e-02
1.018542e-01	-4.409790e-02
1.018750e-01	-4.254150e-02
1.018958e-01	-4.083252e-02
1.019167e-01	-3.900146e-02
1.019375e-01	-3.701782e-02
1.019583e-01	-3.494263e-02
1.019792e-01	-3.271484e-02
1.020000e-01	-3.039551e-02
1.020208e-01	-2.798462e-02
1.020417e-01	-2.548218e-02
1.020625e-01	-2.288818e-02
1.020833e-01	-2.023315e-02
1.021042e-01	-1.748657e-02
1.021250e-01	-1.470947e-02
1.021458e-01	-1.187134e-02
1.021667e-01	-8.972168e-03
1.021875e-01	-6.072998e-03
1.022083e-01	-3.143311e-03
1.022292e-01	-1.831055e-04
1.022500e-01	2.746582e-03
1.022708e-01	5.676270e-03
1.022917e-01	8.605957e-03
1.023125e-01	1.147461e-02
1.023333e-01	1.431274e-02
1.023542e-01	1.712036e-02
1.023750e-01	1.986694e-02
1.023958e-01	2.255249e-02
1.024167e-01	2.514648e-02
1.024375e-01	2.764893e-02
1.024583e-01	3.009033e-02
1.024792e-01	3.240967e-02
1.025000e-01	3.463745e-02
1.025208e-01	3.674316e-02
1.025417e-01	3.872681e-02
1.025625e-01	4.058838e-02
1.025833e-01	4.229736e-02
1.026042e-01	4.388428e-02
1.026250e-01	4.531860e-02
1.026458e-01	4.660034e-02
1.026667e-01	4.772949e-02
1.026875e-01	4.867554e-02
1.027083e-01	4.949951e-02
1.027292e-01	5.014038e-02
1.027500e-01	5.062866e-02
1.027708e-01	5.093384e-02
1.027917e-01	5.105591e-02
1.028125e-01	5.102539e-02
1.028333e-01	5.084229e-02
1.028542e-01	5.047607e-02
1.028750e-01	4.995728e-02
1.028958e-01	4.925537e-02
1.029167e-01	4.837036e-02
1.029375e-01	4.736328e-02
1.029583e-01	4.617310e-02
1.029792e-01	4.483032e-02
1.030000e-01	4.336548e-02
1.030208e-01	4.174805e-02
1.030417e-01	3.997803e-02
1.030625e-01	3.805542e-02
1.030833e-01	3.604126e-02
1.031042e-01	3.390503e-02
1.031250e-01	3.164673e-02
1.031458e-01	2.929688e-02
1.031667e-01	2.682495e-02
1.031875e-01	2.429199e-02
1.032083e-01	2.166748e-02
1.032292e-01	1.895142e-02
1.032500e-01	1.620483e-02
1.032708e-01	1.336670e-02
1.032917e-01	1.049805e-02
1.033125e-01	7.629395e-03
1.033333e-01	4.699707e-03
1.033542e-01	1.770020e-03
1.033750e-01	-1.190186e-03
1.033958e-01	-4.119873e-03
1.034167e-01	-7.049561e-03
1.034375e-01	-9.948730e-03
1.034583e-01	-1.281738e-02
1.034792e-01	-1.565552e-02
1.035000e-01	-1.843262e-02
1.035208e-01	-2.111816e-02
1.035417e-01	-2.377319e-02
1.035625e-01	-2.633667e-02
1.035833e-01	-2.880859e-02
1.036042e-01	-3.118896e-02
1.036250e-01	-3.347778e-02
1.036458e-01	-3.564453e-02
1.036667e-01	-3.768921e-02
1.036875e-01	-3.961182e-02
1.037083e-01	-4.141235e-02
1.037292e-01	-4.306030e-02
1.037500e-01	-4.458618e-02
1.037708e-01	-4.595947e-02
1.037917e-01	-4.714966e-02
1.038125e-01	-4.821777e-02
1.038333e-01	-4.910278e-02
1.038542e-01	-4.983521e-02
1.038750e-01	-5.041504e-02
1.038958e-01	-5.081177e-02
1.039167e-01	-5.105591e-02
1.039375e-01	-5.111694e-02
1.039583e-01	-5.102539e-02
1.039792e-01	-5.075073e-02
1.040000e-01	-5.029297e-02
1.040208e-01	-4.968262e-02
1.040417e-01	-4.891968e-02
1.040625e-01	-4.797363e-02
1.040833e-01	-4.687500e-02
1.041042e-01	-4.562378e-02
1.041250e-01	-4.421997e-02
1.041458e-01	-4.266357e-02
1.041667e-01	-4.098511e-02
1.041875e-01	-3.915405e-02
1.042083e-01	-3.720093e-02
1.042292e-01	-3.512573e-02
1.042500e-01	-3.292847e-02
1.042708e-01	-3.063965e-02
1.042917e-01	-2.822876e-02
1.043125e-01	-2.572632e-02
1.043333e-01	-2.313232e-02
1.043542e-01	-2.047729e-02
1.043750e-01	-1.773071e-02
1.043958e-01	-1.495361e-02
1.044167e-01	-1.211548e-02
1.044375e-01	-8.544922e-03
1.044583e-01	-4.913330e-03
1.044792e-01	-1.281738e-03
1.045000e-01	2.349854e-03
1.045208e-01	5.981445e-03
1.045417e-01	9.582520e-03
1.045625e-01	1.315308e-02
1.045833e-01	1.724243e-02
1.046042e-01	2.130127e-02
1.046250e-01	2.526855e-02
1.046458e-01	2.914429e-02
1.046667e-01	3.292847e-02
1.046875e-01	3.662109e-02
1.047083e-01	4.016113e-02
1.047292e-01	4.360962e-02
1.047500e-01	4.687500e-02
1.047708e-01	4.998779e-02
1.047917e-01	5.294800e-02
1.048125e-01	5.572510e-02
1.048333e-01	5.895996e-02
1.048542e-01	6.201172e-02
1.048750e-01	6.484985e-02
1.048958e-01	6.747437e-02
1.049167e-01	6.985474e-02
1.049375e-01	7.202148e-02
1.049583e-01	7.394409e-02
1.049792e-01	7.608032e-02
1.050000e-01	7.794189e-02
1.050208e-01	7.955933e-02
1.050417e-01	8.093262e-02
1.050625e-01	8.203125e-02
1.050833e-01	8.282471e-02
1.051042e-01	8.337402e-02
1.051250e-01	8.370972e-02
1.051458e-01	8.374023e-02
1.051667e-01	8.352661e-02
1.051875e-01	8.300781e-02
1.052083e-01	8.221436e-02
1.052292e-01	8.117676e-02
1.052500e-01	7.983398e-02
1.052708e-01	7.824707e-02
1.052917e-01	7.641602e-02
1.053125e-01	7.431030e-02
1.053333e-01	7.196045e-02
1.053542e-01	6.936646e-02
1.053750e-01	6.652832e-02
1.053958e-01	6.350708e-02
1.054167e-01	6.024170e-02
1.054375e-01	5.679321e-02
1.054583e-01	5.316162e-02
1.054792e-01	4.934692e-02
1.055000e-01	4.537964e-02
1.055208e-01	4.122925e-02
1.055417e-01	3.698730e-02
1.055625e-01	3.259277e-02
1.055833e-01	2.810669e-02
1.056042e-01	2.349854e-02
1.056250e-01	1.882935e-02
1.056458e-01	1.409912e-02
1.056667e-01	9.338379e-03
1.056875e-01	4.516602e-03
1.057083e-01	-3.051758e-04
1.057292e-01	-5.126953e-03
1.057500e-01	-9.948730e-03
1.057708e-01	-1.470947e-02
1.057917e-01	-1.943970e-02
1.058125e-01	-2.407837e-02
1.058333e-01	-2.865601e-02
1.058542e-01	-3.314209e-02
1.058750e-01	-3.753662e-02
1.058958e-01	-4.177856e-02
1.059167e-01	-4.589844e-02
1.059375e-01	-4.983521e-02
1.059583e-01	-5.364990e-02
1.059792e-01	-5.725098e-02
1.060000e-01	-6.069946e-02
1.060208e-01	-6.390381e-02
1.060417e-01	-6.692505e-02
1.060625e-01	-6.973267e-02
1.060833e-01	-7.226562e-02
1.061042e-01	-7.458496e-02
1.061250e-01	-7.666016e-02
1.061458e-01	-7.849121e-02
1.061667e-01	-8.004761e-02
1.061875e-01	-8.135986e-02
1.062083e-01	-8.236694e-02
1.062292e-01	-8.312988e-02
1.062500e-01	-8.358765e-02
1.062708e-01	-8.380127e-02
1.062917e-01	-8.370972e-02
1.063125e-01	-8.337402e-02
1.063333e-01	-8.273315e-02
1.063542e-01	-8.181763e-02
1.063750e-01	-8.062744e-02
1.063958e-01	-7.919312e-02
1.064167e-01	-7.748413e-02
1.064375e-01	-7.553101e-02
1.064583e-01	-7.330322e-02
1.064792e-01	-7.083130e-02
1.065000e-01	-6.814575e-02
1.065208e-01	-6.521606e-02
1.065417e-01	-6.210327e-02
1.065625e-01	-5.874634e-02
1.065833e-01	-5.520630e-02
1.066042e-01	-5.148315e-02
1.066250e-01	-4.760742e-02
1.066458e-01	-4.354858e-02
1.066667e-01	-3.936768e-02
1.066875e-01	-3.503418e-02
1.067083e-01	-3.060913e-02
1.067292e-01	-2.606201e-02
1.067500e-01	-2.142334e-02
1.067708e-01	-1.672363e-02
1.067917e-01	-1.199341e-02
1.068125e-01	-7.171631e-03
1.068333e-01	-2.380371e-03
1.068542e-01	2.471924e-03
1.068750e-01	7.263184e-03
1.068958e-01	1.205444e-02
1.069167e-01	1.681519e-02
1.069375e-01	2.151489e-02
1.069583e-01	2.615356e-02
1.069792e-01	3.067017e-02
1.070000e-01	3.512573e-02
1.070208e-01	3.942871e-02
1.070417e-01	4.360962e-02
1.070625e-01	4.766846e-02
1.070833e-01	5.154419e-02
1.071042e-01	5.526733e-02
1.071250e-01	5.880737e-02
1.071458e-01	6.213379e-02
1.071667e-01	6.527710e-02
1.071875e-01	6.817627e-02
1.072083e-01	7.086182e-02
1.072292e-01	7.333374e-02
1.072500e-01	7.553101e-02
1.072708e-01	7.748413e-02
1.072917e-01	7.919312e-02
1.073125e-01	8.062744e-02
1.073333e-01	8.181763e-02
1.073542e-01	8.270264e-02
1.073750e-01	8.334351e-02
1.073958e-01	8.367920e-02
1.074167e-01	8.374023e-02
1.074375e-01	8.355713e-02
1.074583e-01	8.306885e-02
1.074792e-01	8.230591e-02
1.075000e-01	8.126831e-02
1.075208e-01	7.998657e-02
1.075417e-01	7.839966e-02
1.075625e-01	7.656860e-02
1.075833e-01	7.449341e-02
1.076042e-01	7.217407e-02
1.076250e-01	6.961060e-02
1.076458e-01	6.680298e-02
1.076667e-01	6.378174e-02
1.076875e-01	6.054688e-02
1.077083e-01	5.712891e-02
1.077292e-01	5.349731e-02
1.077500e-01	4.971313e-02
1.077708e-01	4.574585e-02
1.077917e-01	4.162598e-02
1.078125e-01	3.738403e-02
1.078333e-01	3.298950e-02
1.078542e-01	2.850342e-02
1.078750e-01	2.392578e-02
1.078958e-01	1.925659e-02
1.079167e-01	1.452637e-02
1.079375e-01	9.765625e-03
1.079583e-01	4.943848e-03
1.079792e-01	1.220703e-04
1.080000e-01	-4.699707e-03
1.080208e-01	-9.490967e-03
1.080417e-01	-1.428223e-02
1.080625e-01	-1.901245e-02
1.080833e-01	-2.368164e-02
1.081042e-01	-2.825928e-02
1.081250e-01	-3.274536e-02
1.081458e-01	-3.713989e-02
1.081667e-01	-4.138184e-02
1.081875e-01	-4.553223e-02
1.082083e-01	-4.949951e-02
1.082292e-01	-5.331421e-02
1.082500e-01	-5.694580e-02
1.082708e-01	-6.039429e-02
1.082917e-01	-6.362915e-02
1.083125e-01	-6.665039e-02
1.083333e-01	-6.945801e-02
1.083542e-01	-7.205200e-02
1.083750e-01	-7.440186e-02
1.083958e-01	-7.650757e-02
1.084167e-01	-7.833862e-02
1.084375e-01	-7.992554e-02
1.084583e-01	-8.123779e-02
1.084792e-01	-8.227539e-02
1.085000e-01	-8.306885e-02
1.085208e-01	-8.355713e-02
1.085417e-01	-8.380127e-02
1.085625e-01	-8.374023e-02
1.085833e-01	-8.340454e-02
1.086042e-01	-8.279419e-02
1.086250e-01	-8.190918e-02
1.086458e-01	-8.074951e-02
1.086667e-01	-7.934570e-02
1.086875e-01	-7.763672e-02
1.087083e-01	-7.571411e-02
1.087292e-01	-7.351685e-02
1.087500e-01	-7.107544e-02
1.087708e-01	-6.838989e-02
1.087917e-01	-6.549072e-02
1.088125e-01	-6.237793e-02
1.088333e-01	-5.905151e-02
1.088542e-01	-5.554199e-02
1.088750e-01	-5.184937e-02
1.088958e-01	-4.797363e-02
1.089167e-01	-4.394531e-02
1.089375e-01	-3.973389e-02
1.089583e-01	-3.543091e-02
1.089792e-01	-3.100586e-02
1.090000e-01	-2.648926e-02
1.090208e-01	-2.185059e-02
1.090417e-01	-1.715088e-02
1.090625e-01	-1.242065e-02
1.090833e-01	-7.629395e-03
1.091042e-01	-2.807617e-03
1.091250e-01	2.014160e-03
1.091458e-01	6.835938e-03
1.091667e-01	1.162720e-02
1.091875e-01	1.638794e-02
1.092083e-01	2.108765e-02
1.092292e-01	2.572632e-02
1.092500e-01	3.027344e-02
1.092708e-01	3.472900e-02
1.092917e-01	3.906250e-02
1.093125e-01	4.324341e-02
1.093333e-01	4.730225e-02
1.093542e-01	5.120850e-02
1.093750e-01	5.493164e-02
1.093958e-01	5.850220e-02
1.094167e-01	6.185913e-02
1.094375e-01	6.500244e-02
1.094583e-01	6.793213e-02
1.094792e-01	7.064819e-02
1.095000e-01	7.312012e-02
1.095208e-01	7.534790e-02
1.095417e-01	7.733154e-02
1.095625e-01	7.904053e-02
1.095833e-01	8.050537e-02
1.096042e-01	8.169556e-02
1.096250e-01	8.264160e-02
1.096458e-01	8.328247e-02
1.096667e-01	8.364868e-02
1.096875e-01	8.377075e-02
1.097083e-01	8.358765e-02
1.097292e-01	8.312988e-02
1.097500e-01	8.239746e-02
1.097708e-01	8.139038e-02
1.097917e-01	8.010864e-02
1.098125e-01	7.855225e-02
1.098333e-01	7.675171e-02
1.098542e-01	7.470703e-02
1.098750e-01	7.238770e-02
1.098958e-01	6.985474e-02
1.099167e-01	6.707764e-02
1.099375e-01	6.405640e-02
1.099583e-01	6.085205e-02
1.099792e-01	5.743408e-02
1.100000e-01	5.383301e-02
1.100208e-01	5.004883e-02
1.100417e-01	4.611206e-02
1.100625e-01	4.199219e-02
1.100833e-01	3.775024e-02
1.101042e-01	3.338623e-02
1.101250e-01	2.893066e-02
1.101458e-01	2.435303e-02
1.101667e-01	1.968384e-02
1.101875e-01	1.495361e-02
1.102083e-01	1.019287e-02
1.102292e-01	5.401611e-03
1.102500e-01	5.798340e-04
1.102708e-01	-4.241943e-03
1.102917e-01	-9.063721e-03
1.103125e-01	-1.382446e-02
1.103333e-01	-1.858521e-02
1.103542e-01	-2.325439e-02
1.103750e-01	-2.783203e-02
1.103958e-01	-3.234863e-02
1.104167e-01	-3.674316e-02
1.104375e-01	-4.101562e-02
1.104583e-01	-4.516602e-02
1.104792e-01	-4.913330e-02
1.105000e-01	-5.297852e-02
1.105208e-01	-5.661011e-02
1.105417e-01	-6.008911e-02
1.105625e-01	-6.335449e-02
1.105833e-01	-6.640625e-02
1.106042e-01	-6.921387e-02
1.106250e-01	-7.183838e-02
1.106458e-01	-7.418823e-02
1.106667e-01	-7.632446e-02
1.106875e-01	-7.818604e-02
1.107083e-01	-7.980347e-02
1.107292e-01	-8.114624e-02
1.107500e-01	-8.221436e-02
1.107708e-01	-8.300781e-02
1.107917e-01	-8.352661e-02
1.108125e-01	-8.377075e-02
1.108333e-01	-8.374023e-02
1.108542e-01	-8.343506e-02
1.108750e-01	-8.285522e-02
1.108958e-01	-8.200073e-02
1.109167e-01	-8.087158e-02
1.109375e-01	-7.946777e-02
1.109583e-01	-7.781982e-02
1.109792e-01	-7.589722e-02
1.110000e-01	-7.373047e-02
1.110208e-01	-7.131958e-02
1.110417e-01	-6.866455e-02
1.110625e-01	-6.576538e-02
1.110833e-01	-6.268311e-02
1.111042e-01	-5.938721e-02
1.111250e-01	-5.587769e-02
1.111458e-01	-5.218506e-02
1.111667e-01	-4.830933e-02
1.111875e-01	-4.431152e-02
1.112083e-01	-4.013062e-02
1.112292e-01	-3.582764e-02
1.112500e-01	-3.140259e-02
1.112708e-01	-2.688599e-02
1.112917e-01	-2.227783e-02
1.113125e-01	-1.757812e-02
1.113333e-01	-1.284790e-02
1.113542e-01	-8.056641e-03
1.113750e-01	-3.234863e-03
1.113958e-01	1.586914e-03
1.114167e-01	6.408691e-03
1.114375e-01	1.119995e-02
1.114583e-01	1.596069e-02
1.114792e-01	2.066040e-02
1.115000e-01	2.529907e-02
1.115208e-01	2.984619e-02
1.115417e-01	3.430176e-02
1.115625e-01	3.866577e-02
1.115833e-01	4.287720e-02
1.116042e-01	4.693604e-02
1.116250e-01	5.087280e-02
1.116458e-01	5.459595e-02
1.116667e-01	5.816650e-02
1.116875e-01	6.155396e-02
1.117083e-01	6.472778e-02
1.117292e-01	6.765747e-02
1.117500e-01	7.040405e-02
1.117708e-01	7.290649e-02
1.117917e-01	7.513428e-02
1.118125e-01	7.714844e-02
1.118333e-01	7.891846e-02
1.118542e-01	8.038330e-02
1.118750e-01	8.160400e-02
1.118958e-01	8.255005e-02
1.119167e-01	8.325195e-02
1.119375e-01	8.364868e-02
1.119583e-01	8.377075e-02
1.119792e-01	8.361816e-02
1.120000e-01	8.316040e-02
1.120208e-01	8.245850e-02
1.120417e-01	8.148193e-02
1.120625e-01	8.023071e-02
1.120833e-01	7.870483e-02
1.121042e-01	7.693481e-02
1.121250e-01	7.489014e-02
1.121458e-01	7.260132e-02
1.121667e-01	7.009888e-02
1.121875e-01	6.732178e-02
1.122083e-01	6.436157e-02
1.122292e-01	6.115723e-02
1.122500e-01	5.776978e-02
1.122708e-01	5.416870e-02
1.122917e-01	5.041504e-02
1.123125e-01	4.647827e-02
1.123333e-01	4.238892e-02
1.123542e-01	3.814697e-02
1.123750e-01	3.378296e-02
1.123958e-01	2.932739e-02
1.124167e-01	2.474976e-02
1.124375e-01	2.011108e-02
1.124583e-01	1.541138e-02
1.124792e-01	1.062012e-02
1.125000e-01	5.828857e-03
1.125208e-01	1.007080e-03
1.125417e-01	-3.814697e-03
1.125625e-01	-8.636475e-03
1.125833e-01	-1.339722e-02
1.126042e-01	-1.815796e-02
1.126250e-01	-2.282715e-02
1.126458e-01	-2.743530e-02
1.126667e-01	-3.195190e-02
1.126875e-01	-3.634644e-02
1.127083e-01	-4.061890e-02
1.127292e-01	-4.476929e-02
1.127500e-01	-4.879761e-02
1.127708e-01	-5.261230e-02
1.127917e-01	-5.630493e-02
1.128125e-01	-5.978394e-02
1.128333e-01	-6.304932e-02
1.128542e-01	-6.613159e-02
1.128750e-01	-6.896973e-02
1.128958e-01	-7.159424e-02
1.129167e-01	-7.400513e-02
1.129375e-01	-7.614136e-02
1.129583e-01	-7.803345e-02
1.129792e-01	-7.965088e-02
1.130000e-01	-8.102417e-02
1.130208e-01	-8.212280e-02
1.130417e-01	-8.294678e-02
1.130625e-01	-8.349609e-02
1.130833e-01	-8.377075e-02
1.131042e-01	-8.377075e-02
1.131250e-01	-8.349609e-02
1.131458e-01	-8.291626e-02
1.131667e-01	-8.209229e-02
1.131875e-01	-8.099365e-02
1.132083e-01	-7.962036e-02
1.132292e-01	-7.797241e-02
1.132500e-01	-7.608032e-02
1.132708e-01	-7.394409e-02
1.132917e-01	-7.153320e-02
1.133125e-01	-6.890869e-02
1.133333e-01	-6.604004e-02
1.133542e-01	-6.295776e-02
1.133750e-01	-5.969238e-02
1.133958e-01	-5.621338e-02
1.134167e-01	-5.252075e-02
1.134375e-01	-4.867554e-02
1.134583e-01	-4.467773e-02
1.134792e-01	-4.052734e-02
1.135000e-01	-3.622437e-02
1.135208e-01	-3.182983e-02
1.135417e-01	-2.731323e-02
1.135625e-01	-2.270508e-02
1.135833e-01	-1.800537e-02
1.136042e-01	-1.327515e-02
1.136250e-01	-8.483887e-03
1.136458e-01	-3.692627e-03
1.136667e-01	1.129150e-03
1.136875e-01	5.950928e-03
1.137083e-01	1.077271e-02
1.137292e-01	1.553345e-02
1.137500e-01	2.023315e-02
1.137708e-01	2.490234e-02
1.137917e-01	2.944946e-02
1.138125e-01	3.390503e-02
1.138333e-01	3.826904e-02
1.138542e-01	4.248047e-02
1.138750e-01	4.656982e-02
1.138958e-01	5.050659e-02
1.139167e-01	5.426025e-02
1.139375e-01	5.786133e-02
1.139583e-01	6.124878e-02
1.139792e-01	6.442261e-02
1.140000e-01	6.741333e-02
1.140208e-01	7.015991e-02
1.140417e-01	7.269287e-02
1.140625e-01	7.495117e-02
1.140833e-01	7.699585e-02
1.141042e-01	7.876587e-02
1.141250e-01	8.026123e-02
1.141458e-01	8.151245e-02
1.141667e-01	8.248901e-02
1.141875e-01	8.319092e-02
1.142083e-01	8.361816e-02
1.142292e-01	8.377075e-02
1.142500e-01	8.361816e-02
1.142708e-01	8.322144e-02
1.142917e-01	8.255005e-02
1.143125e-01	8.157349e-02
1.143333e-01	8.035278e-02
1.143542e-01	7.885742e-02
1.143750e-01	7.711792e-02
1.143958e-01	7.510376e-02
1.144167e-01	7.284546e-02
1.144375e-01	7.034302e-02
1.144583e-01	6.759644e-02
1.144792e-01	6.463623e-02
1.145000e-01	6.146240e-02
1.145208e-01	5.807495e-02
1.145417e-01	5.450439e-02
1.145625e-01	5.075073e-02
1.145833e-01	4.684448e-02
1.146042e-01	4.275513e-02
1.146250e-01	3.854370e-02
1.146458e-01	3.421021e-02
1.146667e-01	2.972412e-02
1.146875e-01	2.517700e-02
1.147083e-01	2.053833e-02
1.147292e-01	1.583862e-02
1.147500e-01	1.107788e-02
1.147708e-01	6.256104e-03
1.147917e-01	1.464844e-03
1.148125e-01	-3.387451e-03
1.148333e-01	-8.178711e-03
1.148542e-01	-1.296997e-02
1.148750e-01	-1.773071e-02
1.148958e-01	-2.239990e-02
1.149167e-01	-2.700806e-02
1.149375e-01	-3.152466e-02
1.149583e-01	-3.594971e-02
1.149792e-01	-4.025269e-02
1.150000e-01	-4.440308e-02
1.150208e-01	-4.843140e-02
1.150417e-01	-5.227661e-02
1.150625e-01	-5.596924e-02
1.150833e-01	-5.947876e-02
1.151042e-01	-6.277466e-02
1.151250e-01	-6.585693e-02
1.151458e-01	-6.872559e-02
1.151667e-01	-7.138062e-02
1.151875e-01	-7.379150e-02
1.152083e-01	-7.595825e-02
1.152292e-01	-7.785034e-02
1.152500e-01	-7.952881e-02
1.152708e-01	-8.090210e-02
1.152917e-01	-8.203125e-02
1.153125e-01	-8.288574e-02
1.153333e-01	-8.346558e-02
1.153542e-01	-8.377075e-02
1.153750e-01	-8.377075e-02
1.153958e-01	-8.352661e-02
1.154167e-01	-8.297729e-02
1.154375e-01	-8.218384e-02
1.154583e-01	-8.108521e-02
1.154792e-01	-7.974243e-02
1.155000e-01	-7.812500e-02
1.155208e-01	-7.626343e-02
1.155417e-01	-7.412720e-02
1.155625e-01	-7.177734e-02
1.155833e-01	-6.915283e-02
1.156042e-01	-6.631470e-02
1.156250e-01	-6.326294e-02
1.156458e-01	-5.999756e-02
1.156667e-01	-5.651855e-02
1.156875e-01	-5.285645e-02
1.157083e-01	-4.904175e-02
1.157292e-01	-4.504395e-02
1.157500e-01	-4.089355e-02
1.157708e-01	-3.662109e-02
1.157917e-01	-3.222656e-02
1.158125e-01	-2.770996e-02
1.158333e-01	-2.313232e-02
1.158542e-01	-1.846313e-02
1.158750e-01	-1.370239e-02
1.158958e-01	-8.941650e-03
1.159167e-01	-4.119873e-03
1.159375e-01	7.019043e-04
1.159583e-01	5.523682e-03
1.159792e-01	1.031494e-02
1.160000e-01	1.510620e-02
1.160208e-01	1.980591e-02
1.160417e-01	2.447510e-02
1.160625e-01	2.905273e-02
1.160833e-01	3.350830e-02
1.161042e-01	3.787231e-02
1.161250e-01	4.211426e-02
1.161458e-01	4.620361e-02
1.161667e-01	5.017090e-02
1.161875e-01	5.392456e-02
1.162083e-01	5.752563e-02
1.162292e-01	6.094360e-02
1.162500e-01	6.414795e-02
1.162708e-01	6.713867e-02
1.162917e-01	6.991577e-02
1.163125e-01	7.244873e-02
1.163333e-01	7.476807e-02
1.163542e-01	7.681274e-02
1.163750e-01	7.861328e-02
1.163958e-01	8.013916e-02
1.164167e-01	8.142090e-02
1.164375e-01	8.239746e-02
1.164583e-01	8.312988e-02
1.164792e-01	8.358765e-02
1.165000e-01	8.377075e-02
1.165208e-01	8.364868e-02
1.165417e-01	8.328247e-02
1.165625e-01	8.261108e-02
1.165833e-01	8.169556e-02
1.166042e-01	8.047485e-02
1.166250e-01	7.901001e-02
1.166458e-01	7.727051e-02
1.166667e-01	7.528687e-02
1.166875e-01	7.305908e-02
1.167083e-01	7.055664e-02
1.167292e-01	6.784058e-02
1.167500e-01	6.491089e-02
1.167708e-01	6.176758e-02
1.167917e-01	5.841064e-02
1.168125e-01	5.484009e-02
1.168333e-01	5.111694e-02
1.168542e-01	4.721069e-02
1.168750e-01	4.315186e-02
1.168958e-01	3.894043e-02
1.169167e-01	3.460693e-02
1.169375e-01	3.015137e-02
1.169583e-01	2.560425e-02
1.169792e-01	2.096558e-02
1.170000e-01	1.626587e-02
1.170208e-01	1.150513e-02
1.170417e-01	6.713867e-03
1.170625e-01	1.892090e-03
1.170833e-01	-2.929688e-03
1.171042e-01	-7.751465e-03
1.171250e-01	-1.254272e-02
1.171458e-01	-1.730347e-02
1.171667e-01	-2.197266e-02
1.171875e-01	-2.658081e-02
1.172083e-01	-3.112793e-02
1.172292e-01	-3.555298e-02
1.172500e-01	-3.985596e-02
1.172708e-01	-4.403687e-02
1.172917e-01	-4.806519e-02
1.173125e-01	-5.194092e-02
1.173333e-01	-5.563354e-02
1.173542e-01	-5.914307e-02
1.173750e-01	-6.246948e-02
1.173958e-01	-6.558228e-02
1.174167e-01	-6.848145e-02
1.174375e-01	-7.113647e-02
1.174583e-01	-7.357788e-02
1.174792e-01	-7.577515e-02
1.175000e-01	-7.769775e-02
1.175208e-01	-7.937622e-02
1.175417e-01	-8.078003e-02
1.175625e-01	-8.193970e-02
1.175833e-01	-8.282471e-02
1.176042e-01	-8.340454e-02
1.176250e-01	-8.374023e-02
1.176458e-01	-8.380127e-02
1.176667e-01	-8.355713e-02
1.176875e-01	-8.303833e-02
1.177083e-01	-8.227539e-02
1.177292e-01	-8.120728e-02
1.177500e-01	-7.989502e-02
1.177708e-01	-7.830811e-02
1.177917e-01	-7.644653e-02
1.178125e-01	-7.434082e-02
1.178333e-01	-7.199097e-02
1.178542e-01	-6.939697e-02
1.178750e-01	-6.658936e-02
1.178958e-01	-6.353760e-02
1.179167e-01	-6.030273e-02
1.179375e-01	-5.685425e-02
1.179583e-01	-5.319214e-02
1.179792e-01	-4.937744e-02
1.180000e-01	-4.541016e-02
1.180208e-01	-4.129028e-02
1.180417e-01	-3.701782e-02
1.180625e-01	-3.262329e-02
1.180833e-01	-2.813721e-02
1.181042e-01	-2.352905e-02
1.181250e-01	-1.889038e-02
1.181458e-01	-1.416016e-02
1.181667e-01	-9.368896e-03
1.181875e-01	-4.547119e-03
1.182083e-01	2.746582e-04
1.182292e-01	5.096436e-03
1.182500e-01	9.887695e-03
1.182708e-01	1.464844e-02
1.182917e-01	1.937866e-02
1.183125e-01	2.404785e-02
1.183333e-01	2.862549e-02
1.183542e-01	3.311157e-02
1.183750e-01	3.747559e-02
1.183958e-01	4.174805e-02
1.184167e-01	4.583740e-02
1.184375e-01	4.980469e-02
1.184583e-01	5.361938e-02
1.184792e-01	5.722046e-02
1.185000e-01	6.063843e-02
1.185208e-01	6.387329e-02
1.185417e-01	6.689453e-02
1.185625e-01	6.967163e-02
1.185833e-01	7.223511e-02
1.186042e-01	7.455444e-02
1.186250e-01	7.662964e-02
1.186458e-01	7.846069e-02
1.186667e-01	8.001709e-02
1.186875e-01	8.129883e-02
1.187083e-01	8.233643e-02
1.187292e-01	8.306885e-02
1.187500e-01	8.355713e-02
1.187708e-01	8.377075e-02
1.187917e-01	8.367920e-02
1.188125e-01	8.331299e-02
1.188333e-01	8.267212e-02
1.188542e-01	8.178711e-02
1.188750e-01	8.059692e-02
1.188958e-01	7.916260e-02
1.189167e-01	7.745361e-02
1.189375e-01	7.546997e-02
1.189583e-01	7.327271e-02
1.189792e-01	7.080078e-02
1.190000e-01	6.811523e-02
1.190208e-01	6.518555e-02
1.190417e-01	6.204224e-02
1.190625e-01	5.871582e-02
1.190833e-01	5.517578e-02
1.191042e-01	5.145264e-02
1.191250e-01	4.757690e-02
1.191458e-01	4.351807e-02
1.191667e-01	3.930664e-02
1.191875e-01	3.500366e-02
1.192083e-01	3.054810e-02
1.192292e-01	2.603149e-02
1.192500e-01	2.139282e-02
1.192708e-01	1.669312e-02
1.192917e-01	1.193237e-02
1.193125e-01	7.141113e-03
1.193333e-01	2.319336e-03
1.193542e-01	-2.502441e-03
1.193750e-01	-7.324219e-03
1.193958e-01	-1.211548e-02
1.194167e-01	-1.684570e-02
1.194375e-01	-2.154541e-02
1.194583e-01	-2.618408e-02
1.194792e-01	-3.073120e-02
1.195000e-01	-3.515625e-02
1.195208e-01	-3.948975e-02
1.195417e-01	-4.367065e-02
1.195625e-01	-4.769897e-02
1.195833e-01	-5.160522e-02
1.196042e-01	-5.529785e-02
1.196250e-01	-5.883789e-02
1.196458e-01	-6.219482e-02
1.196667e-01	-6.530762e-02
1.196875e-01	-6.823730e-02
1.197083e-01	-7.092285e-02
1.197292e-01	-7.336426e-02
1.197500e-01	-7.556152e-02
1.197708e-01	-7.754517e-02
1.197917e-01	-7.922363e-02
1.198125e-01	-8.068848e-02
1.198333e-01	-8.184814e-02
1.198542e-01	-8.276367e-02
1.198750e-01	-8.337402e-02
1.198958e-01	-8.370972e-02
1.199167e-01	-8.380127e-02
1.199375e-01	-8.358765e-02
1.199583e-01	-8.309937e-02
1.199792e-01	-8.233643e-02
1.200000e-01	-8.132935e-02
1.200208e-01	-8.001709e-02
1.200417e-01	-7.846069e-02
1.200625e-01	-7.662964e-02
1.200833e-01	-7.455444e-02
1.201042e-01	-7.220459e-02
1.201250e-01	-6.964111e-02
1.201458e-01	-6.683350e-02
1.201667e-01	-6.384277e-02
1.201875e-01	-6.060791e-02
1.202083e-01	-5.715942e-02
1.202292e-01	-5.355835e-02
1.202500e-01	-4.974365e-02
1.202708e-01	-4.577637e-02
1.202917e-01	-4.165649e-02
1.203125e-01	-3.741455e-02
1.203333e-01	-3.302002e-02
1.203542e-01	-2.853394e-02
1.203750e-01	-2.395630e-02
1.203958e-01	-1.931763e-02
1.204167e-01	-1.458740e-02
1.204375e-01	-9.796143e-03
1.204583e-01	-5.004883e-03
1.204792e-01	-1.831055e-04
1.205000e-01	4.638672e-03
1.205208e-01	9.460449e-03
1.205417e-01	1.422119e-02
1.205625e-01	1.895142e-02
1.205833e-01	2.362061e-02
1.206042e-01	2.822876e-02
1.206250e-01	3.271484e-02
1.206458e-01	3.710938e-02
1.206667e-01	4.135132e-02
1.206875e-01	4.547119e-02
1.207083e-01	4.946899e-02
1.207292e-01	5.325317e-02
1.207500e-01	5.688477e-02
1.207708e-01	6.033325e-02
1.207917e-01	6.359863e-02
1.208125e-01	6.661987e-02
1.208333e-01	6.942749e-02
1.208542e-01	7.202148e-02
1.208750e-01	7.437134e-02
1.208958e-01	7.644653e-02
1.209167e-01	7.830811e-02
1.209375e-01	7.989502e-02
1.209583e-01	8.120728e-02
1.209792e-01	8.224487e-02
1.210000e-01	8.303833e-02
1.210208e-01	8.352661e-02
1.210417e-01	8.374023e-02
1.210625e-01	8.370972e-02
1.210833e-01	8.337402e-02
1.211042e-01	8.276367e-02
1.211250e-01	8.187866e-02
1.211458e-01	8.071899e-02
1.211667e-01	7.928467e-02
1.211875e-01	7.760620e-02
1.212083e-01	7.565308e-02
1.212292e-01	7.348633e-02
1.212500e-01	7.104492e-02
1.212708e-01	6.835938e-02
1.212917e-01	6.546021e-02
1.213125e-01	6.234741e-02
1.213333e-01	5.902100e-02
1.213542e-01	5.551147e-02
1.213750e-01	5.178833e-02
1.213958e-01	4.791260e-02
1.214167e-01	4.388428e-02
1.214375e-01	3.970337e-02
1.214583e-01	3.540039e-02
1.214792e-01	3.097534e-02
1.215000e-01	2.642822e-02
1.215208e-01	2.182007e-02
1.215417e-01	1.712036e-02
1.215625e-01	1.235962e-02
1.215833e-01	7.568359e-03
1.216042e-01	2.777100e-03
1.216250e-01	-2.044678e-03
1.216458e-01	-6.866455e-03
1.216667e-01	-1.165771e-02
1.216875e-01	-1.641846e-02
1.217083e-01	-2.111816e-02
1.217292e-01	-2.575684e-02
1.217500e-01	-3.030396e-02
1.217708e-01	-3.475952e-02
1.217917e-01	-3.909302e-02
1.218125e-01	-4.327393e-02
1.218333e-01	-4.733276e-02
1.218542e-01	-5.123901e-02
1.218750e-01	-5.499268e-02
1.218958e-01	-5.853271e-02
1.219167e-01	-6.188965e-02
1.219375e-01	-6.503296e-02
1.219583e-01	-6.796265e-02
1.219792e-01	-7.067871e-02
1.220000e-01	-7.315063e-02
1.220208e-01	-7.537842e-02
1.220417e-01	-7.736206e-02
1.220625e-01	-7.910156e-02
1.220833e-01	-8.056641e-02
1.221042e-01	-8.175659e-02
1.221250e-01	-8.267212e-02
1.221458e-01	-8.331299e-02
1.221667e-01	-8.370972e-02
1.221875e-01	-8.380127e-02
1.222083e-01	-8.361816e-02
1.222292e-01	-8.316040e-02
1.222500e-01	-8.242798e-02
1.222708e-01	-8.142090e-02
1.222917e-01	-8.013916e-02
1.223125e-01	-7.861328e-02
1.223333e-01	-7.681274e-02
1.223542e-01	-7.473755e-02
1.223750e-01	-7.244873e-02
1.223958e-01	-6.988525e-02
1.224167e-01	-6.710815e-02
1.224375e-01	-6.411743e-02
1.224583e-01	-6.091309e-02
1.224792e-01	-5.749512e-02
1.225000e-01	-5.389404e-02
1.225208e-01	-5.010986e-02
1.225417e-01	-4.614258e-02
1.225625e-01	-4.205322e-02
1.225833e-01	-3.781128e-02
1.226042e-01	-3.344727e-02
1.226250e-01	-2.896118e-02
1.226458e-01	-2.438354e-02
1.226667e-01	-1.971436e-02
1.226875e-01	-1.501465e-02
1.227083e-01	-1.022339e-02
1.227292e-01	-5.432129e-03
1.227500e-01	-6.103516e-04
1.227708e-01	4.211426e-03
1.227917e-01	9.002686e-03
1.228125e-01	1.379395e-02
1.228333e-01	1.852417e-02
1.228542e-01	2.319336e-02
1.228750e-01	2.780151e-02
1.228958e-01	3.231812e-02
1.229167e-01	3.671265e-02
1.229375e-01	4.098511e-02
1.229583e-01	4.510498e-02
1.229792e-01	4.910278e-02
1.230000e-01	5.291748e-02
1.230208e-01	5.657959e-02
1.230417e-01	6.002808e-02
1.230625e-01	6.329346e-02
1.230833e-01	6.634521e-02
1.231042e-01	6.918335e-02
1.231250e-01	7.177734e-02
1.231458e-01	7.415771e-02
1.231667e-01	7.626343e-02
1.231875e-01	7.815552e-02
1.232083e-01	7.974243e-02
1.232292e-01	8.108521e-02
1.232500e-01	8.215332e-02
1.232708e-01	8.297729e-02
1.232917e-01	8.349609e-02
1.233125e-01	8.374023e-02
1.233333e-01	8.370972e-02
1.233542e-01	8.340454e-02
1.233750e-01	8.282471e-02
1.233958e-01	8.197021e-02
1.234167e-01	8.084106e-02
1.234375e-01	7.943726e-02
1.234583e-01	7.775879e-02
1.234792e-01	7.586670e-02
1.235000e-01	7.366943e-02
1.235208e-01	7.125854e-02
1.235417e-01	6.860352e-02
1.235625e-01	6.573486e-02
1.235833e-01	6.265259e-02
1.236042e-01	5.932617e-02
1.236250e-01	5.581665e-02
1.236458e-01	5.215454e-02
1.236667e-01	4.827881e-02
1.236875e-01	4.425049e-02
1.237083e-01	4.010010e-02
1.237292e-01	3.579712e-02
1.237500e-01	3.137207e-02
1.237708e-01	2.685547e-02
1.237917e-01	2.224731e-02
1.238125e-01	1.754761e-02
1.238333e-01	1.281738e-02
1.238542e-01	8.026123e-03
1.238750e-01	3.204346e-03
1.238958e-01	-1.617432e-03
1.239167e-01	-6.439209e-03
1.239375e-01	-1.123047e-02
1.239583e-01	-1.599121e-02
1.239792e-01	-2.069092e-02
1.240000e-01	-2.532959e-02
1.240208e-01	-2.990723e-02
1.240417e-01	-3.436279e-02
1.240625e-01	-3.869629e-02
1.240833e-01	-4.290771e-02
1.241042e-01	-4.699707e-02
1.241250e-01	-5.090332e-02
1.241458e-01	-5.465698e-02
1.241667e-01	-5.822754e-02
1.241875e-01	-6.158447e-02
1.242083e-01	-6.475830e-02
1.242292e-01	-6.771851e-02
1.242500e-01	-7.043457e-02
1.242708e-01	-7.293701e-02
1.242917e-01	-7.519531e-02
1.243125e-01	-7.720947e-02
1.243333e-01	-7.894897e-02
1.243542e-01	-8.044434e-02
1.243750e-01	-8.166504e-02
1.243958e-01	-8.261108e-02
1.244167e-01	-8.328247e-02
1.244375e-01	-8.367920e-02
1.244583e-01	-8.380127e-02
1.244792e-01	-8.364868e-02
1.245000e-01	-8.322144e-02
1.245208e-01	-8.251953e-02
1.245417e-01	-8.151245e-02
1.245625e-01	-8.026123e-02
1.245833e-01	-7.876587e-02
1.246042e-01	-7.696533e-02
1.246250e-01	-7.495117e-02
1.246458e-01	-7.266235e-02
1.246667e-01	-7.012939e-02
1.246875e-01	-6.738281e-02
1.247083e-01	-6.439209e-02
1.247292e-01	-6.118774e-02
1.247500e-01	-5.780029e-02
1.247708e-01	-5.422974e-02
1.247917e-01	-5.044556e-02
1.248125e-01	-4.650879e-02
1.248333e-01	-4.241943e-02
1.248542e-01	-3.820801e-02
1.248750e-01	-3.384399e-02
1.248958e-01	-2.935791e-02
1.249167e-01	-2.481079e-02
1.249375e-01	-2.014160e-02
1.249583e-01	-1.544189e-02
1.249792e-01	-1.068115e-02
1.250000e-01	-5.859375e-03
1.250208e-01	-1.037598e-03
1.250417e-01	3.784180e-03
1.250625e-01	8.819580e-03
1.250833e-01	1.382446e-02
1.251042e-01	1.879883e-02
1.251250e-01	2.371216e-02
1.251458e-01	2.856445e-02
1.251667e-01	3.329468e-02
1.251875e-01	3.790283e-02
1.252083e-01	4.241943e-02
1.252292e-01	4.678345e-02
1.252500e-01	5.096436e-02
1.252708e-01	5.502319e-02
1.252917e-01	5.886841e-02
1.253125e-01	6.253052e-02
1.253333e-01	6.597900e-02
1.253542e-01	6.918335e-02
1.253750e-01	7.220459e-02
1.253958e-01	7.495117e-02
1.254167e-01	7.748413e-02
1.254375e-01	7.974243e-02
1.254583e-01	8.258057e-02
1.254792e-01	8.514404e-02
1.255000e-01	8.743286e-02
1.255208e-01	8.941650e-02
1.255417e-01	9.112549e-02
1.255625e-01	9.249878e-02
1.255833e-01	9.359741e-02
1.256042e-01	9.466553e-02
1.256250e-01	9.545898e-02
1.256458e-01	9.588623e-02
1.256667e-01	9.603882e-02
1.256875e-01	9.582520e-02
1.257083e-01	9.548950e-02
1.257292e-01	9.481812e-02
1.257500e-01	9.384155e-02
1.257708e-01	9.255981e-02
1.257917e-01	9.097290e-02
1.258125e-01	8.908081e-02
1.258333e-01	8.688354e-02
1.258542e-01	8.489990e-02
1.258750e-01	8.264160e-02
1.258958e-01	8.013916e-02
1.259167e-01	7.733154e-02
1.259375e-01	7.427979e-02
1.259583e-01	7.098389e-02
1.259792e-01	6.744385e-02
1.260000e-01	6.393433e-02
1.260208e-01	6.018066e-02
1.260417e-01	5.624390e-02
1.260625e-01	5.212402e-02
1.260833e-01	4.782104e-02
1.261042e-01	4.336548e-02
1.261250e-01	3.875732e-02
1.261458e-01	3.405762e-02
1.261667e-01	2.923584e-02
1.261875e-01	2.432251e-02
1.262083e-01	1.931763e-02
1.262292e-01	1.425171e-02
1.262500e-01	9.155273e-03
1.262708e-01	3.997803e-03
1.262917e-01	-1.159668e-03
1.263125e-01	-6.286621e-03
1.263333e-01	-1.141357e-02
1.263542e-01	-1.651001e-02
1.263750e-01	-2.154541e-02
1.263958e-01	-2.651978e-02
1.264167e-01	-3.140259e-02
1.264375e-01	-3.616333e-02
1.264583e-01	-4.083252e-02
1.264792e-01	-4.534912e-02
1.265000e-01	-4.971313e-02
1.265208e-01	-5.389404e-02
1.265417e-01	-5.792236e-02
1.265625e-01	-6.176758e-02
1.265833e-01	-6.539917e-02
1.266042e-01	-6.878662e-02
1.266250e-01	-7.199097e-02
1.266458e-01	-7.492065e-02
1.266667e-01	-7.763672e-02
1.266875e-01	-8.004761e-02
1.267083e-01	-8.224487e-02
1.267292e-01	-8.413696e-02
1.267500e-01	-8.575439e-02
1.267708e-01	-8.709717e-02
1.267917e-01	-8.813477e-02
1.268125e-01	-8.889771e-02
1.268333e-01	-8.935547e-02
1.268542e-01	-8.950806e-02
1.268750e-01	-8.938599e-02
1.268958e-01	-8.895874e-02
1.269167e-01	-8.822632e-02
1.269375e-01	-8.721924e-02
1.269583e-01	-8.590698e-02
1.269792e-01	-8.432007e-02
1.270000e-01	-8.245850e-02
1.270208e-01	-8.029175e-02
1.270417e-01	-7.788086e-02
1.270625e-01	-7.522583e-02
1.270833e-01	-7.232666e-02
1.271042e-01	-6.915283e-02
1.271250e-01	-6.576538e-02
1.271458e-01	-6.216431e-02
1.271667e-01	-5.834961e-02
1.271875e-01	-5.435181e-02
1.272083e-01	-5.017090e-02
1.272292e-01	-4.580688e-02
1.272500e-01	-4.132080e-02
1.272708e-01	-3.668213e-02
1.272917e-01	-3.192139e-02
1.273125e-01	-2.703857e-02
1.273333e-01	-2.209473e-02
1.273542e-01	-1.705933e-02
1.273750e-01	-1.196289e-02
1.273958e-01	-6.835938e-03
1.274167e-01	-1.708984e-03
1.274375e-01	3.448486e-03
1.274583e-01	8.605957e-03
1.274792e-01	1.370239e-02
1.275000e-01	1.876831e-02
1.275208e-01	2.377319e-02
1.275417e-01	2.871704e-02
1.275625e-01	3.353882e-02
1.275833e-01	3.826904e-02
1.276042e-01	4.284668e-02
1.276250e-01	4.730225e-02
1.276458e-01	5.160522e-02
1.276667e-01	5.572510e-02
1.276875e-01	5.966187e-02
1.277083e-01	6.338501e-02
1.277292e-01	6.692505e-02
1.277500e-01	7.022095e-02
1.277708e-01	7.330322e-02
1.277917e-01	7.614136e-02
1.278125e-01	7.870483e-02
1.278333e-01	8.102417e-02
1.278542e-01	8.309937e-02
1.278750e-01	8.486938e-02
1.278958e-01	8.636475e-02
1.279167e-01	8.755493e-02
1.279375e-01	8.847046e-02
1.279583e-01	8.908081e-02
1.279792e-01	8.941650e-02
1.280000e-01	8.944702e-02
1.280208e-01	8.917236e-02
1.280417e-01	8.862305e-02
1.280625e-01	8.776855e-02
1.280833e-01	8.660889e-02
1.281042e-01	8.517456e-02
1.281250e-01	8.346558e-02
1.281458e-01	8.145142e-02
1.281667e-01	7.919312e-02
1.281875e-01	7.666016e-02
1.282083e-01	7.388306e-02
1.282292e-01	7.086182e-02
1.282500e-01	6.759644e-02
1.282708e-01	6.411743e-02
1.282917e-01	6.042480e-02
1.283125e-01	5.651855e-02
1.283333e-01	5.242920e-02
1.283542e-01	4.815674e-02
1.283750e-01	4.373169e-02
1.283958e-01	3.918457e-02
1.284167e-01	3.448486e-02
1.284375e-01	2.966309e-02
1.284583e-01	2.474976e-02
1.284792e-01	1.977539e-02
1.285000e-01	1.470947e-02
1.285208e-01	9.613037e-03
1.285417e-01	4.455566e-03
1.285625e-01	-6.713867e-04
1.285833e-01	-5.828857e-03
1.286042e-01	-1.095581e-02
1.286250e-01	-1.605225e-02
1.286458e-01	-2.108765e-02
1.286667e-01	-2.606201e-02
1.286875e-01	-3.094482e-02
1.287083e-01	-3.573608e-02
1.287292e-01	-4.040527e-02
1.287500e-01	-4.492188e-02
1.287708e-01	-4.931641e-02
1.287917e-01	-5.352783e-02
1.288125e-01	-5.758667e-02
1.288333e-01	-6.143188e-02
1.288542e-01	-6.506348e-02
1.288750e-01	-6.851196e-02
1.288958e-01	-7.171631e-02
1.289167e-01	-7.467651e-02
1.289375e-01	-7.739258e-02
1.289583e-01	-7.983398e-02
1.289792e-01	-8.203125e-02
1.290000e-01	-8.395386e-02
1.290208e-01	-8.560181e-02
1.290417e-01	-8.697510e-02
1.290625e-01	-8.804321e-02
1.290833e-01	-8.883667e-02
1.291042e-01	-8.932495e-02
1.291250e-01	-8.950806e-02
1.291458e-01	-8.941650e-02
1.291667e-01	-8.898926e-02
1.291875e-01	-8.831787e-02
1.292083e-01	-8.731079e-02
1.292292e-01	-8.602905e-02
1.292500e-01	-8.447266e-02
1.292708e-01	-8.264160e-02
1.292917e-01	-8.050537e-02
1.293125e-01	-7.812500e-02
1.293333e-01	-7.546997e-02
1.293542e-01	-7.257080e-02
1.293750e-01	-6.945801e-02
1.293958e-01	-6.607056e-02
1.294167e-01	-6.250000e-02
1.294375e-01	-5.871582e-02
1.294583e-01	-5.471802e-02
1.294792e-01	-5.056763e-02
1.295000e-01	-4.620361e-02
1.295208e-01	-4.171753e-02
1.295417e-01	-3.710938e-02
1.295625e-01	-3.234863e-02
1.295833e-01	-2.749634e-02
1.296042e-01	-2.255249e-02
1.296250e-01	-1.751709e-02
1.296458e-01	-1.245117e-02
1.296667e-01	-7.324219e-03
1.296875e-01	-2.166748e-03
1.297083e-01	2.990723e-03
1.297292e-01	8.117676e-03
1.297500e-01	1.324463e-02
1.297708e-01	1.831055e-02
1.297917e-01	2.331543e-02
1.298125e-01	2.825928e-02
1.298333e-01	3.311157e-02
1.298542e-01	3.784180e-02
1.298750e-01	4.244995e-02
1.298958e-01	4.690552e-02
1.299167e-01	5.120850e-02
1.299375e-01	5.535889e-02
1.299583e-01	5.929565e-02
1.299792e-01	6.304932e-02
1.300000e-01	6.661987e-02
1.300208e-01	6.994629e-02
1.300417e-01	7.302856e-02
1.300625e-01	7.589722e-02
1.300833e-01	7.849121e-02
1.301042e-01	8.084106e-02
1.301250e-01	8.291626e-02
1.301458e-01	8.471680e-02
1.301667e-01	8.624268e-02
1.301875e-01	8.746338e-02
1.302083e-01	8.840942e-02
1.302292e-01	8.905029e-02
1.302500e-01	8.941650e-02
1.302708e-01	8.944702e-02
1.302917e-01	8.920288e-02
1.303125e-01	8.868408e-02
1.303333e-01	8.786011e-02
1.303542e-01	8.673096e-02
1.303750e-01	8.532715e-02
1.303958e-01	8.361816e-02
1.304167e-01	8.166504e-02
1.304375e-01	7.940674e-02
1.304583e-01	7.690430e-02
1.304792e-01	7.415771e-02
1.305000e-01	7.113647e-02
1.305208e-01	6.790161e-02
1.305417e-01	6.445312e-02
1.305625e-01	6.076050e-02
1.305833e-01	5.688477e-02
1.306042e-01	5.279541e-02
1.306250e-01	4.855347e-02
1.306458e-01	4.415894e-02
1.306667e-01	3.961182e-02
1.306875e-01	3.491211e-02
1.307083e-01	3.012085e-02
1.307292e-01	2.520752e-02
1.307500e-01	2.023315e-02
1.307708e-01	1.516724e-02
1.307917e-01	1.007080e-02
1.308125e-01	4.943848e-03
1.308333e-01	-2.136230e-04
1.308542e-01	-5.371094e-03
1.308750e-01	-1.049805e-02
1.308958e-01	-1.559448e-02
1.309167e-01	-2.062988e-02
1.309375e-01	-2.563477e-02
1.309583e-01	-3.051758e-02
1.309792e-01	-3.530884e-02
1.310000e-01	-3.997803e-02
1.310208e-01	-4.452515e-02
1.310417e-01	-4.891968e-02
1.310625e-01	-5.316162e-02
1.310833e-01	-5.722046e-02
1.311042e-01	-6.106567e-02
1.311250e-01	-6.475830e-02
1.311458e-01	-6.820679e-02
1.311667e-01	-7.141113e-02
1.311875e-01	-7.440186e-02
1.312083e-01	-7.714844e-02
1.312292e-01	-7.962036e-02
1.312500e-01	-8.184814e-02
1.312708e-01	-8.380127e-02
1.312917e-01	-8.547974e-02
1.313125e-01	-8.685303e-02
1.313333e-01	-8.795166e-02
1.313542e-01	-8.877563e-02
1.313750e-01	-8.929443e-02
1.313958e-01	-8.950806e-02
1.314167e-01	-8.941650e-02
1.314375e-01	-8.905029e-02
1.314583e-01	-8.837891e-02
1.314792e-01	-8.743286e-02
1.315000e-01	-8.618164e-02
1.315208e-01	-8.462524e-02
1.315417e-01	-8.282471e-02
1.315625e-01	-8.071899e-02
1.315833e-01	-7.833862e-02
1.316042e-01	-7.574463e-02
1.316250e-01	-7.284546e-02
1.316458e-01	-6.973267e-02
1.316667e-01	-6.640625e-02
1.316875e-01	-6.283569e-02
1.317083e-01	-5.905151e-02
1.317292e-01	-5.508423e-02
1.317500e-01	-5.093384e-02
1.317708e-01	-4.663086e-02
1.317917e-01	-4.214478e-02
1.318125e-01	-3.753662e-02
1.318333e-01	-3.277588e-02
1.318542e-01	-2.792358e-02
1.318750e-01	-2.301025e-02
1.318958e-01	-1.797485e-02
1.319167e-01	-1.290894e-02
1.319375e-01	-7.781982e-03
1.319583e-01	-2.624512e-03
1.319792e-01	2.502441e-03
1.320000e-01	7.659912e-03
1.320208e-01	1.278687e-02
1.320417e-01	1.785278e-02
1.320625e-01	2.288818e-02
1.320833e-01	2.783203e-02
1.321042e-01	3.265381e-02
1.321250e-01	3.741455e-02
1.321458e-01	4.202271e-02
1.321667e-01	4.650879e-02
1.321875e-01	5.084229e-02
1.322083e-01	5.499268e-02
1.322292e-01	5.895996e-02
1.322500e-01	6.274414e-02
1.322708e-01	6.631470e-02
1.322917e-01	6.964111e-02
1.323125e-01	7.278442e-02
1.323333e-01	7.565308e-02
1.323542e-01	7.827759e-02
1.323750e-01	8.062744e-02
1.323958e-01	8.273315e-02
1.324167e-01	8.456421e-02
1.324375e-01	8.609009e-02
1.324583e-01	8.737183e-02
1.324792e-01	8.831787e-02
1.325000e-01	8.898926e-02
1.325208e-01	8.938599e-02
1.325417e-01	8.947754e-02
1.325625e-01	8.926392e-02
1.325833e-01	8.874512e-02
1.326042e-01	8.795166e-02
1.326250e-01	8.685303e-02
1.326458e-01	8.544922e-02
1.326667e-01	8.380127e-02
1.326875e-01	8.184814e-02
1.327083e-01	7.962036e-02
1.327292e-01	7.714844e-02
1.327500e-01	7.440186e-02
1.327708e-01	7.144165e-02
1.327917e-01	6.820679e-02
1.328125e-01	6.475830e-02
1.328333e-01	6.109619e-02
1.328542e-01	5.725098e-02
1.328750e-01	5.319214e-02
1.328958e-01	4.895020e-02
1.329167e-01	4.455566e-02
1.329375e-01	4.000854e-02
1.329583e-01	3.533936e-02
1.329792e-01	3.054810e-02
1.330000e-01	2.566528e-02
1.330208e-01	2.069092e-02
1.330417e-01	1.562500e-02
1.330625e-01	1.052856e-02
1.330833e-01	5.401611e-03
1.331042e-01	2.441406e-04
1.331250e-01	-4.882812e-03
1.331458e-01	-1.004028e-02
1.331667e-01	-1.513672e-02
1.331875e-01	-2.020264e-02
1.332083e-01	-2.517700e-02
1.332292e-01	-3.009033e-02
1.332500e-01	-3.488159e-02
1.332708e-01	-3.955078e-02
1.332917e-01	-4.412842e-02
1.333125e-01	-4.852295e-02
1.333333e-01	-5.276489e-02
1.333542e-01	-5.685425e-02
1.333750e-01	-6.072998e-02
1.333958e-01	-6.442261e-02
1.334167e-01	-6.790161e-02
1.334375e-01	-7.113647e-02
1.334583e-01	-7.415771e-02
1.334792e-01	-7.690430e-02
1.335000e-01	-7.940674e-02
1.335208e-01	-8.166504e-02
1.335417e-01	-8.364868e-02
1.335625e-01	-8.532715e-02
1.335833e-01	-8.676147e-02
1.336042e-01	-8.789062e-02
1.336250e-01	-8.871460e-02
1.336458e-01	-8.926392e-02
1.336667e-01	-8.950806e-02
1.336875e-01	-8.944702e-02
1.337083e-01	-8.911133e-02
1.337292e-01	-8.847046e-02
1.337500e-01	-8.752441e-02
1.337708e-01	-8.630371e-02
1.337917e-01	-8.477783e-02
1.338125e-01	-8.297729e-02
1.338333e-01	-8.090210e-02
1.338542e-01	-7.858276e-02
1.338750e-01	-7.598877e-02
1.338958e-01	-7.312012e-02
1.339167e-01	-7.003784e-02
1.339375e-01	-6.671143e-02
1.339583e-01	-6.317139e-02
1.339792e-01	-5.941772e-02
1.340000e-01	-5.545044e-02
1.340208e-01	-5.133057e-02
1.340417e-01	-4.702759e-02
1.340625e-01	-4.254150e-02
1.340833e-01	-3.796387e-02
1.341042e-01	-3.323364e-02
1.341250e-01	-2.838135e-02
1.341458e-01	-2.343750e-02
1.341667e-01	-1.843262e-02
1.341875e-01	-1.336670e-02
1.342083e-01	-8.239746e-03
1.342292e-01	-3.112793e-03
1.342500e-01	2.044678e-03
1.342708e-01	7.202148e-03
1.342917e-01	1.232910e-02
1.343125e-01	1.739502e-02
1.343333e-01	2.243042e-02
1.343542e-01	2.737427e-02
1.343750e-01	3.222656e-02
1.343958e-01	3.698730e-02
1.344167e-01	4.162598e-02
1.344375e-01	4.611206e-02
1.344583e-01	5.044556e-02
1.344792e-01	5.462646e-02
1.345000e-01	5.859375e-02
1.345208e-01	6.240845e-02
1.345417e-01	6.597900e-02
1.345625e-01	6.936646e-02
1.345833e-01	7.247925e-02
1.346042e-01	7.537842e-02
1.346250e-01	7.803345e-02
1.346458e-01	8.044434e-02
1.346667e-01	8.255005e-02
1.346875e-01	8.441162e-02
1.347083e-01	8.596802e-02
1.347292e-01	8.724976e-02
1.347500e-01	8.825684e-02
1.347708e-01	8.895874e-02
1.347917e-01	8.935547e-02
1.348125e-01	8.947754e-02
1.348333e-01	8.929443e-02
1.348542e-01	8.880615e-02
1.348750e-01	8.801270e-02
1.348958e-01	8.694458e-02
1.349167e-01	8.560181e-02
1.349375e-01	8.395386e-02
1.349583e-01	8.203125e-02
1.349792e-01	7.983398e-02
1.350000e-01	7.739258e-02
1.350208e-01	7.467651e-02
1.350417e-01	7.171631e-02
1.350625e-01	6.851196e-02
1.350833e-01	6.509399e-02
1.351042e-01	6.143188e-02
1.351250e-01	5.758667e-02
1.351458e-01	5.355835e-02
1.351667e-01	4.934692e-02
1.351875e-01	4.495239e-02
1.352083e-01	4.043579e-02
1.352292e-01	3.576660e-02
1.352500e-01	3.100586e-02
1.352708e-01	2.612305e-02
1.352917e-01	2.114868e-02
1.353125e-01	1.611328e-02
1.353333e-01	1.101685e-02
1.353542e-01	5.859375e-03
1.353750e-01	7.324219e-04
1.353958e-01	-4.425049e-03
1.354167e-01	-9.552002e-03
1.354375e-01	-1.467896e-02
1.354583e-01	-1.974487e-02
1.354792e-01	-2.471924e-02
1.355000e-01	-2.963257e-02
1.355208e-01	-3.445435e-02
1.355417e-01	-3.915405e-02
1.355625e-01	-4.370117e-02
1.355833e-01	-4.812622e-02
1.356042e-01	-5.239868e-02
1.356250e-01	-5.648804e-02
1.356458e-01	-6.039429e-02
1.356667e-01	-6.408691e-02
1.356875e-01	-6.759644e-02
1.357083e-01	-7.086182e-02
1.357292e-01	-7.388306e-02
1.357500e-01	-7.666016e-02
1.357708e-01	-7.919312e-02
1.357917e-01	-8.148193e-02
1.358125e-01	-8.346558e-02
1.358333e-01	-8.520508e-02
1.358542e-01	-8.663940e-02
1.358750e-01	-8.779907e-02
1.358958e-01	-8.865356e-02
1.359167e-01	-8.923340e-02
1.359375e-01	-8.947754e-02
1.359583e-01	-8.947754e-02
1.359792e-01	-8.914185e-02
1.360000e-01	-8.853149e-02
1.360208e-01	-8.761597e-02
1.360417e-01	-8.642578e-02
1.360625e-01	-8.493042e-02
1.360833e-01	-8.316040e-02
1.361042e-01	-8.111572e-02
1.361250e-01	-7.879639e-02
1.361458e-01	-7.623291e-02
1.361667e-01	-7.339478e-02
1.361875e-01	-7.034302e-02
1.362083e-01	-6.701660e-02
1.362292e-01	-6.350708e-02
1.362500e-01	-5.975342e-02
1.362708e-01	-5.581665e-02
1.362917e-01	-5.169678e-02
1.363125e-01	-4.742432e-02
1.363333e-01	-4.296875e-02
1.363542e-01	-3.836060e-02
1.363750e-01	-3.366089e-02
1.363958e-01	-2.883911e-02
1.364167e-01	-2.389526e-02
1.364375e-01	-1.889038e-02
1.364583e-01	-1.382446e-02
1.364792e-01	-8.728027e-03
1.365000e-01	-3.570557e-03
1.365208e-01	1.586914e-03
1.365417e-01	6.713867e-03
1.365625e-01	1.184082e-02
1.365833e-01	1.693726e-02
1.366042e-01	2.197266e-02
1.366250e-01	2.691650e-02
1.366458e-01	3.179932e-02
1.366667e-01	3.656006e-02
1.366875e-01	4.119873e-02
1.367083e-01	4.571533e-02
1.367292e-01	5.004883e-02
1.367500e-01	5.422974e-02
1.367708e-01	5.825806e-02
1.367917e-01	6.207275e-02
1.368125e-01	6.567383e-02
1.368333e-01	6.906128e-02
1.368542e-01	7.220459e-02
1.368750e-01	7.513428e-02
1.368958e-01	7.781982e-02
1.369167e-01	8.023071e-02
1.369375e-01	8.236694e-02
1.369583e-01	8.425903e-02
1.369792e-01	8.584595e-02
1.370000e-01	8.715820e-02
1.370208e-01	8.816528e-02
1.370417e-01	8.889771e-02
1.370625e-01	8.932495e-02
1.370833e-01	8.947754e-02
1.371042e-01	8.932495e-02
1.371250e-01	8.886719e-02
1.371458e-01	8.810425e-02
1.371667e-01	8.706665e-02
1.371875e-01	8.572388e-02
1.372083e-01	8.410645e-02
1.372292e-01	8.221436e-02
1.372500e-01	8.004761e-02
1.372708e-01	7.763672e-02
1.372917e-01	7.492065e-02
1.373125e-01	7.199097e-02
1.373333e-01	6.881714e-02
1.373542e-01	6.539917e-02
1.373750e-01	6.176758e-02
1.373958e-01	5.795288e-02
1.374167e-01	5.392456e-02
1.374375e-01	4.974365e-02
1.374583e-01	4.537964e-02
1.374792e-01	4.086304e-02
1.375000e-01	3.619385e-02
1.375208e-01	3.143311e-02
1.375417e-01	2.655029e-02
1.375625e-01	2.160645e-02
1.375833e-01	1.657104e-02
1.376042e-01	1.147461e-02
1.376250e-01	6.347656e-03
1.376458e-01	1.190186e-03
1.376667e-01	-3.967285e-03
1.376875e-01	-9.094238e-03
1.377083e-01	-1.422119e-02
1.377292e-01	-1.928711e-02
1.377500e-01	-2.426147e-02
1.377708e-01	-2.920532e-02
1.377917e-01	-3.399658e-02
1.378125e-01	-3.872681e-02
1.378333e-01	-4.330444e-02
1.378542e-01	-4.772949e-02
1.378750e-01	-5.203247e-02
1.378958e-01	-5.612183e-02
1.379167e-01	-6.005859e-02
1.379375e-01	-6.375122e-02
1.379583e-01	-6.729126e-02
1.379792e-01	-7.055664e-02
1.380000e-01	-7.360840e-02
1.380208e-01	-7.641602e-02
1.380417e-01	-7.897949e-02
1.380625e-01	-8.126831e-02
1.380833e-01	-8.331299e-02
1.381042e-01	-8.505249e-02
1.381250e-01	-8.651733e-02
1.381458e-01	-8.770752e-02
1.381667e-01	-8.859253e-02
1.381875e-01	-8.917236e-02
1.382083e-01	-8.947754e-02
1.382292e-01	-8.947754e-02
1.382500e-01	-8.917236e-02
1.382708e-01	-8.859253e-02
1.382917e-01	-8.770752e-02
1.383125e-01	-8.654785e-02
1.383333e-01	-8.508301e-02
1.383542e-01	-8.334351e-02
1.383750e-01	-8.129883e-02
1.383958e-01	-7.901001e-02
1.384167e-01	-7.647705e-02
1.384375e-01	-7.366943e-02
1.384583e-01	-7.061768e-02
1.384792e-01	-6.732178e-02
1.385000e-01	-6.381226e-02
1.385208e-01	-6.011963e-02
1.385417e-01	-5.618286e-02
1.385625e-01	-5.209351e-02
1.385833e-01	-4.782104e-02
1.386042e-01	-4.336548e-02
1.386250e-01	-3.878784e-02
1.386458e-01	-3.408813e-02
1.386667e-01	-2.926636e-02
1.386875e-01	-2.435303e-02
1.387083e-01	-1.934814e-02
1.387292e-01	-1.428223e-02
1.387500e-01	-9.185791e-03
1.387708e-01	-4.028320e-03
1.387917e-01	1.098633e-03
1.388125e-01	6.256104e-03
1.388333e-01	1.138306e-02
1.388542e-01	1.647949e-02
1.388750e-01	2.151489e-02
1.388958e-01	2.648926e-02
1.389167e-01	3.134155e-02
1.389375e-01	3.613281e-02
1.389583e-01	4.077148e-02
1.389792e-01	4.528809e-02
1.390000e-01	4.965210e-02
1.390208e-01	5.386353e-02
1.390417e-01	5.789185e-02
1.390625e-01	6.170654e-02
1.390833e-01	6.533813e-02
1.391042e-01	6.875610e-02
1.391250e-01	7.192993e-02
1.391458e-01	7.489014e-02
1.391667e-01	7.757568e-02
1.391875e-01	8.001709e-02
1.392083e-01	8.218384e-02
1.392292e-01	8.407593e-02
1.392500e-01	8.572388e-02
1.392708e-01	8.703613e-02
1.392917e-01	8.810425e-02
1.393125e-01	8.883667e-02
1.393333e-01	8.929443e-02
1.393542e-01	8.947754e-02
1.393750e-01	8.935547e-02
1.393958e-01	8.889771e-02
1.394167e-01	8.819580e-02
1.394375e-01	8.715820e-02
1.394583e-01	8.587646e-02
1.394792e-01	8.428955e-02
1.395000e-01	8.239746e-02
1.395208e-01	8.026123e-02
1.395417e-01	7.785034e-02
1.395625e-01	7.519531e-02
1.395833e-01	7.226562e-02
1.396042e-01	6.912231e-02
1.396250e-01	6.573486e-02
1.396458e-01	6.213379e-02
1.396667e-01	5.831909e-02
1.396875e-01	5.432129e-02
1.397083e-01	5.010986e-02
1.397292e-01	4.577637e-02
1.397500e-01	4.125977e-02
1.397708e-01	3.662109e-02
1.397917e-01	3.186035e-02
1.398125e-01	2.700806e-02
1.398333e-01	2.206421e-02
1.398542e-01	1.702881e-02
1.398750e-01	1.193237e-02
1.398958e-01	6.805420e-03
1.399167e-01	1.647949e-03
1.399375e-01	-3.479004e-03
1.399583e-01	-8.636475e-03
1.399792e-01	-1.373291e-02
1.400000e-01	-1.882935e-02
1.400208e-01	-2.383423e-02
1.400417e-01	-2.874756e-02
1.400625e-01	-3.356934e-02
1.400833e-01	-3.829956e-02
1.401042e-01	-4.287720e-02
1.401250e-01	-4.733276e-02
1.401458e-01	-5.163574e-02
1.401667e-01	-5.575562e-02
1.401875e-01	-5.969238e-02
1.402083e-01	-6.344604e-02
1.402292e-01	-6.695557e-02
1.402500e-01	-7.028198e-02
1.402708e-01	-7.336426e-02
1.402917e-01	-7.617188e-02
1.403125e-01	-7.876587e-02
1.403333e-01	-8.108521e-02
1.403542e-01	-8.312988e-02
1.403750e-01	-8.489990e-02
1.403958e-01	-8.639526e-02
1.404167e-01	-8.758545e-02
1.404375e-01	-8.850098e-02
1.404583e-01	-8.914185e-02
1.404792e-01	-8.947754e-02
1.405000e-01	-8.947754e-02
1.405208e-01	-8.923340e-02
1.405417e-01	-8.865356e-02
1.405625e-01	-8.779907e-02
1.405833e-01	-8.666992e-02
1.406042e-01	-8.520508e-02
1.406250e-01	-8.349609e-02
1.406458e-01	-8.151245e-02
1.406667e-01	-7.925415e-02
1.406875e-01	-7.672119e-02
1.407083e-01	-7.394409e-02
1.407292e-01	-7.089233e-02
1.407500e-01	-6.762695e-02
1.407708e-01	-6.414795e-02
1.407917e-01	-6.045532e-02
1.408125e-01	-5.654907e-02
1.408333e-01	-5.245972e-02
1.408542e-01	-4.821777e-02
1.408750e-01	-4.379272e-02
1.408958e-01	-3.921509e-02
1.409167e-01	-3.451538e-02
1.409375e-01	-2.972412e-02
1.409583e-01	-2.481079e-02
1.409792e-01	-1.980591e-02
1.410000e-01	-1.477051e-02
1.410208e-01	-9.643555e-03
1.410417e-01	-4.516602e-03
1.410625e-01	6.408691e-04
1.410833e-01	5.798340e-03
1.411042e-01	1.092529e-02
1.411250e-01	1.602173e-02
1.411458e-01	2.105713e-02
1.411667e-01	2.603149e-02
1.411875e-01	3.091431e-02
1.412083e-01	3.570557e-02
1.412292e-01	4.037476e-02
1.412500e-01	4.489136e-02
1.412708e-01	4.928589e-02
1.412917e-01	5.349731e-02
1.413125e-01	5.752563e-02
1.413333e-01	6.137085e-02
1.413542e-01	6.503296e-02
1.413750e-01	6.845093e-02
1.413958e-01	7.165527e-02
1.414167e-01	7.461548e-02
1.414375e-01	7.733154e-02
1.414583e-01	7.980347e-02
1.414792e-01	8.200073e-02
1.415000e-01	8.392334e-02
1.415208e-01	8.557129e-02
1.415417e-01	8.694458e-02
1.415625e-01	8.801270e-02
1.415833e-01	8.880615e-02
1.416042e-01	8.929443e-02
1.416250e-01	8.947754e-02
1.416458e-01	8.935547e-02
1.416667e-01	8.895874e-02
1.416875e-01	8.825684e-02
1.417083e-01	8.728027e-02
1.417292e-01	8.599854e-02
1.417500e-01	8.444214e-02
1.417708e-01	8.258057e-02
1.417917e-01	8.047485e-02
1.418125e-01	7.809448e-02
1.418333e-01	7.543945e-02
1.418542e-01	7.254028e-02
1.418750e-01	6.939697e-02
1.418958e-01	6.604004e-02
1.419167e-01	6.246948e-02
1.419375e-01	5.865479e-02
1.419583e-01	5.468750e-02
1.419792e-01	5.050659e-02
1.420000e-01	4.617310e-02
1.420208e-01	4.168701e-02
1.420417e-01	3.704834e-02
1.420625e-01	3.231812e-02
1.420833e-01	2.746582e-02
1.421042e-01	2.249146e-02
1.421250e-01	1.748657e-02
1.421458e-01	1.239014e-02
1.421667e-01	7.263184e-03
1.421875e-01	2.136230e-03
1.422083e-01	-3.021240e-03
1.422292e-01	-8.178711e-03
1.422500e-01	-1.327515e-02
1.422708e-01	-1.837158e-02
1.422917e-01	-2.337646e-02
1.423125e-01	-2.828979e-02
1.423333e-01	-3.314209e-02
1.423542e-01	-3.787231e-02
1.423750e-01	-4.248047e-02
1.423958e-01	-4.693604e-02
1.424167e-01	-5.123901e-02
1.424375e-01	-5.538940e-02
1.424583e-01	-5.935669e-02
1.424792e-01	-6.311035e-02
1.425000e-01	-6.665039e-02
1.425208e-01	-6.997681e-02
1.425417e-01	-7.308960e-02
1.425625e-01	-7.592773e-02
1.425833e-01	-7.855225e-02
1.426042e-01	-8.087158e-02
1.426250e-01	-8.294678e-02
1.426458e-01	-8.474731e-02
1.426667e-01	-8.627319e-02
1.426875e-01	-8.749390e-02
1.427083e-01	-8.843994e-02
1.427292e-01	-8.908081e-02
1.427500e-01	-8.944702e-02
1.427708e-01	-8.950806e-02
1.427917e-01	-8.926392e-02
1.428125e-01	-8.871460e-02
1.428333e-01	-8.789062e-02
1.428542e-01	-8.676147e-02
1.428750e-01	-8.535767e-02
1.428958e-01	-8.367920e-02
1.429167e-01	-8.169556e-02
1.429375e-01	-7.946777e-02
1.429583e-01	-7.696533e-02
1.429792e-01	-7.418823e-02
1.430000e-01	-7.119751e-02
1.430208e-01	-6.793213e-02
1.430417e-01	-6.448364e-02
1.430625e-01	-6.079102e-02
1.430833e-01	-5.691528e-02
1.431042e-01	-5.285645e-02
1.431250e-01	-4.861450e-02
1.431458e-01	-4.418945e-02
1.431667e-01	-3.964233e-02
1.431875e-01	-3.494263e-02
1.432083e-01	-3.015137e-02
1.432292e-01	-2.523804e-02
1.432500e-01	-2.026367e-02
1.432708e-01	-1.522827e-02
1.432917e-01	-1.013184e-02
1.433125e-01	-4.974365e-03
1.433333e-01	1.831055e-04
1.433542e-01	5.310059e-03
1.433750e-01	1.046753e-02
1.433958e-01	1.556396e-02
1.434167e-01	2.059937e-02
1.434375e-01	2.557373e-02
1.434583e-01	3.048706e-02
1.434792e-01	3.527832e-02
1.435000e-01	3.994751e-02
1.435208e-01	4.449463e-02
1.435417e-01	4.888916e-02
1.435625e-01	5.313110e-02
1.435833e-01	5.715942e-02
1.436042e-01	6.103516e-02
1.436250e-01	6.469727e-02
1.436458e-01	6.814575e-02
1.436667e-01	7.138062e-02
1.436875e-01	7.437134e-02
1.437083e-01	7.711792e-02
1.437292e-01	7.958984e-02
1.437500e-01	8.181763e-02
1.437708e-01	8.377075e-02
1.437917e-01	8.544922e-02
1.438125e-01	8.682251e-02
1.438333e-01	8.792114e-02
1.438542e-01	8.874512e-02
1.438750e-01	8.923340e-02
1.438958e-01	8.947754e-02
1.439167e-01	8.938599e-02
1.439375e-01	8.901978e-02
1.439583e-01	8.834839e-02
1.439792e-01	8.737183e-02
1.440000e-01	8.612061e-02
1.440208e-01	8.459473e-02
1.440417e-01	8.276367e-02
1.440625e-01	8.068848e-02
1.440833e-01	7.830811e-02
1.441042e-01	7.568359e-02
1.441250e-01	7.281494e-02
1.441458e-01	6.970215e-02
1.441667e-01	6.634521e-02
1.441875e-01	6.280518e-02
1.442083e-01	5.902100e-02
1.442292e-01	5.505371e-02
1.442500e-01	5.090332e-02
1.442708e-01	4.656982e-02
1.442917e-01	4.211426e-02
1.443125e-01	3.747559e-02
1.443333e-01	3.274536e-02
1.443542e-01	2.789307e-02
1.443750e-01	2.294922e-02
1.443958e-01	1.794434e-02
1.444167e-01	1.287842e-02
1.444375e-01	7.751465e-03
1.444583e-01	2.593994e-03
1.444792e-01	-2.563477e-03
1.445000e-01	-7.690430e-03
1.445208e-01	-1.281738e-02
1.445417e-01	-1.788330e-02
1.445625e-01	-2.291870e-02
1.445833e-01	-2.786255e-02
1.446042e-01	-3.271484e-02
1.446250e-01	-3.744507e-02
1.446458e-01	-4.208374e-02
1.446667e-01	-4.653931e-02
1.446875e-01	-5.087280e-02
1.447083e-01	-5.502319e-02
1.447292e-01	-5.899048e-02
1.447500e-01	-6.277466e-02
1.447708e-01	-6.634521e-02
1.447917e-01	-6.970215e-02
1.448125e-01	-7.281494e-02
1.448333e-01	-7.568359e-02
1.448542e-01	-7.830811e-02
1.448750e-01	-8.068848e-02
1.448958e-01	-8.276367e-02
1.449167e-01	-8.459473e-02
1.449375e-01	-8.615112e-02
1.449583e-01	-8.740234e-02
1.449792e-01	-8.837891e-02
1.450000e-01	-8.905029e-02
1.450208e-01	-8.941650e-02
1.450417e-01	-8.950806e-02
1.450625e-01	-8.929443e-02
1.450833e-01	-8.877563e-02
1.451042e-01	-8.798218e-02
1.451250e-01	-8.688354e-02
1.451458e-01	-8.551025e-02
1.451667e-01	-8.383179e-02
1.451875e-01	-8.187866e-02
1.452083e-01	-7.968140e-02
1.452292e-01	-7.717896e-02
1.452500e-01	-7.446289e-02
1.452708e-01	-7.147217e-02
1.452917e-01	-6.823730e-02
1.453125e-01	-6.481934e-02
1.453333e-01	-6.115723e-02
1.453542e-01	-5.728149e-02
1.453750e-01	-5.322266e-02
1.453958e-01	-4.898071e-02
1.454167e-01	-4.461670e-02
1.454375e-01	-4.006958e-02
1.454583e-01	-3.540039e-02
1.454792e-01	-3.060913e-02
1.455000e-01	-2.569580e-02
1.455208e-01	-2.072144e-02
1.455417e-01	-1.568604e-02
1.455625e-01	-1.058960e-02
1.455833e-01	-5.462646e-03
1.456042e-01	-3.051758e-04
1.456250e-01	4.852295e-03
1.456458e-01	9.979248e-03
1.456667e-01	1.510620e-02
1.456875e-01	2.014160e-02
1.457083e-01	2.514648e-02
1.457292e-01	3.002930e-02
1.457500e-01	3.485107e-02
1.457708e-01	3.952026e-02
1.457917e-01	4.406738e-02
1.458125e-01	4.849243e-02
1.458333e-01	5.273438e-02
1.458542e-01	5.682373e-02
1.458750e-01	6.069946e-02
1.458958e-01	6.439209e-02
1.459167e-01	6.784058e-02
1.459375e-01	7.110596e-02
1.459583e-01	7.409668e-02
1.459792e-01	7.687378e-02
1.460000e-01	7.937622e-02
1.460208e-01	8.163452e-02
1.460417e-01	8.358765e-02
1.460625e-01	8.529663e-02
1.460833e-01	8.700562e-02
1.461042e-01	8.840942e-02
1.461250e-01	8.950806e-02
1.461458e-01	9.033203e-02
1.461667e-01	9.085083e-02
1.461875e-01	9.106445e-02
1.462083e-01	9.097290e-02
1.462292e-01	9.060669e-02
1.462500e-01	8.990479e-02
1.462708e-01	8.892822e-02
1.462917e-01	8.764648e-02
1.463125e-01	8.605957e-02
1.463333e-01	8.453369e-02
1.463542e-01	8.270264e-02
1.463750e-01	8.062744e-02
1.463958e-01	7.827759e-02
1.464167e-01	7.565308e-02
1.464375e-01	7.278442e-02
1.464583e-01	6.967163e-02
1.464792e-01	6.698608e-02
1.465000e-01	6.411743e-02
1.465208e-01	6.100464e-02
1.465417e-01	5.770874e-02
1.465625e-01	5.422974e-02
1.465833e-01	5.053711e-02
1.466042e-01	4.669189e-02
1.466250e-01	4.284668e-02
1.466458e-01	3.887939e-02
1.466667e-01	3.475952e-02
1.466875e-01	3.051758e-02
1.467083e-01	2.618408e-02
1.467292e-01	2.203369e-02
1.467500e-01	1.779175e-02
1.467708e-01	1.348877e-02
1.467917e-01	9.155273e-03
1.468125e-01	4.791260e-03
1.468333e-01	3.967285e-04
1.468542e-01	-3.997803e-03
1.468750e-01	-8.026123e-03
1.468958e-01	-1.205444e-02
1.469167e-01	-1.602173e-02
1.469375e-01	-1.992798e-02
1.469583e-01	-2.377319e-02
1.469792e-01	-2.755737e-02
1.470000e-01	-3.125000e-02
1.470208e-01	-3.469849e-02
1.470417e-01	-3.805542e-02
1.470625e-01	-4.129028e-02
1.470833e-01	-4.437256e-02
1.471042e-01	-4.733276e-02
1.471250e-01	-5.010986e-02
1.471458e-01	-5.273438e-02
1.471667e-01	-5.517578e-02
1.471875e-01	-5.743408e-02
1.472083e-01	-5.947876e-02
1.472292e-01	-6.134033e-02
1.472500e-01	-6.301880e-02
1.472708e-01	-6.445312e-02
1.472917e-01	-6.570435e-02
1.473125e-01	-6.671143e-02
1.473333e-01	-6.753540e-02
1.473542e-01	-6.811523e-02
1.473750e-01	-6.845093e-02
1.473958e-01	-6.857300e-02
1.474167e-01	-6.848145e-02
1.474375e-01	-6.814575e-02
1.474583e-01	-6.759644e-02
1.474792e-01	-6.680298e-02
1.475000e-01	-6.582642e-02
1.475208e-01	-6.457520e-02
1.475417e-01	-6.314087e-02
1.475625e-01	-6.152344e-02
1.475833e-01	-5.966187e-02
1.476042e-01	-5.761719e-02
1.476250e-01	-5.538940e-02
1.476458e-01	-5.297852e-02
1.476667e-01	-5.038452e-02
1.476875e-01	-4.760742e-02
1.477083e-01	-4.467773e-02
1.477292e-01	-4.162598e-02
1.477500e-01	-3.842163e-02
1.477708e-01	-3.509521e-02
1.477917e-01	-3.164673e-02
1.478125e-01	-2.807617e-02
1.478333e-01	-2.444458e-02
1.478542e-01	-2.069092e-02
1.478750e-01	-1.690674e-02
1.478958e-01	-1.306152e-02
1.479167e-01	-9.155273e-03
1.479375e-01	-5.218506e-03
1.479583e-01	-1.281738e-03
1.479792e-01	2.655029e-03
1.480000e-01	6.591797e-03
1.480208e-01	1.052856e-02
1.480417e-01	1.440430e-02
1.480625e-01	1.824951e-02
1.480833e-01	2.200317e-02
1.481042e-01	2.572632e-02
1.481250e-01	2.932739e-02
1.481458e-01	3.283691e-02
1.481667e-01	3.625488e-02
1.481875e-01	3.955078e-02
1.482083e-01	4.269409e-02
1.482292e-01	4.571533e-02
1.482500e-01	4.858398e-02
1.482708e-01	5.130005e-02
1.482917e-01	5.383301e-02
1.483125e-01	5.618286e-02
1.483333e-01	5.834961e-02
1.483542e-01	6.030273e-02
1.483750e-01	6.207275e-02
1.483958e-01	6.365967e-02
1.484167e-01	6.500244e-02
1.484375e-01	6.616211e-02
1.484583e-01	6.707764e-02
1.484792e-01	6.777954e-02
1.485000e-01	6.823730e-02
1.485208e-01	6.851196e-02
1.485417e-01	6.851196e-02
1.485625e-01	6.832886e-02
1.485833e-01	6.787109e-02
1.486042e-01	6.723022e-02
1.486250e-01	6.634521e-02
1.486458e-01	6.524658e-02
1.486667e-01	6.393433e-02
1.486875e-01	6.240845e-02
1.487083e-01	6.066895e-02
1.487292e-01	5.871582e-02
1.487500e-01	5.657959e-02
1.487708e-01	5.426025e-02
1.487917e-01	5.175781e-02
1.488125e-01	4.910278e-02
1.488333e-01	4.626465e-02
1.488542e-01	4.327393e-02
1.488750e-01	4.013062e-02
1.488958e-01	3.686523e-02
1.489167e-01	3.347778e-02
1.489375e-01	2.999878e-02
1.489583e-01	2.639771e-02
1.489792e-01	2.270508e-02
1.490000e-01	1.895142e-02
1.490208e-01	1.510620e-02
1.490417e-01	1.123047e-02
1.490625e-01	7.324219e-03
1.490833e-01	3.387451e-03
1.491042e-01	-5.493164e-04
1.491250e-01	-4.486084e-03
1.491458e-01	-8.422852e-03
1.491667e-01	-1.232910e-02
1.491875e-01	-1.620483e-02
1.492083e-01	-2.001953e-02
1.492292e-01	-2.374268e-02
1.492500e-01	-2.740479e-02
1.492708e-01	-3.097534e-02
1.492917e-01	-3.445435e-02
1.493125e-01	-3.781128e-02
1.493333e-01	-4.104614e-02
1.493542e-01	-4.412842e-02
1.493750e-01	-4.708862e-02
1.493958e-01	-4.986572e-02
1.494167e-01	-5.249023e-02
1.494375e-01	-5.496216e-02
1.494583e-01	-5.722046e-02
1.494792e-01	-5.929565e-02
1.495000e-01	-6.118774e-02
1.495208e-01	-6.286621e-02
1.495417e-01	-6.433105e-02
1.495625e-01	-6.561279e-02
1.495833e-01	-6.665039e-02
1.496042e-01	-6.747437e-02
1.496250e-01	-6.805420e-02
1.496458e-01	-6.842041e-02
1.496667e-01	-6.857300e-02
1.496875e-01	-6.851196e-02
1.497083e-01	-6.817627e-02
1.497292e-01	-6.765747e-02
1.497500e-01	-6.689453e-02
1.497708e-01	-6.591797e-02
1.497917e-01	-6.469727e-02
1.498125e-01	-6.329346e-02
1.498333e-01	-6.167603e-02
1.498542e-01	-5.984497e-02
1.498750e-01	-5.780029e-02
1.498958e-01	-5.560303e-02
1.499167e-01	-5.319214e-02
1.499375e-01	-5.062866e-02
1.499583e-01	-4.788208e-02
1.499792e-01	-4.495239e-02
1.500000e-01	-4.190063e-02
1.500208e-01	-3.869629e-02
1.500417e-01	-3.540039e-02
1.500625e-01	-3.195190e-02
1.500833e-01	-2.841187e-02
1.501042e-01	-2.474976e-02
1.501250e-01	-2.105713e-02
1.501458e-01	-1.724243e-02
1.501667e-01	-1.339722e-02
1.501875e-01	-9.521484e-03
1.502083e-01	-5.584717e-03
1.502292e-01	-1.647949e-03
1.502500e-01	2.319336e-03
1.502708e-01	6.256104e-03
1.502917e-01	1.016235e-02
1.503125e-01	1.403809e-02
1.503333e-01	1.788330e-02
1.503542e-01	2.166748e-02
1.503750e-01	2.539062e-02
1.503958e-01	2.899170e-02
1.504167e-01	3.253174e-02
1.504375e-01	3.594971e-02
1.504583e-01	3.924561e-02
1.504792e-01	4.241943e-02
1.505000e-01	4.544067e-02
1.505208e-01	4.833984e-02
1.505417e-01	5.105591e-02
1.505625e-01	5.358887e-02
1.505833e-01	5.596924e-02
1.506042e-01	5.813599e-02
1.506250e-01	6.015015e-02
1.506458e-01	6.192017e-02
1.506667e-01	6.350708e-02
1.506875e-01	6.491089e-02
1.507083e-01	6.607056e-02
1.507292e-01	6.701660e-02
1.507500e-01	6.771851e-02
1.507708e-01	6.820679e-02
1.507917e-01	6.848145e-02
1.508125e-01	6.854248e-02
1.508333e-01	6.832886e-02
1.508542e-01	6.793213e-02
1.508750e-01	6.729126e-02
1.508958e-01	6.643677e-02
1.509167e-01	6.533813e-02
1.509375e-01	6.405640e-02
1.509583e-01	6.253052e-02
1.509792e-01	6.082153e-02
1.510000e-01	5.889893e-02
1.510208e-01	5.679321e-02
1.510417e-01	5.447388e-02
1.510625e-01	5.200195e-02
1.510833e-01	4.934692e-02
1.511042e-01	4.650879e-02
1.511250e-01	4.354858e-02
1.511458e-01	4.043579e-02
1.511667e-01	3.717041e-02
1.511875e-01	3.378296e-02
1.512083e-01	3.030396e-02
1.512292e-01	2.670288e-02
1.512500e-01	2.304077e-02
1.512708e-01	1.928711e-02
1.512917e-01	1.547241e-02
1.513125e-01	1.159668e-02
1.513333e-01	7.690430e-03
1.513542e-01	3.753662e-03
1.513750e-01	-1.831055e-04
1.513958e-01	-4.150391e-03
1.514167e-01	-8.087158e-03
1.514375e-01	-1.199341e-02
1.514583e-01	-1.583862e-02
1.514792e-01	-1.965332e-02
1.515000e-01	-2.340698e-02
1.515208e-01	-2.706909e-02
1.515417e-01	-3.067017e-02
1.515625e-01	-3.414917e-02
1.515833e-01	-3.750610e-02
1.516042e-01	-4.074097e-02
1.516250e-01	-4.385376e-02
1.516458e-01	-4.681396e-02
1.516667e-01	-4.962158e-02
1.516875e-01	-5.227661e-02
1.517083e-01	-5.474854e-02
1.517292e-01	-5.703735e-02
1.517500e-01	-5.911255e-02
1.517708e-01	-6.103516e-02
1.517917e-01	-6.271362e-02
1.518125e-01	-6.420898e-02
1.518333e-01	-6.549072e-02
1.518542e-01	-6.655884e-02
1.518750e-01	-6.741333e-02
1.518958e-01	-6.802368e-02
1.519167e-01	-6.842041e-02
1.519375e-01	-6.857300e-02
1.519583e-01	-6.851196e-02
1.519792e-01	-6.823730e-02
1.520000e-01	-6.771851e-02
1.520208e-01	-6.698608e-02
1.520417e-01	-6.600952e-02
1.520625e-01	-6.481934e-02
1.520833e-01	-6.344604e-02
1.521042e-01	-6.182861e-02
1.521250e-01	-6.002808e-02
1.521458e-01	-5.801392e-02
1.521667e-01	-5.581665e-02
1.521875e-01	-5.340576e-02
1.522083e-01	-5.084229e-02
1.522292e-01	-4.812622e-02
1.522500e-01	-4.522705e-02
1.522708e-01	-4.217529e-02
1.522917e-01	-3.900146e-02
1.523125e-01	-3.570557e-02
1.523333e-01	-3.225708e-02
1.523542e-01	-2.871704e-02
1.523750e-01	-2.508545e-02
1.523958e-01	-2.139282e-02
1.524167e-01	-1.760864e-02
1.524375e-01	-1.376343e-02
1.524583e-01	-9.857178e-03
1.524792e-01	-5.950928e-03
1.525000e-01	-2.014160e-03
1.525208e-01	1.953125e-03
1.525417e-01	5.889893e-03
1.525625e-01	9.796143e-03
1.525833e-01	1.370239e-02
1.526042e-01	1.754761e-02
1.526250e-01	2.133179e-02
1.526458e-01	2.505493e-02
1.526667e-01	2.868652e-02
1.526875e-01	3.222656e-02
1.527083e-01	3.564453e-02
1.527292e-01	3.894043e-02
1.527500e-01	4.214478e-02
1.527708e-01	4.516602e-02
1.527917e-01	4.806519e-02
1.528125e-01	5.081177e-02
1.528333e-01	5.337524e-02
1.528542e-01	5.575562e-02
1.528750e-01	5.795288e-02
1.528958e-01	5.996704e-02
1.529167e-01	6.176758e-02
1.529375e-01	6.338501e-02
1.529583e-01	6.478882e-02
1.529792e-01	6.597900e-02
1.530000e-01	6.692505e-02
1.530208e-01	6.765747e-02
1.530417e-01	6.817627e-02
1.530625e-01	6.848145e-02
1.530833e-01	6.854248e-02
1.531042e-01	6.835938e-02
1.531250e-01	6.796265e-02
1.531458e-01	6.735229e-02
1.531667e-01	6.652832e-02
1.531875e-01	6.546021e-02
1.532083e-01	6.417847e-02
1.532292e-01	6.268311e-02
1.532500e-01	6.097412e-02
1.532708e-01	5.908203e-02
1.532917e-01	5.697632e-02
1.533125e-01	5.468750e-02
1.533333e-01	5.224609e-02
1.533542e-01	4.959106e-02
1.533750e-01	4.678345e-02
1.533958e-01	4.382324e-02
1.534167e-01	4.071045e-02
1.534375e-01	3.747559e-02
1.534583e-01	3.411865e-02
1.534792e-01	3.063965e-02
1.535000e-01	2.703857e-02
1.535208e-01	2.337646e-02
1.535417e-01	1.962280e-02
1.535625e-01	1.580811e-02
1.535833e-01	1.196289e-02
1.536042e-01	8.056641e-03
1.536250e-01	4.119873e-03
1.536458e-01	1.525879e-04
1.536667e-01	-3.784180e-03
1.536875e-01	-7.720947e-03
1.537083e-01	-1.162720e-02
1.537292e-01	-1.550293e-02
1.537500e-01	-1.931763e-02
1.537708e-01	-2.307129e-02
1.537917e-01	-2.676392e-02
1.538125e-01	-3.033447e-02
1.538333e-01	-3.384399e-02
1.538542e-01	-3.720093e-02
1.538750e-01	-4.046631e-02
1.538958e-01	-4.357910e-02
1.539167e-01	-4.656982e-02
1.539375e-01	-4.937744e-02
1.539583e-01	-5.203247e-02
1.539792e-01	-5.453491e-02
1.540000e-01	-5.682373e-02
1.540208e-01	-5.892944e-02
1.540417e-01	-6.085205e-02
1.540625e-01	-6.259155e-02
1.540833e-01	-6.408691e-02
1.541042e-01	-6.539917e-02
1.541250e-01	-6.646729e-02
1.541458e-01	-6.732178e-02
1.541667e-01	-6.796265e-02
1.541875e-01	-6.838989e-02
1.542083e-01	-6.857300e-02
1.542292e-01	-6.854248e-02
1.542500e-01	-6.826782e-02
1.542708e-01	-6.777954e-02
1.542917e-01	-6.704712e-02
1.543125e-01	-6.610107e-02
1.543333e-01	-6.494141e-02
1.543542e-01	-6.356812e-02
1.543750e-01	-6.198120e-02
1.543958e-01	-6.018066e-02
1.544167e-01	-5.819702e-02
1.544375e-01	-5.603027e-02
1.544583e-01	-5.364990e-02
1.544792e-01	-5.108643e-02
1.545000e-01	-4.837036e-02
1.545208e-01	-4.550171e-02
1.545417e-01	-4.248047e-02
1.545625e-01	-3.930664e-02
1.545833e-01	-3.601074e-02
1.546042e-01	-3.259277e-02
1.546250e-01	-2.905273e-02
1.546458e-01	-2.542114e-02
1.546667e-01	-2.172852e-02
1.546875e-01	-1.794434e-02
1.547083e-01	-1.409912e-02
1.547292e-01	-1.022339e-02
1.547500e-01	-6.286621e-03
1.547708e-01	-2.349854e-03
1.547917e-01	1.586914e-03
1.548125e-01	5.523682e-03
1.548333e-01	9.460449e-03
1.548542e-01	1.333618e-02
1.548750e-01	1.721191e-02
1.548958e-01	2.099609e-02
1.549167e-01	2.471924e-02
1.549375e-01	2.835083e-02
1.549583e-01	3.189087e-02
1.549792e-01	3.533936e-02
1.550000e-01	3.866577e-02
1.550208e-01	4.183960e-02
1.550417e-01	4.492188e-02
1.550625e-01	4.782104e-02
1.550833e-01	5.056763e-02
1.551042e-01	5.313110e-02
1.551250e-01	5.554199e-02
1.551458e-01	5.776978e-02
1.551667e-01	5.978394e-02
1.551875e-01	6.161499e-02
1.552083e-01	6.326294e-02
1.552292e-01	6.466675e-02
1.552500e-01	6.585693e-02
1.552708e-01	6.686401e-02
1.552917e-01	6.759644e-02
1.553125e-01	6.814575e-02
1.553333e-01	6.845093e-02
1.553542e-01	6.854248e-02
1.553750e-01	6.838989e-02
1.553958e-01	6.802368e-02
1.554167e-01	6.741333e-02
1.554375e-01	6.658936e-02
1.554583e-01	6.555176e-02
1.554792e-01	6.430054e-02
1.555000e-01	6.283569e-02
1.555208e-01	6.115723e-02
1.555417e-01	5.926514e-02
1.555625e-01	5.718994e-02
1.555833e-01	5.490112e-02
1.556042e-01	5.245972e-02
1.556250e-01	4.983521e-02
1.556458e-01	4.705811e-02
1.556667e-01	4.409790e-02
1.556875e-01	4.101562e-02
1.557083e-01	3.778076e-02
1.557292e-01	3.442383e-02
1.557500e-01	3.094482e-02
1.557708e-01	2.737427e-02
1.557917e-01	2.371216e-02
1.558125e-01	1.995850e-02
1.558333e-01	1.617432e-02
1.558542e-01	1.229858e-02
1.558750e-01	8.392334e-03
1.558958e-01	4.455566e-03
1.559167e-01	5.187988e-04
1.559375e-01	-3.417969e-03
1.559583e-01	-7.354736e-03
1.559792e-01	-1.126099e-02
1.560000e-01	-1.513672e-02
1.560208e-01	-1.898193e-02
1.560417e-01	-2.273560e-02
1.560625e-01	-2.642822e-02
1.560833e-01	-3.002930e-02
1.561042e-01	-3.350830e-02
1.561250e-01	-3.689575e-02
1.561458e-01	-4.016113e-02
1.561667e-01	-4.330444e-02
1.561875e-01	-4.629517e-02
1.562083e-01	-4.913330e-02
1.562292e-01	-5.178833e-02
1.562500e-01	-5.429077e-02
1.562708e-01	-5.661011e-02
1.562917e-01	-5.874634e-02
1.563125e-01	-6.069946e-02
1.563333e-01	-6.243896e-02
1.563542e-01	-6.396484e-02
1.563750e-01	-6.527710e-02
1.563958e-01	-6.637573e-02
1.564167e-01	-6.726074e-02
1.564375e-01	-6.793213e-02
1.564583e-01	-6.835938e-02
1.564792e-01	-6.857300e-02
1.565000e-01	-6.854248e-02
1.565208e-01	-6.829834e-02
1.565417e-01	-6.781006e-02
1.565625e-01	-6.713867e-02
1.565833e-01	-6.619263e-02
1.566042e-01	-6.506348e-02
1.566250e-01	-6.369019e-02
1.566458e-01	-6.213379e-02
1.566667e-01	-6.036377e-02
1.566875e-01	-5.838013e-02
1.567083e-01	-5.621338e-02
1.567292e-01	-5.386353e-02
1.567500e-01	-5.133057e-02
1.567708e-01	-4.864502e-02
1.567917e-01	-4.577637e-02
1.568125e-01	-4.275513e-02
1.568333e-01	-3.958130e-02
1.568542e-01	-3.631592e-02
1.568750e-01	-3.289795e-02
1.568958e-01	-2.938843e-02
1.569167e-01	-2.575684e-02
1.569375e-01	-2.206421e-02
1.569583e-01	-1.828003e-02
1.569792e-01	-1.446533e-02
1.570000e-01	-1.055908e-02
1.570208e-01	-6.652832e-03
1.570417e-01	-2.716064e-03
1.570625e-01	1.220703e-03
1.570833e-01	5.187988e-03
1.571042e-01	9.094238e-03
1.571250e-01	1.300049e-02
1.571458e-01	1.684570e-02
1.571667e-01	2.066040e-02
1.571875e-01	2.438354e-02
1.572083e-01	2.801514e-02
1.572292e-01	3.158569e-02
1.572500e-01	3.503418e-02
1.572708e-01	3.836060e-02
1.572917e-01	4.156494e-02
1.573125e-01	4.464722e-02
1.573333e-01	4.754639e-02
1.573542e-01	5.032349e-02
1.573750e-01	5.291748e-02
1.573958e-01	5.532837e-02
1.574167e-01	5.758667e-02
1.574375e-01	5.963135e-02
1.574583e-01	6.146240e-02
1.574792e-01	6.311035e-02
1.575000e-01	6.454468e-02
1.575208e-01	6.576538e-02
1.575417e-01	6.677246e-02
1.575625e-01	6.753540e-02
1.575833e-01	6.811523e-02
1.576042e-01	6.842041e-02
1.576250e-01	6.854248e-02
1.576458e-01	6.842041e-02
1.576667e-01	6.805420e-02
1.576875e-01	6.747437e-02
1.577083e-01	6.668091e-02
1.577292e-01	6.567383e-02
1.577500e-01	6.442261e-02
1.577708e-01	6.298828e-02
1.577917e-01	6.130981e-02
1.578125e-01	5.944824e-02
1.578333e-01	5.737305e-02
1.578542e-01	5.514526e-02
1.578750e-01	5.270386e-02
1.578958e-01	5.007935e-02
1.579167e-01	4.730225e-02
1.579375e-01	4.437256e-02
1.579583e-01	4.129028e-02
1.579792e-01	3.808594e-02
1.580000e-01	3.472900e-02
1.580208e-01	3.128052e-02
1.580417e-01	2.770996e-02
1.580625e-01	2.404785e-02
1.580833e-01	2.032471e-02
1.581042e-01	1.651001e-02
1.581250e-01	1.266479e-02
1.581458e-01	8.758545e-03
1.581667e-01	4.821777e-03
1.581875e-01	8.850098e-04
1.582083e-01	-3.082275e-03
1.582292e-01	-7.019043e-03
1.582500e-01	-1.092529e-02
1.582708e-01	-1.480103e-02
1.582917e-01	-1.861572e-02
1.583125e-01	-2.239990e-02
1.583333e-01	-2.609253e-02
1.583542e-01	-2.969360e-02
1.583750e-01	-3.320312e-02
1.583958e-01	-3.659058e-02
1.584167e-01	-3.988647e-02
1.584375e-01	-4.302979e-02
1.584583e-01	-4.602051e-02
1.584792e-01	-4.888916e-02
1.585000e-01	-5.157471e-02
1.585208e-01	-5.407715e-02
1.585417e-01	-5.642700e-02
1.585625e-01	-5.856323e-02
1.585833e-01	-6.051636e-02
1.586042e-01	-6.228638e-02
1.586250e-01	-6.384277e-02
1.586458e-01	-6.515503e-02
1.586667e-01	-6.628418e-02
1.586875e-01	-6.719971e-02
1.587083e-01	-6.787109e-02
1.587292e-01	-6.832886e-02
1.587500e-01	-6.854248e-02
1.587708e-01	-6.854248e-02
1.587917e-01	-6.832886e-02
1.588125e-01	-6.787109e-02
1.588333e-01	-6.719971e-02
1.588542e-01	-6.628418e-02
1.588750e-01	-6.518555e-02
1.588958e-01	-6.384277e-02
1.589167e-01	-6.228638e-02
1.589375e-01	-6.051636e-02
1.589583e-01	-5.856323e-02
1.589792e-01	-5.642700e-02
1.590000e-01	-5.407715e-02
1.590208e-01	-5.157471e-02
1.590417e-01	-4.888916e-02
1.590625e-01	-4.602051e-02
1.590833e-01	-4.302979e-02
1.591042e-01	-3.988647e-02
1.591250e-01	-3.662109e-02
1.591458e-01	-3.320312e-02
1.591667e-01	-2.969360e-02
1.591875e-01	-2.609253e-02
1.592083e-01	-2.239990e-02
1.592292e-01	-1.864624e-02
1.592500e-01	-1.480103e-02
1.592708e-01	-1.092529e-02
1.592917e-01	-7.019043e-03
1.593125e-01	-3.082275e-03
1.593333e-01	8.850098e-04
1.593542e-01	4.821777e-03
1.593750e-01	8.758545e-03
1.593958e-01	1.263428e-02
1.594167e-01	1.651001e-02
1.594375e-01	2.029419e-02
1.594583e-01	2.404785e-02
1.594792e-01	2.770996e-02
1.595000e-01	3.125000e-02
1.595208e-01	3.472900e-02
1.595417e-01	3.805542e-02
1.595625e-01	4.129028e-02
1.595833e-01	4.437256e-02
1.596042e-01	4.730225e-02
1.596250e-01	5.007935e-02
1.596458e-01	5.267334e-02
1.596667e-01	5.511475e-02
1.596875e-01	5.737305e-02
1.597083e-01	5.944824e-02
1.597292e-01	6.130981e-02
1.597500e-01	6.295776e-02
1.597708e-01	6.442261e-02
1.597917e-01	6.567383e-02
1.598125e-01	6.668091e-02
1.598333e-01	6.747437e-02
1.598542e-01	6.805420e-02
1.598750e-01	6.842041e-02
1.598958e-01	6.854248e-02
1.599167e-01	6.845093e-02
1.599375e-01	6.811523e-02
1.599583e-01	6.753540e-02
1.599792e-01	6.677246e-02
1.600000e-01	6.576538e-02
1.600208e-01	6.454468e-02
1.600417e-01	6.311035e-02
1.600625e-01	6.146240e-02
1.600833e-01	5.963135e-02
1.601042e-01	5.758667e-02
1.601250e-01	5.532837e-02
1.601458e-01	5.291748e-02
1.601667e-01	5.032349e-02
1.601875e-01	4.757690e-02
1.602083e-01	4.464722e-02
1.602292e-01	4.156494e-02
1.602500e-01	3.836060e-02
1.602708e-01	3.503418e-02
1.602917e-01	3.158569e-02
1.603125e-01	2.804565e-02
1.603333e-01	2.438354e-02
1.603542e-01	2.066040e-02
1.603750e-01	1.684570e-02
1.603958e-01	1.300049e-02
1.604167e-01	9.094238e-03
1.604375e-01	5.187988e-03
1.604583e-01	1.251221e-03
1.604792e-01	-2.716064e-03
1.605000e-01	-6.652832e-03
1.605208e-01	-1.055908e-02
1.605417e-01	-1.443481e-02
1.605625e-01	-1.828003e-02
1.605833e-01	-2.206421e-02
1.606042e-01	-2.575684e-02
1.606250e-01	-2.935791e-02
1.606458e-01	-3.289795e-02
1.606667e-01	-3.628540e-02
1.606875e-01	-3.958130e-02
1.607083e-01	-4.275513e-02
1.607292e-01	-4.574585e-02
1.607500e-01	-4.861450e-02
1.607708e-01	-5.133057e-02
1.607917e-01	-5.386353e-02
1.608125e-01	-5.621338e-02
1.608333e-01	-5.838013e-02
1.608542e-01	-6.036377e-02
1.608750e-01	-6.213379e-02
1.608958e-01	-6.369019e-02
1.609167e-01	-6.506348e-02
1.609375e-01	-6.619263e-02
1.609583e-01	-6.710815e-02
1.609792e-01	-6.781006e-02
1.610000e-01	-6.829834e-02
1.610208e-01	-6.854248e-02
1.610417e-01	-6.857300e-02
1.610625e-01	-6.835938e-02
1.610833e-01	-6.793213e-02
1.611042e-01	-6.726074e-02
1.611250e-01	-6.637573e-02
1.611458e-01	-6.527710e-02
1.611667e-01	-6.396484e-02
1.611875e-01	-6.243896e-02
1.612083e-01	-6.069946e-02
1.612292e-01	-5.877686e-02
1.612500e-01	-5.664062e-02
1.612708e-01	-5.432129e-02
1.612917e-01	-5.181885e-02
1.613125e-01	-4.913330e-02
1.613333e-01	-4.629517e-02
1.613542e-01	-4.330444e-02
1.613750e-01	-4.019165e-02
1.613958e-01	-3.692627e-02
1.614167e-01	-3.353882e-02
1.614375e-01	-3.002930e-02
1.614583e-01	-2.642822e-02
1.614792e-01	-2.273560e-02
1.615000e-01	-1.898193e-02
1.615208e-01	-1.516724e-02
1.615417e-01	-1.129150e-02
1.615625e-01	-7.385254e-03
1.615833e-01	-3.448486e-03
1.616042e-01	5.187988e-04
1.616250e-01	4.455566e-03
1.616458e-01	8.392334e-03
1.616667e-01	1.229858e-02
1.616875e-01	1.614380e-02
1.617083e-01	1.995850e-02
1.617292e-01	2.371216e-02
1.617500e-01	2.737427e-02
1.617708e-01	3.094482e-02
1.617917e-01	3.442383e-02
1.618125e-01	3.778076e-02
1.618333e-01	4.098511e-02
1.618542e-01	4.409790e-02
1.618750e-01	4.702759e-02
1.618958e-01	4.983521e-02
1.619167e-01	5.245972e-02
1.619375e-01	5.490112e-02
1.619583e-01	5.718994e-02
1.619792e-01	5.926514e-02
1.620000e-01	6.115723e-02
1.620208e-01	6.283569e-02
1.620417e-01	6.430054e-02
1.620625e-01	6.555176e-02
1.620833e-01	6.658936e-02
1.621042e-01	6.741333e-02
1.621250e-01	6.802368e-02
1.621458e-01	6.838989e-02
1.621667e-01	6.854248e-02
1.621875e-01	6.845093e-02
1.622083e-01	6.814575e-02
1.622292e-01	6.759644e-02
1.622500e-01	6.686401e-02
1.622708e-01	6.585693e-02
1.622917e-01	6.466675e-02
1.623125e-01	6.326294e-02
1.623333e-01	6.161499e-02
1.623542e-01	5.981445e-02
1.623750e-01	5.776978e-02
1.623958e-01	5.554199e-02
1.624167e-01	5.316162e-02
1.624375e-01	5.056763e-02
1.624583e-01	4.782104e-02
1.624792e-01	4.492188e-02
1.625000e-01	4.187012e-02
1.625208e-01	3.866577e-02
1.625417e-01	3.533936e-02
1.625625e-01	3.192139e-02
1.625833e-01	2.835083e-02
1.626042e-01	2.471924e-02
1.626250e-01	2.099609e-02
1.626458e-01	1.721191e-02
1.626667e-01	1.336670e-02
1.626875e-01	9.460449e-03
1.627083e-01	5.554199e-03
1.627292e-01	1.586914e-03
1.627500e-01	-2.349854e-03
1.627708e-01	-6.286621e-03
1.627917e-01	-1.019287e-02
1.628125e-01	-1.409912e-02
1.628333e-01	-1.794434e-02
1.628542e-01	-2.172852e-02
1.628750e-01	-2.542114e-02
1.628958e-01	-2.905273e-02
1.629167e-01	-3.256226e-02
1.629375e-01	-3.598022e-02
1.629583e-01	-3.930664e-02
1.629792e-01	-4.244995e-02
1.630000e-01	-4.550171e-02
1.630208e-01	-4.837036e-02
1.630417e-01	-5.108643e-02
1.630625e-01	-5.361938e-02
1.630833e-01	-5.599976e-02
1.631042e-01	-5.819702e-02
1.631250e-01	-6.018066e-02
1.631458e-01	-6.198120e-02
1.631667e-01	-6.356812e-02
1.631875e-01	-6.494141e-02
1.632083e-01	-6.610107e-02
1.632292e-01	-6.704712e-02
1.632500e-01	-6.777954e-02
1.632708e-01	-6.826782e-02
1.632917e-01	-6.854248e-02
1.633125e-01	-6.857300e-02
1.633333e-01	-6.838989e-02
1.633542e-01	-6.796265e-02
1.633750e-01	-6.732178e-02
1.633958e-01	-6.646729e-02
1.634167e-01	-6.539917e-02
1.634375e-01	-6.408691e-02
1.634583e-01	-6.259155e-02
1.634792e-01	-6.085205e-02
1.635000e-01	-5.892944e-02
1.635208e-01	-5.682373e-02
1.635417e-01	-5.453491e-02
1.635625e-01	-5.203247e-02
1.635833e-01	-4.937744e-02
1.636042e-01	-4.656982e-02
1.636250e-01	-4.357910e-02
1.636458e-01	-4.046631e-02
1.636667e-01	-3.723145e-02
1.636875e-01	-3.384399e-02
1.637083e-01	-3.036499e-02
1.637292e-01	-2.676392e-02
1.637500e-01	-2.307129e-02
1.637708e-01	-1.931763e-02
1.637917e-01	-1.550293e-02
1.638125e-01	-1.162720e-02
1.638333e-01	-7.720947e-03
1.638542e-01	-3.784180e-03
1.638750e-01	1.525879e-04
1.638958e-01	4.089355e-03
1.639167e-01	8.026123e-03
1.639375e-01	1.193237e-02
1.639583e-01	1.580811e-02
1.639792e-01	1.962280e-02
1.640000e-01	2.337646e-02
1.640208e-01	2.703857e-02
1.640417e-01	3.060913e-02
1.640625e-01	3.408813e-02
1.640833e-01	3.747559e-02
1.641042e-01	4.071045e-02
1.641250e-01	4.382324e-02
1.641458e-01	4.678345e-02
1.641667e-01	4.959106e-02
1.641875e-01	5.221558e-02
1.642083e-01	5.468750e-02
1.642292e-01	5.697632e-02
1.642500e-01	5.908203e-02
1.642708e-01	6.097412e-02
1.642917e-01	6.268311e-02
1.643125e-01	6.417847e-02
1.643333e-01	6.546021e-02
1.643542e-01	6.652832e-02
1.643750e-01	6.735229e-02
1.643958e-01	6.796265e-02
1.644167e-01	6.835938e-02
1.644375e-01	6.854248e-02
1.644583e-01	6.848145e-02
1.644792e-01	6.817627e-02
1.645000e-01	6.765747e-02
1.645208e-01	6.692505e-02
1.645417e-01	6.597900e-02
1.645625e-01	6.478882e-02
1.645833e-01	6.338501e-02
1.646042e-01	6.179810e-02
1.646250e-01	5.996704e-02
1.646458e-01	5.795288e-02
1.646667e-01	5.575562e-02
1.646875e-01	5.337524e-02
1.647083e-01	5.081177e-02
1.647292e-01	4.806519e-02
1.647500e-01	4.519653e-02
1.647708e-01	4.214478e-02
1.647917e-01	3.897095e-02
1.648125e-01	3.564453e-02
1.648333e-01	3.222656e-02
1.648542e-01	2.868652e-02
1.648750e-01	2.505493e-02
1.648958e-01	2.133179e-02
1.649167e-01	1.754761e-02
1.649375e-01	1.370239e-02
1.649583e-01	9.826660e-03
1.649792e-01	5.889893e-03
1.650000e-01	1.953125e-03
1.650208e-01	-1.983643e-03
1.650417e-01	-5.920410e-03
1.650625e-01	-9.857178e-03
1.650833e-01	-1.373291e-02
1.651042e-01	-1.757812e-02
1.651250e-01	-2.136230e-02
1.651458e-01	-2.508545e-02
1.651667e-01	-2.871704e-02
1.651875e-01	-3.225708e-02
1.652083e-01	-3.567505e-02
1.652292e-01	-3.900146e-02
1.652500e-01	-4.217529e-02
1.652708e-01	-4.522705e-02
1.652917e-01	-4.812622e-02
1.653125e-01	-5.084229e-02
1.653333e-01	-5.340576e-02
1.653542e-01	-5.578613e-02
1.653750e-01	-5.801392e-02
1.653958e-01	-5.999756e-02
1.654167e-01	-6.182861e-02
1.654375e-01	-6.341553e-02
1.654583e-01	-6.481934e-02
1.654792e-01	-6.600952e-02
1.655000e-01	-6.695557e-02
1.655208e-01	-6.771851e-02
1.655417e-01	-6.823730e-02
1.655625e-01	-6.851196e-02
1.655833e-01	-6.857300e-02
1.656042e-01	-6.842041e-02
1.656250e-01	-6.802368e-02
1.656458e-01	-6.741333e-02
1.656667e-01	-6.655884e-02
1.656875e-01	-6.549072e-02
1.657083e-01	-6.420898e-02
1.657292e-01	-6.274414e-02
1.657500e-01	-6.103516e-02
1.657708e-01	-5.914307e-02
1.657917e-01	-5.703735e-02
1.658125e-01	-5.474854e-02
1.658333e-01	-5.227661e-02
1.658542e-01	-4.962158e-02
1.658750e-01	-4.681396e-02
1.658958e-01	-4.385376e-02
1.659167e-01	-4.077148e-02
1.659375e-01	-3.750610e-02
1.659583e-01	-3.414917e-02
1.659792e-01	-3.067017e-02
1.660000e-01	-2.709961e-02
1.660208e-01	-2.340698e-02
1.660417e-01	-1.968384e-02
1.660625e-01	-1.586914e-02
1.660833e-01	-1.199341e-02
1.661042e-01	-8.087158e-03
1.661250e-01	-4.150391e-03
1.661458e-01	-2.136230e-04
1.661667e-01	3.753662e-03
1.661875e-01	7.690430e-03
1.662083e-01	1.159668e-02
1.662292e-01	1.544189e-02
1.662500e-01	1.928711e-02
1.662708e-01	2.304077e-02
1.662917e-01	2.670288e-02
1.663125e-01	3.030396e-02
1.663333e-01	3.378296e-02
1.663542e-01	3.717041e-02
1.663750e-01	4.040527e-02
1.663958e-01	4.354858e-02
1.664167e-01	4.650879e-02
1.664375e-01	4.934692e-02
1.664583e-01	5.200195e-02
1.664792e-01	5.447388e-02
1.665000e-01	5.679321e-02
1.665208e-01	5.889893e-02
1.665417e-01	6.082153e-02
1.665625e-01	6.253052e-02
1.665833e-01	6.405640e-02
1.666042e-01	6.533813e-02
1.666250e-01	6.643677e-02
1.666458e-01	6.729126e-02
1.666667e-01	6.793213e-02
1.666875e-01	6.832886e-02
1.667083e-01	6.854248e-02
1.667292e-01	6.848145e-02
1.667500e-01	6.820679e-02
1.667708e-01	6.771851e-02
1.667917e-01	6.701660e-02
1.668125e-01	6.607056e-02
1.668333e-01	6.491089e-02
1.668542e-01	6.353760e-02
1.668750e-01	6.195068e-02
1.668958e-01	6.015015e-02
1.669167e-01	5.816650e-02
1.669375e-01	5.596924e-02
1.669583e-01	5.380249e-02
1.669792e-01	5.148315e-02
1.670000e-01	4.898071e-02
1.670208e-01	4.629517e-02
1.670417e-01	4.348755e-02
1.670625e-01	4.049683e-02
1.670833e-01	3.741455e-02
1.671042e-01	3.439331e-02
1.671250e-01	3.128052e-02
1.671458e-01	2.807617e-02
1.671667e-01	2.474976e-02
1.671875e-01	2.136230e-02
1.672083e-01	1.791382e-02
1.672292e-01	1.437378e-02
1.672500e-01	1.080322e-02
1.672708e-01	7.202148e-03
1.672917e-01	3.570557e-03
1.673125e-01	-9.155273e-05
1.673333e-01	-3.723145e-03
1.673542e-01	-6.835938e-03
1.673750e-01	-9.948730e-03
1.673958e-01	-1.300049e-02
1.674167e-01	-1.602173e-02
1.674375e-01	-1.898193e-02
1.674583e-01	-2.191162e-02
1.674792e-01	-2.474976e-02
1.675000e-01	-2.703857e-02
1.675208e-01	-2.923584e-02
1.675417e-01	-3.137207e-02
1.675625e-01	-3.335571e-02
1.675833e-01	-3.527832e-02
1.676042e-01	-3.698730e-02
1.676250e-01	-3.860474e-02
1.676458e-01	-4.003906e-02
1.676667e-01	-4.129028e-02
1.676875e-01	-4.244995e-02
1.677083e-01	-4.345703e-02
1.677292e-01	-4.431152e-02
1.677500e-01	-4.476929e-02
1.677708e-01	-4.507446e-02
1.677917e-01	-4.522705e-02
1.678125e-01	-4.522705e-02
1.678333e-01	-4.507446e-02
1.678542e-01	-4.479980e-02
1.678750e-01	-4.434204e-02
1.678958e-01	-4.354858e-02
1.679167e-01	-4.263306e-02
1.679375e-01	-4.153442e-02
1.679583e-01	-4.034424e-02
1.679792e-01	-3.897095e-02
1.680000e-01	-3.750610e-02
1.680208e-01	-3.588867e-02
1.680417e-01	-3.414917e-02
1.680625e-01	-3.225708e-02
1.680833e-01	-3.024292e-02
1.681042e-01	-2.816772e-02
1.681250e-01	-2.597046e-02
1.681458e-01	-2.371216e-02
1.681667e-01	-2.136230e-02
1.681875e-01	-1.895142e-02
1.682083e-01	-1.644897e-02
1.682292e-01	-1.391602e-02
1.682500e-01	-1.132202e-02
1.682708e-01	-8.697510e-03
1.682917e-01	-6.042480e-03
1.683125e-01	-3.387451e-03
1.683333e-01	-7.019043e-04
1.683542e-01	2.014160e-03
1.683750e-01	4.669189e-03
1.683958e-01	7.354736e-03
1.684167e-01	9.979248e-03
1.684375e-01	1.260376e-02
1.684583e-01	1.516724e-02
1.684792e-01	1.766968e-02
1.685000e-01	2.011108e-02
1.685208e-01	2.252197e-02
1.685417e-01	2.484131e-02
1.685625e-01	2.706909e-02
1.685833e-01	2.920532e-02
1.686042e-01	3.125000e-02
1.686250e-01	3.320312e-02
1.686458e-01	3.503418e-02
1.686667e-01	3.674316e-02
1.686875e-01	3.833008e-02
1.687083e-01	3.979492e-02
1.687292e-01	4.113770e-02
1.687500e-01	4.232788e-02
1.687708e-01	4.339600e-02
1.687917e-01	4.428101e-02
1.688125e-01	4.507446e-02
1.688333e-01	4.568481e-02
1.688542e-01	4.614258e-02
1.688750e-01	4.644775e-02
1.688958e-01	4.660034e-02
1.689167e-01	4.663086e-02
1.689375e-01	4.647827e-02
1.689583e-01	4.617310e-02
1.689792e-01	4.571533e-02
1.690000e-01	4.510498e-02
1.690208e-01	4.434204e-02
1.690417e-01	4.342651e-02
1.690625e-01	4.238892e-02
1.690833e-01	4.116821e-02
1.691042e-01	3.985596e-02
1.691250e-01	3.839111e-02
1.691458e-01	3.680420e-02
1.691667e-01	3.509521e-02
1.691875e-01	3.326416e-02
1.692083e-01	3.134155e-02
1.692292e-01	2.929688e-02
1.692500e-01	2.716064e-02
1.692708e-01	2.493286e-02
1.692917e-01	2.261353e-02
1.693125e-01	2.023315e-02
1.693333e-01	1.776123e-02
1.693542e-01	1.525879e-02
1.693750e-01	1.269531e-02
1.693958e-01	1.010132e-02
1.694167e-01	7.446289e-03
1.694375e-01	4.791260e-03
1.694583e-01	2.105713e-03
1.694792e-01	-5.798340e-04
1.695000e-01	-3.265381e-03
1.695208e-01	-5.950928e-03
1.695417e-01	-8.575439e-03
1.695625e-01	-1.123047e-02
1.695833e-01	-1.379395e-02
1.696042e-01	-1.635742e-02
1.696250e-01	-1.882935e-02
1.696458e-01	-2.127075e-02
1.696667e-01	-2.362061e-02
1.696875e-01	-2.590942e-02
1.697083e-01	-2.807617e-02
1.697292e-01	-3.018188e-02
1.697500e-01	-3.219604e-02
1.697708e-01	-3.408813e-02
1.697917e-01	-3.585815e-02
1.698125e-01	-3.753662e-02
1.698333e-01	-3.906250e-02
1.698542e-01	-4.046631e-02
1.698750e-01	-4.174805e-02
1.698958e-01	-4.287720e-02
1.699167e-01	-4.385376e-02
1.699375e-01	-4.470825e-02
1.699583e-01	-4.541016e-02
1.699792e-01	-4.595947e-02
1.700000e-01	-4.635620e-02
1.700208e-01	-4.660034e-02
1.700417e-01	-4.669189e-02
1.700625e-01	-4.660034e-02
1.700833e-01	-4.638672e-02
1.701042e-01	-4.602051e-02
1.701250e-01	-4.550171e-02
1.701458e-01	-4.479980e-02
1.701667e-01	-4.397583e-02
1.701875e-01	-4.299927e-02
1.702083e-01	-4.190063e-02
1.702292e-01	-4.064941e-02
1.702500e-01	-3.924561e-02
1.702708e-01	-3.771973e-02
1.702917e-01	-3.607178e-02
1.703125e-01	-3.433228e-02
1.703333e-01	-3.244019e-02
1.703542e-01	-3.045654e-02
1.703750e-01	-2.838135e-02
1.703958e-01	-2.618408e-02
1.704167e-01	-2.392578e-02
1.704375e-01	-2.157593e-02
1.704583e-01	-1.916504e-02
1.704792e-01	-1.669312e-02
1.705000e-01	-1.412964e-02
1.705208e-01	-1.156616e-02
1.705417e-01	-8.941650e-03
1.705625e-01	-6.286621e-03
1.705833e-01	-3.601074e-03
1.706042e-01	-9.155273e-04
1.706250e-01	1.739502e-03
1.706458e-01	4.425049e-03
